artist,title,year,score,in_pool
Beth Gibbons,Lives Outgrown,2024,100,true
Bob Marley,Legend,1980,100,true
Bon Iver,"For Emma, Forever Ago",2008,100,true
Caribou,Our Love,2014,100,true
Coldplay,Viva La Vida or Death and All His Friends,2008,100,true
Deafheaven,Lonely People With Power,2025,100,true
Denzel Curry,ZUU,2019,100,true
Father John Misty,"I Love You, Honeybear",2015,100,true
"Floating Points, Pharoah Sanders",Promises,2021,100,true
Flotation Toy Warning,Bluffer's guide to the flight deck,2024,100,true
Franz Ferdinand,Franz Ferdinand,2004,100,true
Freddie Gibs & Madlib,Piñata,2014,100,true
Godspeed You Black Emperor,Lift Your Skinny Fists Like Antennas to Heaven,2000,100,true
Have a Nice Life,Deathconsciousness,2008,100,true
Gorilaz,The Mountain,2025,100,true
underscores,U,2025,100,true
Imperial Triumphant,Goldstar,2025,100,true
Infinity Knives & Brian Ennals,A City Drowned in God's Black Tears,2025,100,true
James Blake,Friends That Break Your Heart,2021,100,true
John Coltrane,A Love Supreme,1965,100,true
John Coltrane,Blue Train,1957,100,true
Jon Hopkins,Immunity,2013,100,true
Kendrick Lamar,To Pimp a Butterfly,2015,100,true
Kendrick Lamar,Good Kid M.A.A.D City,2012,100,true
Kero Kero Bonito,Time 'n' Place,2018,100,true
King Gizzard & The Lizard Wizard,"PetroDragonic Apocalypse; or, Dawn of the Eternal Night: An Anihilation of Planet Earth and the Beginning of Merciless Damnation",2023,100,true
Linkin Park,Reanimation,2001,100,true
Mount Eerie,A Crow Looked At Me,2017,100,true
Muse,Black Holes and Revelations,2006,100,true
Nick Cave & The Bad Seeds,Skeleton Tree,2016,100,true
Nick Cave & The Bad Seeds,Abattoir Blues,2004,100,true
Opeth,Blackwater Park,2001,100,true
Parquet Courts,Wide Awake,2018,100,true
Pavement,Quarantine the Past: The Best of Pavement (First Half),2010,100,true
Pavement,Quarantine the Past: The Best of Pavement (Second Half),2010,100,true
Pavement,"Crooked Rain, Crooked Rain",1994,100,true
Poppy,CHOKE,2019,100,true
Portishead,Third (Portishead),2008,100,true
Sleep,Dopesmoker,2003,100,true
Songs: Ohia,The Magnolia Electric Co.,2003,100,true
Sun Kil Moon,Benji,2014,100,true
The Beatles,1967-1970 Disc 1,1973,100,true
The Beatles,1967-1970 Disc 2,1973,100,true
The Beatles,Abbey Road,1969,100,true
The Beatles,The Beatles (White Album) [2018 Mix],1968,100,true
The Beatles,Sgt. Pepper's Lonely Hearts Club Band,1967,100,true
The Cure,Disintegration,1989,100,true
The Microphones,The Glow Pt. 2,2001,100,true
The Voidz,Virtue,2018,100,true
"Tyler, The Creator",IGOR,2019,100,true
Simon & Garfunkel,Bridge over Troubled Water,1970,100,true
Beck,Odelay,1996,100,true
My Chemical Romance,The Black Parade,2006,100,true
Takagi Masakatsu,かがやき (Kagayaki),2014,100,true
The Cardigans,First Band on the Moon,1995,100,true
The Caretaker,Everywhere at The End of Time - Stage 6,2019,100,true
The Caretaker,Everywhere at The End of Time - Stage 3,2017,100,true
The Caretaker,Everywhere at The End of Time,2016,100,true
The Flaming Lips,Embryonic,2009,100,true
Bon Iver,Blood Bank EP,2009,95,true
caroline,caroline 2,2025,95,true
Coldplay,A Rush of Blood to the Head,2002,95,true
Daughters,Daughters,2010,95,true
Godspeed You Black Emperor,Yanqui U.X.O,2002,95,true
Godspeed You Black Emperor,F♯ A♯ ∞,1997,95,true
Jamie xx,In Colour,2015,95,true
John Coltrane,My Favorite Things,1961,95,true
JPEGMAFIA,All My Heroes Are Cornballs,2019,95,true
Kendrick Lamar,DAMN.,2017,95,true
King Gizzard & The Lizard Wizard,Omnium Gatherum,2022,95,true
King Gizzard & The Lizard Wizard,Infest the Rats' Nest,2019,95,true
King Gizzard & The Lizard Wizard,Nonagon Infinity,2016,95,true
Laura Marling,Song for Our Daughter,2020,95,true
Lupe Fiasco,Food & Liquor,2006,95,true
Mount Eerie,Night Palace,2024,95,true
Nails,You Will Never Be One of Us,2016,95,true
Nick Cave & The Bad Seeds,The Lyre Of Orpheus,2004,95,true
Opeth,Ghost Reveries,2005,95,true
Os Mutantes,Os Mutantes,1968,95,true
Sampha,Lahai,2023,95,true
The Beatles,Let It Be... Naked,2003,95,true
The Beatles,Magical Mystery Tour,1967,95,true
The Beatles,Revolver,1966,95,true
Underworld,Second Toughest in the Infants,1996,95,true
Elliott Smith,XO,1998,95,true
Ulver,Bergtatt - Et eeventyr i 5 capitler,1995,95,true
A Silver Mt. Zion,He Has Left Us Alone but Shafts of Light Sometimes Grace the Corner of Our Rooms…,2000,90,true
Agalloch,The Mantle,2002,90,true
Billie Eilish,"WHEN WE ALL FALL ASLEEP, WHERE DO WE GO?",2019,90,true
black midi,Schlagenheim,2019,90,true
Bon Iver,Bon Iver,2011,90,true
Bright Eyes,"Lifted or The Story Is in the Soil, Keep Your Ear to the Ground",2002,90,true
Cage The Elephant,Melophobia,2013,90,true
Charli XCX,How I´m Feeling Now,2020,90,true
Chat Pile,God's Country,2022,90,true
Coldplay,X&Y,2005,90,true
Denzel Curry,Melt my Eyes See Your Future,2022,90,true
Freddie Gibs & The Alchemist,Alfredo,2020,90,true
Godspeed You Black Emperor,Allelujah! Don't Bend! Ascend!,2012,90,true
Jean Dawson,Pixel Bath,2020,90,true
JPEGMAFIA,Veteran,2018,90,true
Kaytranada,0.999,2016,90,true
Kendrick Lamar,Mr. Morales & The Big Steppers,2022,90,true
King Gizzard & The Lizard Wizard,Fishing for Fishies,2019,90,true
King Krule,Space Heavy,2023,90,true
Kylie Minogue,Fever,2002,90,true
Laura Marling,Once I Was an Eagle,2013,90,true
Mac Miller,Balloonerism,2025,90,true
Machine Girl,MRK90 MIX Vol 1,2017,90,true
Magdalena Bay,Mercurial World,2021,90,true
Magdalena Bay,Imaginal Disk,2024,90,true
Manfred Mann's Earth Band,Manfred Mann's Earth Band,1972,90,true
Manitoba,Start Breaking My Heart,2001,90,true
Melt-Banana,Fetch,2013,90,true
Melt-Banana,Cell Scape,2003,90,true
Miley Cyrus,Something Beautiful,2025,90,true
Model/Actriz,Pirouette,2025,90,true
Mount Eerie,Clear Moon,2012,90,true
Mount Eerie,Lost Widsom,2008,90,true
Nails,Unsilent Death,2010,90,true
Natalia Lafourcade,Cancionera,2025,90,true
Nick Cave & The Bad Seeds,No More Shall We Part,2001,90,true
Nick Cave & The Bad Seeds,Let Love In,1994,90,true
Opeth,Damnation,2003,90,true
Os Mutantes,A Divina Comédia ou Ando Meio Desligado,1970,90,true
Panda Bear,Sinister Grift,2025,90,true
Parquet Courts,Human Performance,2016,90,true
Pavement,Slanted and Enchanted,1992,90,true
Pavement,"Watery, Domestic",1992,90,true
Poppy,EAT (NXT Soundtrack),2021,90,true
Portishead,Dummy,1994,90,true
Quelle Chris,Guns,2019,90,true
Sampha,Process,2017,90,true
The Beatles,Rubber Soul,1965,90,true
The Microphones,"It Was Hot, We Stayed in the Water",2000,90,true
The Silver Mt. Zion Memorial Orchestra & Tra-La-La Band,Born into Trouble as the Sparks Fly Upward,2001,90,true
"Tyler, The Creator",CALL ME IF YOU GET LOST: The Estate Cell,2023,90,true
"Tyler, The Creator",CALL ME IF YOU GET LOST,2021,90,true
Underworld,1992-2012 - CD1,2011,90,true
Underworld,1992-2012 - CD2,2011,90,true
Utada Hikaru,Fantôme,2016,90,true
파란노을 [Parannoul],To See the Next Part of the Dream,2021,90,true
Triángulo de Amor Bizarro,Triángulo de Amor Bizarro,2020,90,true
Charles Mingus,Blues & Roots,1960,90,true
Nelson y Los Filisteos,"Nunca Antes, Nunca Otra Vez",2018,90,true
Neon Indian,Vegan INTL. Night School,2015,90,true
Yeah Yeah Yeahs,Is Is,2007,90,true
Pavement,Brighten The Corners,1997,85,true
Asian Glow & Parannoul,Paraglow,2022,85,true
billy woods,GOLLIWOG,2025,85,true
Blood Incantation,Absolute Everywhere,2024,85,true
Bon Iver,"SABLE, fABLE",2025,85,true
Bright Eyes,I'm Wide Awake It's Morning,2005,85,true
Bright Eyes,Fevers and Mirrors,2000,85,true
Broken Social Scene,Forgiveness Rock Record,2010,85,true
Chat Pile,Cool World,2024,85,true
clipping.,Dead Channel Sky,2025,85,true
Coldplay,Parachutes,2000,85,true
Descendents,Everything Sucks,1996,85,true
Floating Points,Elaenia,2015,85,true
Franz Ferdinand,"Right Thoughts, Right Words, Right Action",2013,85,true
Ghostface Killah,Ironman,1996,85,true
Horsegirl,Phonetics On and On,2025,85,true
James Blake,Overgrown (Deluxe Edition),2013,85,true
Kero Kero Bonito,TOTEP,2018,85,true
Killing Joke,Killing Joke,1980,85,true
King Gizzard & The Lizard Wizard,"Ice, Death, Planets, Lungs, Mushrooms and Lava",2022,85,true
King Gizzard & The Lizard Wizard,K.G.,2020,85,true
King Gizzard & The Lizard Wizard,Flying Microtonal Banana,2017,85,true
King Krule,Man Alive!,2020,85,true
King Krule,6 Feet Beneath the Moon,2013,85,true
Kitty Craft,Beats and Breaks From The Flower Patch,1998,85,true
Kylie Minogue,True Light,2000,85,true
Laura Marling,Semper Femina,2017,85,true
Les Rallizes Dénudés,'77 Live,1991,85,true
Linkin Park,Meteora,2003,85,true
Lupe Fiasco,Samurai,2024,85,true
Mount Eerie,Now Only,2018,85,true
Mount Eerie,Wind's Poem,2010,85,true
Muse,Origin Of Symmetry,2001,85,true
Nails,Every Bridge Burning,2024,85,true
Nick Cave & The Bad Seeds,Lovely Creatures: The Best of Nick Cave and The Bad Seeds (CD1),2017,85,true
Nick Cave & The Bad Seeds,Lovely Creatures: The Best of Nick Cave and The Bad Seeds (CD2),2017,85,true
Nick Cave & The Bad Seeds,Lovely Creatures: The Best of Nick Cave and The Bad Seeds (CD3),2017,85,true
Opeth,Still Life,1999,85,true
Psychedelic Porn Crumpets,"Carpe Diem, Moonman",2025,85,true
Saya Gray,SAYA,2025,85,true
Sophie,Oil Of Every Pearl's Un-Insides,2018,85,true
Swans,Birthing,2025,85,true
The Beatles,Hey Jude,1970,85,true
The Beatles,Please Please Me,1963,85,true
The John Coltrane Quartet,Africa/Brass,1961,85,true
The Microphones,Microphones in 2020,2020,85,false
The Smile,Wall Of Eyes,2024,85,true
Thee Silver Mt. Zion Memorial Orchestra & Tra-La-La Band,Horses in the Sky,2005,85,true
"Tyler, The Creator",CHROMAKOPIA,2024,85,true
Underworld,Dubnobasswithmyheadman,1993,85,true
파란노을 [Parannoul],White Ceiling / Black Dots Wandering Around,2021,85,true
万能青年旅店 (Omnipotent Youth Society),万能青年旅店 (Omnipotent Youth Society),2010,85,true
2 Many DJ's,Dave,2012,85,true
Bill Evans,You Must Believe in Spring,1981,85,true
Michael Jackson,Dangerous,1991,85,true
Youth Lagoon,Heaven is a Junyard,2023,85,true
Danger Mouse & Black Thought,Cheat Codes,2022,85,true
Susanne Sundfør,blómi,2023,85,true
The Caretaker,Everywhere at The End of Time - Stage 5,2018,85,true
The Caretaker,Everywhere at The End of Time - Stage 2,2017,85,true
U2,Achtung Baby,1991,85,true
Aesop Rock,Black Hole Superette,2025,80,true
Freddie Gibbs & The Alchemist,Alfredo 2,2025,,true
Ben Frost,By The Throat,2009,80,true
Beth Gibbons & Rustin Man,Out of Season,2002,80,true
Billie Eilish,Happier than Ever,2021,80,true
Caribou,The Milk Of Human Kindness,2005,80,true
Charli XCX,Charli,2019,80,true
Charli XCX,Pop 2,2017,80,true
Chat Pile,Remove Your Skin Please,2019,80,true
d4vd,WITHERED,2025,80,true
Daphni,Sizzling EP,2019,80,true
Ethel Cain,"Willoughby Tucker, I'll Always Love You",2025,,true
Ethel Cain,Perverts,2024,80,true
Floating Points,Dialogue Between Dreamers Pt. One,2021,80,false
Floating Points,Cascade,2024,80,true
Floating Points,King Bromeliad/ Montparnasse,2014,80,true
FONTAINES D.C,Dogrels,2019,80,true
Geordie Greep,The New Sound,2024,80,true
Godspeed You Black Emperor,"“NO TITLE AS OF 13 FEBRUARY 2024 28,340 DEAD”",2024,80,true
Honningbarna,Soft Spot,2025,80,true
Japanese Breakfast,For Melancholy Brunettes (& sad women),2025,80,true
John Coltrane,Olé Coltrane,1961,80,true
John Michel & Anthony James,Egotrip,2025,80,true
Jon Hopkins,Singularity,2018,80,true
Kendrick Lamar,untitled. unmastered.,2014,80,true
Kero Kero Bonito,Bonito  Generation,2016,80,true
King Gizzard & The Lizard Wizard,Sketches of Brunswick East,2017,80,true
King Gizzard & The Lizard Wizard,Paper Maché Dream Balloon,2015,80,true
King Gizzard & The Lizard Wizard,I'm In Your Mind Fuzz,2014,80,true
King Krule,SHHHHHHHH!,2024,80,true
Knocked Loose,A Tear in the Fabric of Life,2021,80,true
Lou Reed,New York,1989,80,true
Lucy Dacus,Forever is Feeling,2025,80,true
Lupe Fiasco,Drill Music in Zion,2022,80,true
Mach-Hommy,RICHAXXHAITIAN,2024,80,true
Machine Girl,MG Ultra,2024,80,true
Manitoba,Up In Flames,2003,80,true
Maruja,Tír na nÓg,2025,80,true
Mei Semones,Animaru,2025,80,true
Mount Eerie,Dawn,2008,80,true
Nails,Abandon All Life,2013,80,true
Nick Cave & The Bad Seeds,Wild God,2024,80,true
Nick Cave & The Bad Seeds,Push the Sky Away,2013,80,true
Nick Cave & The Bad Seeds,Murder Ballads,1996,80,true
Os Mutantes,Mutantes,1969,80,true
Paris Texas,They Left Me with a Gun,2025,80,true
Pavement,Terror Twilight,1999,80,true
Poppy,I Disagree,2020,80,true
Portishead,Portishead,1997,80,true
Sharon Van Etten & The Attachment Theory,Sharon Van Etten & The Attachment Theory,2025,80,true
Stereolab,Instant Holograms On Metal Film,2025,80,true
Steven Wilson,Grace For Drowning,2011,80,true
The Beatles,Let It Be (The Beatles) (2021 Mix),1970,80,true
The Beatles,A Hard Day's Night,1964,80,true
The Cowboy Junkies,The Trinity Session,1988,80,true
The Cure,Pornography,1982,80,true
The Microphones,Mount Eerie,2003,80,true
The Orchestra (For Now),Plan 75,2025,80,true
Tunde Adebimpe,Thee Black Boltz,2025,80,true
tUnE-yArDs,Better Dreaming,2025,80,true
TURQUOISEDEATH,Kaleidoscope,2024,80,true
"Tyler, The Creator",Flower Boy,2017,80,true
Underworld,"Barbara Barbara, we face a shining future",2016,80,true
Wiki,Half God,2021,80,true
Bombay Bicycle Club,I Had the Blues But I Shook Them Loose,2009,80,true
Eagles of Death Metal,Peace Love Death Metal,2004,80,true
Foo Fighters,The Colour and The Shape,1997,80,true
G Jones,Illusory Tracks,2022,80,true
Lim Kim,Generasian,2019,80,true
The Smiths,Hatful of Hollow,1984,80,true
Huerco S.,For Those of You Who Have Never (And Also Those Who Have),2016,80,true
Jimi Hendrix,Experience Hendrix: The Best of Jimi Hendrix,1997,80,true
Nourished By Time,Erotic Probiotic 2,2023,80,true
Nourished By Time,The Passionate Ones,2023,,true
The Caretaker,Everywhere at The End of Time - Stage 4,2018,80,true
The Chemical Brothers,Brotherhood CD1,2008,80,true
The Waterboys,This Is The Sea,1985,80,true
Wild Beasts,Present Tense,2014,80,true
Backxwash,Only Dust Remains,2025,75,true
black midi,cavalcade,2021,75,true
Bon Iver,"SABLE,",2024,75,true
Denzel Curry,13,2017,75,true
Descendents,Milo Goes to College,1982,75,true
Destroyer,Dan's Boogie,2025,75,true
Father John Misty,Mahashmashana,2024,75,true
Father John Misty,God's Favorite Customer,2018,75,true
Father John Misty,Fear Fun,2012,75,true
Franz Ferdinand,You Could Have It So Much Better,2005,75,true
Franz Ferdinand,Hits To The Head,2023,75,true
Freddie Gibs & Madlib,Bandana,2019,75,true
Godspeed You Black Emperor,Slow Riot for New Zero Kanada,1999,75,true
James Blake,Playing Robots Into Heaven,2023,75,true
James Blake,Before,2020,75,true
Jamie xx,In Waves,2024,75,true
Jane Remover,Revengeseekerz,2025,75,true
John Coltrane,Coltrane,1962,75,true
Jon Hopkins,Late Night Tales (Jon Hopkins),2015,75,true
JPEGMAFIA,EP2!,2021,75,true
Kaiser Chiefs,off with Their Heads,2008,75,true
Kero Kero Bonito,Civilisation II,2021,75,true
King Gizzard & The Lizard Wizard,Flight b741,2024,75,true
King Gizzard & The Lizard Wizard,Laminated Denim,2022,75,true
King Gizzard & The Lizard Wizard,Polygondwanaland,2017,75,true
Kylie Minogue,Kylie Minogue,1994,75,true
La Máquina de Hacer Pájaros,Películas,1977,75,true
Laura Marling,I Speak Because I Can,2010,75,true
Lucy Bedroque,Unmusique,2025,75,true
Mac Miller,Faces,2014,75,true
Mac Miller,Watching Movies with the Sound Off,2013,75,true
Mount Eerie,Sauna,2015,75,true
Muse,The Resistance,2009,75,true
Nick Cave & The Bad Seeds,The Boatman's Call,1997,75,true
Opeth,"My Arms, your Hearse",1998,75,true
Parquet Courts,Light Up Gold,2012,75,true
Ramones,Road to Ruin,1978,75,true
Shygirl,Club Shy Room 2,2025,75,true
Skrillex,F*CK U SKRILLEX YOU THINK UR ANDY WARHOL BUT UR NOT!! <3,2025,75,true
Sleep,The Sciences,2018,75,true
Sophie,SOPHIE LIVESTREAM HEAV3N SUSPENDED,2020,75,false
SOPHIE,Product,2015,75,true
TURQUOISEDEATH,Se Bueno,2023,75,true
Underworld,Beaucup Fish,1999,75,true
김뜻돌 [Meaningful Stone],꿈에서 걸려온 전화 (A Call from My Dream),2020,75,true
The Radio Dept.,Clinging To A Scheme,2010,75,true
Nurse with Wound,Soliloquuy for Lilith (CD 1),1988,75,true
Nurse with Wound,Soliloquuy for Lilith (CD 2),1988,75,true
Nurse with Wound,Soliloquuy for Lilith (CD 3),1988,75,true
Parliament,Funkentelechy vs. the Placebo Syndrome,1977,75,true
The Dillinger Escape Plan,Option Paralysis,2010,75,true
At the Drive-In,Relationship Of Command,2000,75,true
Frank Zappa,Apostrophe,1974,75,true
Haru Nemuri,Lovetheism,2020,75,true
Laurie Anderson,Big Science,1982,75,true
Leonard Cohen,New Skin for the Old Ceremony,1974,75,true
Morbid Angel,Altars of Madness,1989,75,true
Outkast,Atliens,1996,75,true
Uriah Heep,Demons and Wizards,1972,75,true
Agalloch,Ashes Against the Grain,2006,70,true
Amen Dunes,Freedom,2018,70,true
Billie Eilish,HIT ME HARD AND SOFT,2024,70,true
Bon Iver,"22, A Million",2016,70,true
Bright Eyes,Digital Ash in a Digital Urn,2005,70,true
Bright Eyes,Letting Off The Happiness,1998,70,true
Charli XCX,Vroom Vroom,2016,70,true
Chat Pile,This Dungeo Earth,2019,70,true
Chief Keef,Almighty So,2013,70,true
Gil Scott-Heron & Jamie XX,We're New Here,2011,70,true
Godspeed You Black Emperor,Luciferian Towers,2017,70,true
Have a Nice Life,The Unnatural World,2014,70,true
James Blake,Assume Form,2019,70,true
James Blake,James Blake,2011,70,true
John Coltrane,Giant Steps,1960,70,true
John Coltrane & Duke Ellington,Duke Ellington & John Coltrane,1963,70,true
John Coltrane & Milt Jackson,Bags & Trane,1961,70,true
Kelly Lee Owens,Inner Song,2017,70,true
Kendrick Lamar,Section .80,2011,70,true
King Gizzard & The Lizard Wizard,Float Along - Fill Your Lungs,2013,70,true
King Krule,The Ooz,2017,70,true
Laura Marling,A Creature I Don't Know,2011,70,true
Laura Marling,Patterns in Repeat,2024,70,true
Lupe Fiasco,Lupe Fiasco's The Cool,2007,70,true
Mach Hommy,Pray For Haiti,2021,70,true
Machine Girl,WLFGRL,2014,70,true
Misfits,Earth A.D./Wolfs Blood,1983,70,true
Nick Cave & The Bad Seeds,"Dig, Lazarus, Dig!!!",2008,70,true
Nick Cave & The Bad Seeds,The Good Son,1990,70,true
Nilufer Yanya,My Method Actor,2024,70,true
Nilufer Yanya,PAINLESS,2022,70,true
Nilufer Yanya,Miss Universe,2019,70,true
Opeth,Watershed,2008,70,true
Parquet Courts,Sunbathing Animal,2013,70,true
Parquet Courts,Tally All the Things that you Broke,2013,70,true
Pavement,Wowee Zowee,1995,70,true
Sigur Rós,Með suð í eyrum við spilum endalaust,2008,70,true
Slint,Spiderland,1991,70,true
Songs: Ohia,Didn't It Rain,2002,70,true
Songs: Ohia,The Lioness,2000,70,true
The Beatles,Love,2013,70,true
The Beatles,1962-1966 Disc 1,1973,70,true
The Beatles,1962-1966 Disc 2,1973,70,true
The Beatles,Help!,1965,70,true
The Cure,Boys Don't Cry,1980,70,true
The Pogues,If I Should Fall From Grace With God,1988,70,true
The Smile,Cutouts,2024,70,true
Tons of Sobs,Free,1969,70,true
Weatherday & Asian Glow,Weather glow,2022,70,true
김뜻돌 [Meaningful Stone],천사 인터뷰 (Angel interview),2024,70,true
Elbow,Leaders Of The Free World,2005,70,true
"Emerson, Lake & Palmer",Trilogy,1972,70,true
Prince,The Gold Experience,1995,70,true
"Bonnie ""Prince"" Billie",I See A Drakness,1999,70,false
Saba,Care for Me,2018,70,true
Slowdive,everything is alive,2023,70,true
The Antlers,Familiars,2014,70,true
The Comet is Coming,The Afterlife,2019,70,true
The Fall,Slates,1981,70,true
The Flying Burrito Brothers,The Gilded Palace of Sin,1969,70,true
Wilco,Wilco (The Album),2009,70,true
Lemon Jelly,Lost Horizons,2002,,true
Javiera Mena,Esquemas Juveniles,2006,,true
Los Planetas,Unidad de desplazamiento,2000,,true
Jaime Sin Tierra,...Lo que va a encandilar es el día,2002,,true
Various Artists,The Roots of Chicha: Psychedelic Cumbias From Peru,2007,,true
Jaime Sin Tierra,Autochocador,2007,,true
Teleradio Donoso,Baila y Llorar,2007,,true
Miranda!,El Templo del Pop,2007,,true
Taller Dejao,El brillo que tiene es lo humano que le queda,2007,,true
Miranda!,Es Menitra,2007,,true
Intoxicados,No es Solo Rock N' Roll,2007,,true
Porter,Atemahawke,2007,,true
Ekkaia,Manos que Estrechan Planes de Muerte y Sometiemiento,2007,,true
Odisea,Odisea,2007,,true
Femi & Malibu,United in Fmales 23-10-2018,2007,,true
Volahn,Aq'ab'al,2007,,true
Tus Amigos nuevos,Triunfo Moral,2007,,true
Simón Campusano,Brillo,2007,,true
Porter,Moctezuma,2007,,true
Enjambre,Daltónico,2007,,true
Diego Lorenzini,De Algo hay que morir,2007,,true
Camila Moreno,Mala Madre,2007,,true
Alex Anwandter,Rebeldes,2007,,true
Javiera Mena,Mena,2007,,true
Rubio,Pez,2007,,true
Demoniac,So It Goes,2020,,true
DJ E,Chuquimamani-Condori,2023,,true
César y su Jardín,Corre y Suelta a los Perros,2025,,true
Milo J,La Vida era Más Corta,2025,,true
Candelabro,"Deseo, carne y Voluntad",2025,,true
Candelabro,Ahora o Nunca,2025,,true
Enola Gay,Asia Menor,2025,,true
Carne,Todos Mis Amigos Estan Tristes,2025,,true
Dillóm,Por Cesarea,2025,,true
Estoy Bien,Apoyo Emocional,2025,,true
Solo Postres,Ramper,2025,,true
AKRILLA,epistolares,2024,,true
Demoniac,Nube Negra,2023,,true
Weed420,Amor de Enclava,2023,,true
2814,新しい日の誕生,2015,,true
3776,歳時記 (Saijiki),2019,,true
lovesliescrushing,Bloweyelashwish,1994,,true
矢野顕子 [Akiko Yano],Tadaima,1983,,true
…And You Will Know Us by the Trail of Dead,Source Tags & Codes,2002,,true
$ilkmoney,"I Don't Give A Fuck About This Rap Shit, Imma Just Drop Until I Don't Feel Like It Anymore",2022,,true
100 gecs,"10,000 gecs",2023,,true
2 Many DJ's,Despacio,2013,,true
Joe Jackson,Night And Day,1988,,true
2 Many DJ's,2X2 (3),2023,,true
2 Many DJ's,2X2 (2),2023,,true
2 Many DJ's,2X2 (1),2023,,true
2 Many DJ's,BENELUX,2022,,true
2 Many DJ's,As Produced By Soulwax 2020-2022,2022,,true
2 Many DJ's,A Tribute to Keith Forsey,2016,,true
2 Many DJ's,A Tribute To Compass Point,2016,,true
2 Many DJ's,Hardcore Or Die,2015,,true
2 Many DJ's,Blue,2011,,true
2 Many DJ's,Celestial Voyage Pt. 1,2011,,true
2 Many DJ's,The Vortex,2011,,true
2 Many DJ's,Librarian Girl,2011,,true
2 Many DJ's,Celestial Voyage Pt. 2,2011,,true
2 Many DJ's,Jack In the Box,2011,,true
2 Many DJ's,D&SCO,2007,,true
Pulcinella & La Perla,Tatekieto,2025,,true
2 Many DJ's,2ManyDJs Live at Kompass,2022,,true
2 Many DJ's,2ManyDJs Live at Primavera,2022,,true
Titanic,Hagen,2025,,true
2 Many DJ's,Under The Covers 2,2012,,true
2 Many DJ's,Under The Covers 3,2012,,true
2 Many DJ's,As Heard On Radio Soulwax Pt. 2,2002,,true
2Pac,All Eyez on Me,1996,,true
2Pac,Me Against the World,1995,,true
65daysofstatic,Wild Light,2013,,true
808 State,Ninety,1989,,true
A Place To Bury Strangers,Exploding Head,2009,,true
Sochi,Sochimix,2025,,true
A Tribe Called Quest,We Got it From Here… Thank You 4 your Services,2016,,true
A Tribe Called Quest,The Anthology,1999,,true
A Tribe Called Quest,Midnight Marauders,1990,,true
A Tribe Called Quest,People's Instinctive Travels and the Paths of Rythm,1990,,true
A Tribe Called Quest,The Low End Theory,1990,,true
A Winged Victory for the Sullen,A Winged Victory for the Sullen,2011,,true
Aaliyah,One in a Million,2001,,true
Aaliyah,Aaliyah,1999,,true
Ab-Soul,Control System,2012,,true
ABBA,Gold: Greatest Hits CD1,1992,,true
ABBA,Gold: Greatest Hits CD2,1992,,true
ABBA,Voules-Vouz,1979,,true
ABC,The Lexicon of Love,1982,,true
AC/DC,Back To Black (AC/DC),1980,,true
AC/DC,Highway to Hell,1979,,true
Acid Bath,Paegan Terrorism Tactics,1996,,true
Acid Bath,When The Kite Strings Pop,1994,,true
Actress,Splazsh,2010,,true
Ad Nauseam,Imperative Imperceptible Impulse,2021,,false
Adeem the Artist,White Trash Revelry,2022,,true
Adrianne Lenker,i won’t let go of your hand,2024,,false
Adrianne Lenker,Bright Future,2024,,true
Adrianne Lenker,instrumentals,2020,,true
Adrianne Lenker,songs,2020,,true
Aerosmith,Rocks,1976,,true
Aerosmith,Toys In The Attic,1975,,true
Aesop Rock,Integrated Tech Solutions,2023,,true
Aesop Rock,The Impossible Kid,2016,,true
Aesop Rock,None Shall Pass,2007,,true
Aesop Rock,Labor Days,2001,,true
AFI,Sing the Sorrow,2003,,true
Africa Hitech,93 Million Miles,2011,,true
Afrika Bambaataa # The Soul Sonic Force,Planet Rock: The Album,1986,,true
AFX,Orphaned Deejay Selek,2015,,true
Against All Logic,2017-2019,2020,,true
Against All Logic,2012-2017,2018,,true
AGAINST ME!,Transgender Dysphoria Blues,2014,,true
Against Me!,Is Reinventing Axl Rose,2002,,true
Agalloch,Faustian Echoes EP,2012,,true
Agalloch,Marrow of the Spirit,2010,,true
Agalloch,The White EP,2008,,true
Agent Orange,Living in Darkness,1981,,true
Air,Late Night Tales (Air),2006,,true
Air,Talkie Walkie,2004,,true
Air,The Virgin Suicides,2000,,true
Air,Moon Safari,1998,,true
AJJ,Knife man,2011,,true
Ajj,People That Can Eat People Are The Luckiest People in the World,2007,,true
Akira Yamaoka,Silent Hill 2,2001,,true
Al Green,Call Me,1973,,true
Al Green,I'm Still in Love with You,1972,,true
Al Green,Let's Stay Together,1972,,true
Al Green,Greatest Hits (Al Green),1995,,true
Alabama Shakes,Sound & Color,2015,,true
Alabama Shakes,Boys & Girls,2012,,true
Alain Goraguer,La Planète Sauvage,1973,,true
Alan Vega,It,2017,,true
Alanis Morissette,Supposed Former Infactuation,1998,,true
Air France,No Way Down,2008,,true
Alanis Morissette,Jagged Little Pill,1995,,true
Alcest,Kodama,2016,,true
Alcest,Souvenirs d'un autre monde,2007,,true
Alcest,Écailles de Lune,2010,,true
Aldous Harding,Warm Chris,2022,,true
Aldous Harding,Designer,2019,,true
Alex Anwandter,Latinoamericana,2018,,true
Alex Cameron,Miami Memory,2019,,true
Alex Cameron,Forced Witness,2017,,true
Alex G,God Save The Animals,2022,,true
Alex G,Race,2010,,true
Alex Turner,Submarine,2011,,true
Algiers,The Underside of Power,2017,,true
Ali Farka Toure,Savana,2006,,true
Alice Coltrane,Journey in Satchidananda,1971,,true
Alice in Chains,Alice in Chains,1999,,true
Alice in Chains,Unplugged,1996,,true
Alice in Chains,Jar Of Files,1994,,true
Alice in Chains,Dirt,1992,,true
Alice in Chains,Facelift,1990,,true
Allie X,Girl With No Face,2024,,true
Almendra,Almendra,1969,,true
Alt-J,An Awesome Wave,2012,,true
Altar Plagues,Teethed Glory and Injury,2013,,true
Alvvays,Blue Rev,2022,,true
Alvvays,Alvvays,2018,,true
Alvvays,Antisocialites,2017,,true
AM,Flowervillain II,2020,,false
Amaarae,Fountain Baby,2023,,true
Amber Mark,Three Dimensions Deep,2022,,true
American Football,American Football,1999,,true
Amon Düül II,Yeti,1970,,true
Amon Düül II,Phallus Dei,1969,,true
Amon Tobin,Supermodified,2003,,true
Amon Tobin,Permutation,1998,,true
Amon Tobin,Bricolage,1997,,true
Amy Winehouse,Back To Black (Amy Winehouse),2006,,true
Amy Winehouse,Frank,2003,,true
AmyReal & Clumsy Duckling,The Adventures of Pad Chennington and the Androgynous Swagchild,2023,,false
Ana Frango Eléctrico,Me Chama De Gato Que Eu Sou Soa,2023,,true
Ana Frango Eléctrico,Little Electric Chicken Heart,2019,,true
Anathema,Distant Satellites,2014,,true
Anathema,Weather Systems,2012,,true
Anathema,Judgement,1999,,true
Anathema,Alternative 4,1998,,true
And So I Watch You From Afar,All Hail Bright Futures,2013,,true
Anderson .Paak,Oxnard,2018,,true
Anderson .Paak,Malibu,2016,,true
Andrew Bird,Break It Yourself,2012,,true
Andrew Bird,Armchair Apocrypha,2007,,true
Andrew Bird,The Mysterious Production of Eggs,2005,,true
Andrew Hill,Point of Departure,1965,,true
Andrew Jackson Jihad,Can't Maintain,2009,,true
Andy Stott,Never the Right Time,2021,,true
Andy Stott,It Should Be Us,2019,,true
Andy Stott,Luxury problems,2012,,true
Andy Stott,Passed Me By / We Stay Together,2011,,true
Angel Olsen,Forever Means,2023,,true
Angel Olsen,Big Time,2022,,true
Angel Olsen,All Mirrors,2019,,true
Angel Olsen,My Woman,2016,,true
Angel Olsen,Burn Your Fire for No Witness,2014,,true
Angelo Badalamenti,Twin Peaks: Fire Walk with Me,1992,,true
Angelo Badalamenti,Soundtrack from Twin Peaks,1990,,true
Angelo Badalamenti & David Lynch,Mulholland Dr.,2001,,false
Angels of Light,How I Loved You,2001,,true
Änglagård,Hybris,1992,,false
Animal Collective,Time Skiffs,2022,,true
Animal Collective,Bridge to Quiet,2020,,true
Animal Collective,Fall Be Kind,2009,,true
Animal Collective,Merriweather Post Pavilion,2009,,true
Camera Obscura,Let’s Get Out of This Country,2006,,true
Animal Collective,Strawberry Jam,2007,,true
Animal Collective,Feels,2005,,true
Animal Collective,Sung Tongs,2004,,true
Animal Collective,"Spirit They're Gone, Spirit They're Vanished",2000,,true
Anna von Hausswolff,Dead Magic,2018,,true
Annahstasia,Tether,2025,,true
Annie,Anniemal,2004,,true
Anohni,Hopelessness,2016,,true
ANOHNI and The Johnsons,My Back Was A Bridge For You To Cross,2023,,true
Anri,Timely!!,1983,,true
Antônio Carlos Jobim,Wave,1967,,true
Antônio Carlos Jobim & Elis Regina,Elis & Tom,1974,,true
Antony and the Johnsons,The Crying Light,2009,,true
Antony and the Johnsons,I Am a Bird Now,2005,,true
Aphex Twin,Collapse,2018,,true
Aphex Twin,Syro,2014,,true
Aphex Twin,DrukQs,2001,,true
Aphex Twin,Come to Daddy,1997,,true
Aphex Twin,The Richard D. James Album,1996,,true
Aphex Twin,… I Care Because You Do,1995,,true
Aphex Twin,Classics,1995,,true
Aphex Twin,Selected Ambient Works 85-92,1992,,true
Aphrodite's Child,666,1972,,true
Arca,KicK iii,2021,,true
Arca,Arca,2017,,true
Arca,Entrañas,2016,,true
Arca,Mutant,2015,,true
Arca,Zen,2014,,true
Arcade Fire,Reflektor,2013,,true
Arcade Fire,The Suburbs,2010,,true
Arcade Fire,Neon Bible,2007,,true
Arcade Fire,Funeral,2004,,true
Arcade Fire and Owen Pallett,Her Original Motion Picture Score,2013,,true
Archers of Loaf,Icky Mettle,1993,,true
Architects,All Our Gods Have Abandoned Us,2016,,true
Architects,Lost Forever // Lost Together,2014,,true
Arctic Monkeys,The Car,2022,,true
Arctic Monkeys,A.M,2015,,true
Arctic Monkeys,Humbug,2009,,true
Arctic Monkeys,Favourite Worst Nightmare,2007,,true
Arctic Monkeys,"Whatever People Say I Am, That's What I'm Not",2006,,true
Ari Lennox,age/sex/location,2022,,true
Ariana Grande,"thank u, next",2019,,true
Ariel Pink,Dedicated to Bobby Jameson,2017,,true
Ariel Pink,Pom Pom,2014,,true
Ariel Pink's Haunted Graffiti,Before Today,2010,,true
Armand Hammer,Parafin,2018,,true
Armand Hammer & The Alchemist,Haram,2021,,true
"Armand Hammer, billy woods & E U C L I D",We Buy Diabetic Test Strips,2023,,true
Arrested Development,"3 Years, 5 Months & 2 Days in the Life Of…",1992,,true
Art Bakely & The Jazz Messengers,Free for All,1965,,true
Art Bakely & The Jazz Messengers,Mosaic,1962,,true
Art Blakey & The Jazz Messengers,Moanin',1958,,true
Arthur Verocai,Arthur Verocai,1972,,true
Artificial Brain,Artificial Brain,2022,,true
Artillery,By Inheritance,1990,,true
Asap Rocky,Live. Love. Asap,2011,,true
Ashenspire,Hostile Architecture,2022,,true
Asobi Seksu,Citrus,2006,,true
At The Gates,Slaughter of the Soul,1995,,true
Atheist,Unquestionable Presence,1991,,true
Atlas Sounds,Parallax,2011,,true
Atlas Sounds,Logos,2009,,true
Atmosphere,God Loves Ugly,2002,,true
Atoms For Peace,Amok,2013,,true
Augustus Pablo,King Tubbys Meets Rockers Uptown,1977,,true
Austra,Feel It Break,2011,,true
Autechre,Exai,2013,,true
Autechre,Draft 7.30,2003,,true
Autechre,Confield,2001,,true
Autechre,LP5,1998,,true
Autechre,Chiastic Slide,1997,,true
Autechre,Tri Repetae,1995,,true
Autechre,Amber,1994,,true
Autopsy,"Ashes, Organs, Blood and Crypts",2023,,true
Autopsy,Morbidly Triumphant,2022,,true
Autopsy,Mental Funeral,1991,,true
Autopsy,Severed Survival,1989,,true
Avenade,viceversa In Such Things,2020,,true
Avenged Sevenfold,Avenged Sevenfold,2007,,true
Axel Boman,Luz,2022,,true
Axel Boman,Quest of Fire,2022,,true
Ayreon,Into the Electric Castle,1998,,true
Bikini Kill,The C.D. Version of the First Two Records,1994,,true
Ayreon,The Human Equation,1998,,true
The Chicks,Fly,1999,,true
The Chicks,Home,2001,,true
Ayreon,The Source,2017,,true
Ayreon,The Theory of Everything,2013,,true
Ayreon,01011001,2008,,true
Azealia Banks,Broke With Expensive Taste,2014,,true
Azealia Banks,1991,2012,,true
Azealia Banks,1992,2012,,true
B.B. King,Live at Thhe Regal,1965,,true
Babasónicos,Infame,2003,,true
Babasónicos,Jessico,2002,,true
Backxwash,God Has Nothing To Do With This Leave Him Out of It,2021,,true
Backxwash,I Lay Here Buried with my Rings and My Dresses,2021,,true
Bad Brains,Bad Brains,1982,,true
Bad Bunny,DeBÍ TiRAR MáS FOToS,2025,,true
Bad Bunny,Un Verano sin Ti,2022,,true
Bad Bunny,YHLQSMDLG,2020,,true
Bad Religion,Stranger than Fiction,1994,,true
BADBADNOTGOOD,Late Night Tales (BADBADNOTGOOD),2017,,true
BADBADNOTGOOD,III,2014,,true
BADBADNOTGOOD,BBNG2,2012,,true
Badly Drawn Boy,The Hour of Bewilderbeast,2000,,true
Band of Horses,Everything All the Time,2006,,true
Bark Psychosis,///Codename: Dustsucker,2004,,true
Bark Psychosis,Hex,1994,,true
Bark Psychosis,Independency,1994,,true
Baroness,Purple,2015,,true
Baroness,Yellow & Green,2012,,true
Baroness,Blue Record,2009,,true
Baroness,Red Album,2007,,true
Basement Jazz,Remedy,1999,,true
Basic Channel,BCD-2,2008,,true
Basic Channel,Quadrant Dub,1994,,true
Basic Channel,Phylyps Trak,1993,,true
Bat For Lashes,Two Suns,2009,,true
Bathory,Hammerheart,1990,,true
Bathory,Blood Fire Death,1988,,true
Bathory,Under the Sign of the Black Mark,1987,,true
Battles,Gloss Drop,2011,,true
Battles,Mirrored,2007,,true
Battles,EP C / B EP,2006,,true
Bauhaus,In The Flat Field,1980,,true
Beach Bunny,Blame Game,2021,,true
Beach House,Once Twice Melody,2021,,true
Beach House,7,2018,,true
Beach House,Depression Cherry,2015,,true
Beach House,Thank You Lucky Stars,2015,,true
Beach House,Bloom,2012,,true
Beach House,Teen Dream,2010,,true
Beach House,Devotion,2008,,true
Beak>,>>>,2018,,true
Beastie Boys,Beastie Boys Anthology: The Sounds of Science,1999,,true
Beastie Boys,Hello Nasty,1998,,true
Beastie Boys,Ill Communication,1994,,true
Beastie Boys,Licensed To Ill,1992,,true
Beastie Boys,Paul's Boutique,1989,,true
Beastie Boys,Check Your Head,1986,,true
Beck,Morning Phase,2014,,true
Beck,Modern Guilt,2008,,true
Beck,Guero,2005,,true
Beck,Sea Change,2002,,true
Beck,Midnite Vultures,1999,,true
Beck,Mutations,1998,,true
Beck,Mellow Gold,1994,,true
Bee Thousand,Guided by Voices,1994,,true
Behemoth,The Satanist,2014,,true
Beirut,No No No,2015,,true
Beirut,The Rip Tide,2011,,true
Beirut,The Flying Club Cup,2007,,true
Beirut,Gulag Orkestar,2006,,true
Belchior,Alucinação,1976,,true
Bell Witch,Mirror Reaper,2017,,true
Belle & Sebastian,3.. 6.. 9 Seconds of Light,1997,,true
Belle and Sebastian,Girls in Peacetime Want to Dance,2015,,true
Belle And Sebastian,The Life Pursuit,2006,,true
Belle and Sebastian,Push Barman to Open Old Wounds,2005,,true
Belle and Sebastian,Dear Catastrophe Waitress,2003,,true
Belle and Sebastian,The Boy with the Arab Strap,1998,,true
Belle and Sebastian,Dog on Wheels,1997,,true
Belle and Sebastian,If You're Feeling Sinister,1996,,true
Belle and Sebastian,Tigermilk,1996,,true
Ben Folds Five,Whatever and Ever Amen,1997,,true
Ben Howard,I Forgot We Were,2014,,true
Benjamin Booker,LOWER,2025,,true
Benjamine Clementine,At Least for Now,2015,,true
Benny The Butcher,Tana Talk 3,2018,,true
Benny the Butcher,Tana Talk 4,2022,,true
Benny the Butcher,Pyrex Picasso,2021,,true
Betcover!!,時間,2021,,true
Betcover!!,Yuki,2025,,true
Beth Orton,Weather Alive,2022,,true
Between the Buried and Me,Automata II,2018,,true
Between the Buried and Me,Coma Ecliptic,2015,,true
Between the Buried and Me,The Parallax II: Future Sequence,2012,,true
Between The Buried And Me,The Parallax: Hypersleep Dialogues,2011,,true
Between The Buried And Me,The Great Misdirect,2009,,true
Between the Buried and Me,Colors,2007,,true
Between the Buried and Me,Alaska,2005,,true
Beyonce,Renaissance,2022,,true
Beyoncé,Homecoming,2019,,true
Beyoncé,Lemonade,2016,,true
Beyoncé,BEYONCÉ,2013,,true
Big Black,Songs About Fucking,1987,,true
Big Black,Atomizer,1986,,true
Big Boi,Sir Lucious Left Foot: The Son of Chico Dusty,2010,,true
Big Brother and The Holding Company,Cheap Thrills,1968,,true
Big K.R.I.T.,4eva Is A Mighty Long Time,2017,,true
Big K.R.I.T.,4eva N a Day,2012,,true
Big K.R.I.T.,Return of 4eva,2011,,true
Big K.R.I.T.,K.R.I.T. Wuz Here,2010,,true
Big L,Lifestylez & ov da Poor & Dangerous,1995,,true
Big Pun,Capital Punishment,1998,,true
Big Star,Third/Sister Lovers,1978,,true
Big Star,Radio City,1974,,true
Big Star,#1 Record,1972,,true
Big Thief,Dragon New Warm Mountain I bElieve In You,2022,,true
Big Thief,Two Hands,2019,,true
Big Thief,U.F.O.F,2019,,true
Big Thief,Capacity,2017,,true
Bill Calahan,Dream River,2013,,true
Bill Calahan,Sometimes I Wish We Were An Eagle,2009,,true
Bill Callahan,Apocalypse,2011,,true
Bill Evans Trio,Sunday at the Village Vanguard,1961,,true
Bill Withers,Still Bill,1972,,true
Bill Withers,Just As I Am,1971,,true
Billie Holiday,Lady in Satin,1958,,true
Billy Cobham,Spectrum,1973,,true
Billy Joel,Greatest Hits: Volume I,1985,,true
Billy Joel,Greatest Hits: Volume II,1985,,true
Billy Joel,52nd Street,1978,,true
Billy Joel,The Stranger,1977,,true
Billy Woods,Hiding Places,2019,,true
Billy Woods,History Will Absolve Me,2012,,true
billy woods,Aethiopes,1998,,true
billy woods & kenny segall,Maps,2023,,true
Biosphere,Substrata,1997,,true
Bjork,Selmasongs,2000,,true
Bjork,Debut,1993,,true
Björk,Vulnicura,2015,,true
Björk,Medula,2004,,true
Björk,Greatest Hits,2002,,true
Björk,Vespertine,2001,,true
Björk,Homogenic,1997,,true
Björk,Post,1995,,true
bl4ck m4rcket c4rt,Today I Laid Down,2023,,true
Black Country New Road,Ants From Up There,2022,,true
"Black Country, New Road",Live at the Bush Hall,2023,,true
"Black Country, New Road",For the first time,2021,,true
Black Dresses,Dreams Come True 2019,2019,,true
Black Dresses,Forget Your Own Face,2022,,true
Black Dresses,Forever in your Heart,2021,,true
Black Flag,My War,1984,,true
Black Flag,Damaged,1981,,true
Black Flag,Nervous Breakdown,1979,,true
Black Kray,Crack Cloud$ Over Arts Kitchen,2013,,false
Black Kray,700 Dagreez,2014,,true
black midi,Hellfire,2022,,true
Black Moon,Enta da Stage,1993,,true
Black Sabbath,Heaven and Hell,1980,,true
Black Sabbath,Sabotage,1975,,true
Black Sabbath,We Sold Our Soul for Rock 'n' Roll,1975,,true
Black Sabbath,Black Sabbath Vol. 4,1972,,true
Black Sabbath,Master of Reality,1971,,true
Black Sabbath,Black Sabbath,1970,,true
Black Sabbath,Paranoid,1970,,true
Black Sabbath,Sabbath Bloody Sabbath,1973,,true
Black Star,Mos Def & Talib Kweli Are Black Star,1998,,true
Black Thought,Streams of Thought Vol. 1,2018,,true
Black Thought & Salaam Remi,Streams of Thought Vol. 2,2018,,true
"Bladee, Ecco2k",Crest,2022,,true
Blind Faith,Blind Faith,1969,,true
TOMORA,COME CLOSER,2026,,true
Blind Guardian,Nightfall in Middle-Earth,1998,,true
Blind Guardian,Imaginations From the Other Side,1995,,true
Blind Guardian,Somewhere Far Beyond,1992,,true
Blink-182,Greatest Hits (Blink-182),2005,,true
Blink-182,Blink-182,2003,,true
Blink-182,Take Off Your Pants and Jacket,2001,,true
Blink-182,Enema of the State,1999,,true
Bloc Party,Silent Alarm,2005,,true
Blonde Redhead,Melody of Certain Damaged Lemons,2000,,true
Blondie,The Best of Blondie,1981,,true
Blondie,Eat to the Beat,1979,,true
Blondie,Parallel Lines,1978,,true
Blood Orange,Negro Swan,2018,,true
Blu,"""The Color Blu(e)""",2021,,true
Blu & Exile,Miles,2020,,true
Blu & Exile,Give Me My Flowers While I Can Still Smell Them,2012,,true
Blu & Exile,Below the Heavens,2007,,true
Blu & Real Bad Man,Bad News,2023,,true
Blu & Sirplus,For Sale,2021,,true
Blue Cheer,Vincebus Eruptum,1968,,true
Blue Öyster Cult,Fire of Unknown Origin,1981,,true
Blue Öyster Cult,Secret Treaties,1974,,true
Blur,The Magic Whip,2015,,true
Blur,Think Tank,2003,,true
Blur,The Best of Blur,2000,,true
Blur,13,1999,,true
Blur,Blur,1997,,true
Blur,The Great Escape,1995,,true
Blur,Parklife,1994,,true
Blur,Modern Life Is Rubbish,1993,,true
Blut aus Nord,Memoria Vetusta II: Dialogue With the Stars,2009,,true
Bo Burnham,Make Happy,2016,,false
Bo Burnham,Inside,2021,,true
Bo Burnham,what.,2013,,true
Boards of Canada,Societas X Tape,2019,,true
Boards Of Canada,Tomorrow's Harvest,2013,,true
Boards Of Canada,The Campfire Headphase,2005,,true
Boards Of Canada,Geogaddi,2002,,true
Boards Of Canada,In a Beautiful Place Out in the Country,2000,,true
Boards Of Canada,Music Has The Right To Children,1998,,true
Boards Of Canada,Hi Scores,1996,,true
Bob Dylan,Modern Times,2006,,true
Bob Dylan,Love and Theft,2001,,true
Bob Dylan,Time Out of Mind,1997,,true
Bob Dylan,Greatest Hits Volume 3 (Bob Dylan),1994,,true
Bob Dylan,Desire,1976,,true
Bob Dylan,Blood on th Tracks,1975,,true
Bob Dylan,Greatest Hits Volume 2 (Bob Dylan),1971,,true
Bob Dylan,John Wesley Harding,1969,,true
Bob Dylan,Nashville Skyline,1969,,true
Bob Dylan,Greatest Hits Volume 1 (Bob Dylan),1967,,true
Bob Dylan,Blonde on Blonde,1966,,true
Bob Dylan,Bringing It All Back Home,1965,,true
Bob Dylan,Highway 61 Revisited,1965,,true
Bob Dylan,The Times They Are a-Changin',1964,,true
Bob Dylan,The Freewheelin' Bob Dylan,1963,,true
Bob Dylan & The Band,The Basement Tapes,1975,,true
Bobby Bland,Two Steps from the Blues,1961,,true
Bolt Thrower,Those Once Loyal,2005,,true
Bolt Thrower,...For Victory,1994,,true
Bolt Thrower,The IVth Crusade,1992,,true
Bolt Thrower,Realm of Chaos,1989,,true
Bolzer,Aura,2013,,true
Bomb the Music Industry!,Adults!!!... Smart!!! Shithammered!!! And Excited by Nothing!!!!!!!,2010,,true
Bonded by Blood,Exodus,1985,,true
Bone Thugs-N-Harmony,E. 1999 Eternal,1996,,true
Bongzilla,Gateway,2002,,true
Booka Shade,Movements 10,2006,,true
Booker T & The MGs,Green Onions,1962,,true
Boredoms,Super ae,2022,,false
Boredoms,Vision Creation Newsun,1999,,false
Boris,Flood,2000,,false
Boris,Boris At Last - Feedback,2003,,true
Boris,あくまのうた (Akuma no uta),2003,,true
Boris,Heavy Rocks,2002,,true
Boris,Amplifier Worship,1998,,true
Boris,Pink,1992,,true
Boris & Merzbow,Rock Dream,2007,,false
Botch,We Are the Romans,1999,,true
Bowery Electric,Beat,1996,,true
boygenius,The Record,2023,,true
boygenius,boygenius EP,2018,,true
Brand New,Science Fiction,2017,,true
Brand New,Daisy,2009,,true
Brand New,The Devil And God Are Raging Inside Me,2006,,true
Brand New,Deja Entendu,2003,,true
Brandy,Never Say Never,1998,,true
Brave Little Abacus,Okumay,2012,,true
Brave Little Abacus,Just Got Back From the Discomfort—We're Alright,2010,,true
Brave Little Abacus,Masked Dancers: Concern in So Many Things You Forget Where You Are,2009,,true
Brian Eno,Apollo: Atmospheres and Sountracks,1983,,true
Brian Eno,Ambient 4: On Land,1982,,true
Brian Eno,Ambient 1: Music for Airports,1978,,true
Brian Eno,Before And After Science,1977,,true
Brian Eno,Another Green World,1975,,true
Brian Eno,Here Come the Warm Jets,1974,,true
Brian Eno,Taking Tiger Mountain (By Strategy),1974,,true
Brian Eno,Discreet Music,1971,,true
Brian Eno & David Byrne,My Life in the Bush of Ghosts,1981,,true
Brian Eno & Harold Budd,The Pearl,1984,,true
Brian Eno & Harold Budd,Ambient 2: The Plateaux of Mirror,1980,,true
Brian Wilson,Smile,2004,,true
Bridgit Mendler,Nemesis,2016,,true
Bring Me the Horizon,POST HUMAN: SURVIVAL HORROR,2020,,true
Britney Spears,Greatest Hits: My Prerogative,2004,,true
Brittany Howard,What Now,2024,,true
Brittany Howard,Jamie,2019,,true
Broadcast,Tender Buttons,2005,,true
Broadcast,Haha Sound,2003,,true
Broadcast,The Noise Made By People,2000,,true
Broadcast,Work and Non Work,1997,,true
Brockhampton,"ROADRUNNER: NEW LIGHT, NEW MACHINE",2021,,true
Brockhampton,Iridescence,2020,,true
Brockhampton,Saturation,2017,,true
Brockhampton,Saturation II,2017,,true
Brockhampton,Saturation III,2017,,true
Broken Social Scene,Hug of Thunder,2017,,true
Broken Social Scene,Broken Social Scene,2005,,true
Broken Social Scene,You Forgot It In People,2002,,true
Brother Ali,Shadows on the Sun,2011,,true
Bruce Dickinson,The Chemical Wedding,1998,,true
Bruce Springsteen,Greatest Hits CD1,1995,,true
Bruce Springsteen,Greatest Hits CD2,1995,,true
Bruce Springsteen,Born in the U.S.A,1984,,true
Bruce Springsteen,Nebraska,1982,,true
Bruce Springsteen,The River,1980,,true
Bruce Springsteen,Darkness on the Edge of Town,1978,,true
Bruce Springsteen,Born to Run,1975,,true
Bruce Springsteen,"The Wild, The Innocent, & The E Street Shuffle",1973,,true
Bruno Pernadas,Those Who Throw Objects at the Crocodiles Will Be Asked to Retrieve Them,2016,,true
Bubu,Anabelas,1978,,true
Buckethead,Crime Slunk Scene,2006,,true
Buckethead,Electric Tears,2002,,true
Buckethead,Colma,1998,,true
Buena Vista Social Club,Buena Vista Social Club,1997,,true
Buffalo Springfield,Buffalo Springfield Again,1967,,true
Buffy Sainte-Marie,Illuminations,1969,,true
Built to Spill,Keep It Like a Secret,1999,,true
Built to Spill,Perfect From Now On,1997,,true
Built to Spill,There's Nothing Wrong with Love,1994,,true
Burial,Tunes 2011-2019,2019,,true
Burial,Rival Dealer,2013,,true
Burial,Kindred,2012,,true
Burial,Truant / Rough Sleeper,2012,,true
Burial,Street Halo,2011,,true
Burial,Untrue,2007,,true
Burzum,Filosofem,1996,,true
Burzum,Hvis lyset tar oss,1994,,true
Buscabulla,Regresa,2020,,true
Busdriver,Perfect Hair,2014,,true
Busdriver,Temporary Forever,2002,,true
Butthole Surfers,Locust Abortion Technicians,1987,,true
Buzzcocks,Singles Going Steady,1979,,true
C. Tangana,El Madrileño,2021,,true
c418,Minecraft - Volume Beta,2012,,true
c418,Minecraft - Volume Alpha,2011,,true
Cacola,Amy Rose,2020,,false
Caetano Veloso,Transa,1972,,true
Caetano Veloso,Caetano Veloso,1968,,true
Café Tacvba,El Objeto Antes Llamado Disco,2012,,true
Café Tacvba,Cuatro Caminos,2003,,true
Café Tacvba,Revés,1999,,true
Café Tacvba,Yo Soy,1999,,true
Café Tacvba,Avalancha de Exitos,1996,,true
Café Tacvba,Re,1994,,true
Caifanes,El Nervio del Volcán,1994,,true
Caifanes,El silencio,1992,,true
Cakes da Killa,Muvaland,2020,,true
Calexico,Feast of Wire,2003,,true
Calexico,The Black Light,1998,,true
Calle 13,MultiViral,2014,,true
Calle 13,Entren Los Que Quieran,2010,,true
Calle 13,Los de atrás vienen conmigo,2008,,true
Camarón de la Isla,La Leyenda del Tiempo,1979,,true
Camel,Moonmadness,1976,,true
Camel,The Snow Goose,1975,,true
Camel,Mirage,1974,,true
Cameron Winter,Heavy Metal,2024,,true
Camp Lo,Uptown Saturday Night,1997,,true
Can,Future Days,1973,,true
Can,Ege Bamyasi,1972,,true
Can,Tago Mago,1971,,true
Can,Monster Movie,1969,,true
Candy Claws,Ceres & Calypso in the Deep Time,2013,,true
Candy Claws,Two Airships / Exploder Falls,2008,,true
Cannibal Ox,The Cold Vein,2001,,true
Cap'n'Jazz,"Burritos, Inspiration Point, Fork Balloon Sports",1995,,true
Capital Steez,AmeriKKKan Korruption,2012,,true
Capone-n-Noreaga,The War Report,1997,,true
Captain Beefheart and His Magic Band,Trout Mask Replica,1969,,true
Captain Beefheart and His Magic Band,Safe as Milk,1967,,true
Captain Beyond,Captain Beyond,1972,,true
Car Seat Headrest,Twin Fantasy,2018,,true
Car Seat Headrest,Teens of Denial,2016,,true
Car Seat Headrest,How to Leave Town,2014,,true
Car Seat Headrest,Nervous Young Man,2013,,true
Car Seat Headrest,Monomania,2012,,true
Caravan,"If I Could Do It All Over Again, I'd Do It All Over You",1970,,false
Caravan,In the Land of Grey and Pink,1971,,true
Carcass,Heartwork,1993,,true
Carcass,Necroticism: Descanting the Insalubrious,1991,,true
Carissa's Wierd,Songs About Leaving,2002,,true
Carly Rae Jepsen,EMOTION: Side B,2016,,true
Carly Rae Jepsen,EMOTION,2015,,true
Carole King,Tapestry,1971,,true
Caroline Polachek,"Desire, I Want To Turn Into You",2023,,true
Caroline Polachek,Pang,2019,,true
Carpenter Brut,Trilogy,2015,,true
Casiopea,Mint Jams,1982,,true
Casiopea,Casiopea,1979,,true
Cat Power,Moon Pix,2022,,true
Cat Power,The Greatest,2006,,true
Cat Power,You Are Free,2003,,true
Cat Stevens,Tea For the Tillerman,1970,,true
Cate Le Bon,Pompeii,2022,,true
Cate le Bon,Reward,2019,,true
CCCP Fedeli alla Linea,Affinità-divergenze fra il compagno Togliatti e noi: Del conseguimento della maggiore età,1986,,true
Cecil Taylor,At the Café Montmartré,1962,,true
Celtic Frost,Monotheist,2006,,true
Celtic Frost,To Mega Therion,1985,,true
Celtic Frost,Morbid Tales,1984,,true
Cerce,Cerce EP,2012,,true
CHAI,PUNK,2019,,true
Chairlift,Something,2012,,true
Chance The Rapper,Coloring Book,2016,,true
Chance The Rapper,Acid Rap,2013,,true
Chancha Vía Circuito,Bienaventuranza,2018,,true
Chapterhouse,Whirlpool,1991,,true
Charles Mingus,Let My Children Hear Music,1972,,true
Charles Mingus,Mingus Mingus Mingus Mingus Mingus,1965,,true
Charles Mingus,The Black Saint and the Sinner Lady,1963,,true
Charles Mingus,Oh Yeah,1962,,true
Scientist,Scientist Rids the World of the Evil Curse of the Vampires,1981,,true
Horace Andy,Dance Hall Style,1982,,true
The Durutti Column,Vini Reilly,1989,,true
Charles Mingus,Tijuana Moods,1962,,true
Charles Mingus,Mingus Ah Um,1959,,true
"Charles Mingus, Max Roach & Duke Ellington",Money Jungle,1969,,true
Charlie Parker,Bird: The Original Recordings of Charlie Parker,1980,,true
Charlotte Gainsbourg,Rest,2017,,true
Charlotte Gainsbourg,IRM,2009,,true
Charly Garcia,Yendo de la Cama al Living,1982,,true
Charrly García,Clics Modernos,1983,,true
Chat Pile & Nerver,Brothers in Christ,2023,,true
Cheekface,Too Much Ask,2022,,true
Chelsea Wolfe,Abyss,2015,,true
Chelsea Wolfe,Pain is Beauty,2013,,true
Chelsea Wolfe,Ἀποκάλυψις [Apokalypsis],2011,,true
Chicago Transit Authority,Chicago Transit Authority,1969,,true
Chicano Batman,Freedom is Free,2017,,true
Chico Buarque,Construcao,1971,,true
Childish Gambino,Atavista,2024,,true
Childish Gambino,"""Awaken, My Love!""",2016,,true
Chivo Negro,Volume Death,2017,,true
Chris Travis,Pizza and Codeine,2012,,true
Christoph de Babalon,"If You're Into It, I'm Out of It",1997,,true
Christopher Larkin,Hollow Knight (Original Soundtrack),2017,,true
Chromatics,Kill For Love,2012,,true
Chuck Berry,The Great Twenty-Eight (1-14),1982,,true
Chuck Berry,The Great Twenty-Eight (14-28),1982,,true
Chuck Person,Eccojams Vol. 1,2010,,false
Cibo Matto,Stereo Type A,1999,,true
Cibo Matto,Viva! La Woman,1996,,true
Cindy Lee,Diamond Jubilee,2024,,false
Ciśnienie,JazzArt Underground,2019,,true
Civerous,Maze Envy,2024,,true
Clairo,Charm,2024,,true
Clairo,Live al Electric Lady,2023,,true
Clams Casino,Instrumental Relics,2020,,true
Clap Your Hands Say Yeah,Clap Your Hands Say Yeah,2005,,true
Clarence Clarity,Vanishing Act I: No Nouns,2021,,true
Clarence Clarity,LEAVE EARTH,2018,,true
Clarence Clarity,NO NOW,2016,,true
clipping.,Visions of Bodies Being Burned,2020,,true
clipping.,There Existed an Addiction to Blood,2019,,true
clipping.,Wriggle.,2016,,true
clipping.,CLPPNG,2014,,true
Clipse,Hell Hath No Fury,2006,,true
Clipse,Lord Willin',2002,,true
Clipse,Let God Sort Em Out,2025,,true
Clockwork Indigo,Clockwork Indigo,2014,,false
Cloud Nothings,Here and Nowhere Else,2014,,true
Cloud Nothings,Attack on Memory,2012,,true
Clouddead,Clouddead,2001,,true
Cobalt,Slow Forever,2016,,true
Cocteau Twins,Heaven or Las Vegas,1990,,true
Cocteau Twins,Blue Bell Knoll,1988,,true
Cocteau Twins,Love's Easy Tears,1986,,true
Cocteau Twins,Victorialand,1986,,true
Cocteau Twins,The Pink Opaque,1985,,true
Cocteau Twins,The Spangle Maker,1984,,true
Cocteau Twins,Treasure,1984,,true
Cocteau Twins,Head Over Heels,1983,,true
Code Orange,Forever,2020,,true
Code Orange,Underneath,2020,,true
Codeine,Frigid Stars LP,1990,,true
Coheed and Cambria,"Good Apollo, I'm Burning Star IV, Volume Two: No World for Tomorrow",2007,,true
Coheed and Cambria,"Good Apollo, I'm Burning Star IV, Volume One: From Fear Through the Eyes of Madness",2005,,true
Coheed and Cambria,The Second Stage Turbine Blade,2001,,true
Coil,Black Antlers,2004,,true
Coil,Moon's Milk (In Four Phases),2002,,true
Coil,The Ape of Naples,2005,,true
Coil,Musick to Play in the Dark²,2000,,true
Coil,Musick to Play in the Dark,1999,,true
Coil,Horse Rotorvator,1986,,true
Colin Stetson,When we were that what wept for the sea,2023,,true
Colin Stetson,New History Warfare Vol. 3: To See More Light,2013,,true
Colin Stetson,New History Warfare Vol. 2,2011,,true
Colin Stetson,New History Warfare Vol. 2: Judges,2011,,true
Colosseum,Valentyne Suit,1969,,true
Common,Be,2005,,true
Common,Like Water for Chocolate,2000,,true
Common,One Day It'll Make Sense,1997,,true
Common,Resurrection,1994,,true
Common Sense,Resurrection,1994,,false
Company Flow,Funcrusher Plus,1997,,true
Comus,First Utterance,1971,,true
Connan Mockasin,Forever Dolphin Love,2011,,true
Converge,The Dusk In Us,2017,,true
Converge,All We Love We Leave Behind,2012,,true
Converge,Axe To Fall,2009,,true
Converge,No Heroes,2006,,true
Converge,You Fail Me,2004,,true
Converge,Jane Doe,2001,,true
Converge,When Forever Comes Crashing,1998,,true
Aliyah's Interlude,KUNTOLOGY 101 EP,1998,,true
Converge,Petitioning the Empty Sky,1996,,true
Westside Cowboy,So Much Country ‘Till We Get There EP,1996,,true
hemlocke springs,the apple tree under the sea,1996,,true
IDK,e.t.d.s,1996,,true
Converge,Love Is Not Enough,2025,,true
Conway the Machine,God Don't Make Mistakes,2022,,true
Cookin Soul,DOOM XMAS,2020,,true
Corea,Los peores 7 km de mi vida,2004,,true
Cornelius,Point,2001,,true
Cornelius,Fantasma,1997,,true
Cornershop,Handcream for A Generation,2002,,true
Cornershop,When I Was Born for the 7th Time,1997,,true
Coroner,Mental Vortex,1991,,true
Coroner,No More Color,1989,,true
Coroner,Punishment for Decadence,1988,,true
Cortex,Troupeau bleu,1975,,true
Courtney Barnett,"Sometimes I Sit And Think, And Sometimes I Just Sit",2015,,true
Courtney Barnett,The Double EP: The Sea of Split Peas,2013,,true
Cream,Disraeli Gears,1967,,true
Creedence Clearwater Revival,Chronicle,1976,,true
Creedence Clearwater Revival,Cosmo's Factory,1970,,true
Creedence Clearwater Revival,Green River,1969,,true
Creedence Clearwater Revival,Willy and the Poor Boys,1969,,true
"Crosby, Still & Nash","Crosby, Still & Nash",1969,,true
"Crosby, Stills, Nash & Young",Déja Vü,1970,,true
Crumb,Jinx,2020,,true
Crumb,Locket,2017,,true
Crying,Beyond the Fleeting Gales,2016,,true
Cryptopsy,None So Vile,1996,,true
Crystal Castles,(iii),2014,,true
Crystal Castles,Crystal Castles (Second One),2010,,true
Crystal Castles,Crystal Castles,2008,,true
Crystal Stilts,In Love With Oblivion,2011,,true
Cult of Luna,Somewhere Along the Highway,2006,,true
Culture,Two Sevens Clash,1977,,true
CunninLynguists,Oneirology,2011,,true
CunninLynguists,A Piece of Strange,2006,,true
Curren$y & The Alchemist,Covert Coup,2011,,true
Current 93,Thunder Perfect Mind,1992,,true
Curtis Mayfield,Superfly,1972,,true
Curtis Mayfield,Curtis,1970,,true
Curtis Mayfield & The Impressions,The Anthology 1961 - 1977 CD1,1992,,true
Curtis Mayfield & The Impressions,The Anthology 1961 - 1977 CD2,1992,,true
Cut Copy,Zonoscope,2011,,true
Cut Copy,In Ghost Colours,2007,,true
Cyndi Lauper,She's So Unusual,1983,,true
Cypress Hill,Black Sunday,1993,,true
Cypress Hill,Cypress Hill,1991,,true
CZARFACE,Every Hero Needs A Villain,2015,,true
D'angelo,Voodoo,2000,,true
D'Angelo,Brown Sugar,1995,,true
D'angelo and The Vanguard,Black Messiah,2014,,true
Daft Punk,Random Access Memories,2013,,true
Daft Punk,Alive 2007,2007,,true
Daft Punk,Human After All,2006,,true
Daft Punk,Discovery,2001,,true
Daft Punk,Homework,1997,,true
dalek,Absence,2005,,true
dalek,From Filthy Tongues of Gods and Griots,2002,,true
Damien Rice,My Favourite Faded Fantasy,2014,,true
Damien Rice,O,2002,,true
Dan Deacon,Mystic Familiar,2020,,true
Danger Mouse,The Grey Album,2004,,true
DANGERDOOM,The Mouse and the Mask,2005,,true
Daniel Avery,Drone Logic,2013,,true
Daniel Caesar,NEVER ENOUGH,2023,,true
Daniel Johnston,1990,1990,,true
Daniel Johnston,"Hi, How Are You",1983,,true
Daniel Johnston,Yip/Jump Music,1983,,true
Daniel Johnston,Songs of Pain,1981,,true
Daniel Lopatin,Uncut Gems - Original Motion Picture Soundtrack,2019,,true
Daniel Pemberton,Across the Spider'verse,2023,,true
Daniel Rossen,You Belong There,2022,,true
Daniel Rossen,Silent Hour/ Golden Mile EP,2012,,true
Danny Brown,Atrocity Exhibition,2016,,true
Danny Brown,XXX,2011,,true
Daphni,Cherry,2022,,true
Dark Angel,Darkness Descends,1986,,true
DARKSIDE,Spiral,2021,,true
Darkside,Psychic,2013,,true
Darkspace,Dark Space III,2008,,true
Darkthrone,Panzerfaust,1995,,true
Darkthrone,Transilvanian Hunger,1994,,true
Darkthrone,Under a Funeral Moon,1993,,true
Darkthrone,A Blaze In the Northern Sky,1992,,true
Daughter,The Wild Youth,2011,,true
Daughters,You Won't Get What You Want,2018,,true
David Bowie,No Plan,2017,,true
David Bowie,Blackstar,2016,,true
David Bowie,The Next Day,2013,,true
David Bowie,Changesbowie,1990,,true
David Bowie,Let's Dance,1983,,true
David Bowie,Scary Monsters (and Super Creeps),1980,,true
David Bowie,Lodger,1979,,true
David Bowie,"""Heroes""",1977,,true
David Bowie,Low,1977,,true
David Bowie,Station to Station,1976,,true
David Bowie,Young Americans,1975,,true
David Bowie,Diamond Dogs,1974,,true
David Bowie,Aladdin Sane,1973,,true
David Bowie,The Rise and Fall of Ziggy Stardust and the Spiders From Mars,1972,,true
David Bowie,Hunky Dory,1971,,true
David Kauffman & Eric Caboor,Songs From Suicide Bridge,1984,,true
David Sylvian,Secrets of the Beehive,1987,,true
David Wise,Donkey Kong Country 2: Diddy's Kong Quest,1995,,false
De La Soul,The Grind Date,2004,,true
De la Soul,Timeless: The Singles Collection,2003,,true
De la Soul,Stakes is High,1994,,true
De la Soul,Buhloone Mindstate,1993,,true
De la Soul,De La Soul Is Dead,1991,,true
De la Soul,3 Feet High and Rising,1989,,true
Dead can Dance,Within the Realm of a Dying Sun,1987,,true
Dead can Dance,Spleen and Ideal,1985,,true
Dead Congregation,Graves of the Archangels,2008,,true
Dead Kennedys,Give Me Convenience or Give Me Death,1987,,true
Dead Kennedys,Plastic Surgery Disasters,1982,,true
Dead Kennedys,"In God We Trust, Inc.",1981,,true
Dead Kennedys,Fresh Fruit for Rotting Vegetables,1980,,true
Deafheaven,New Bermuda,2015,,true
Deafheaven,Sunbather,2013,,true
Deakin,Sleep Cycle,2016,,true
DEAN,130 Mood: TRBL,2016,,true
Dean Blunt,Black Metal 2,2021,,true
Dean Blunt,Black Metal,2014,,true
Death,...For the Whole World to See,2009,,true
Death,The Sound of Perseverance,1998,,true
Death,Symbolic,1995,,true
Death,Individual Thought Patterns,1993,,true
Death,Human,1991,,true
Death,Leprosy,1988,,true
Death,Scream Bloody Gore,1987,,true
Death Cab For Cutie,Narrow Stairs,2008,,true
Death Cab For Cutie,Plans,2005,,true
Death Cab For Cutie,The Photo Album,2001,,true
Death Cab For Cutie,We Have the Facts and We're Voting Yes,2000,,true
Death Cab for Cuties,Transatlanticism,2003,,true
Death from Above 1979,"You're A Woman, I'm A Machine",2004,,true
Death Grips,Year Of The Snitch,2018,,true
Death Grips,Steroids,2017,,true
Death Grips,Bottomless Pit,2016,,true
Death Grips,Jenny Death,2015,,true
Death Grips,The Powers That B,2015,,true
Death Grips,Niggas on the Moon,2014,,true
Death Grips,No Love Deep Web,2012,,true
Death Grips,The Money Store,2012,,true
Death Grips,Interview 2016,2016,,true
death's dynamic shroud,You Like Music,2024,,true
death's dynamic shroud,Darklife,2022,,true
death's dynamic shroud,I'll Try Living Like This,2015,,true
death's dynamic shroud.wmv,Faith in Persona,2021,,true
Deathspell Omega,Paracletus,2013,,true
Deathspell Omega,"Fas – Ite, maledicti, in ignem aeternum",2007,,true
Deathspell Omega,Kénôse,2005,,true
DeBarge,In A Special Way,1983,,true
Deee-Lite,Sampladelic Relics and Dancefloor Oddities,1996,,true
Deep Purple,Deepest Purple: The Very Best of Deep Purple,1980,,true
Deep Purple,Machine Head,1972,,true
Deep Purple,Made in Japan,1972,,true
Deep Purple,Deep Purple in Rock,1970,,true
DeepChord Presents: Echospace,Liumin,2010,,true
Yeasayer,All Hour Cymbals,2007,,true
Deerhoof,Apple O',2003,,true
Deerhoof,Actually You Can,2021,,true
Deerhoof,Breakup Song,2012,,true
Deerhunter,Fading Frontier,2015,,true
Deerhunter,Monomania,2013,,true
Deerhunter,Halcyon Digest,2010,,true
Deerhunter,Microcastle,2008,,true
Deerhunter,Weird Era Cont.,2008,,true
Deerhunter,Cryptograms,2007,,true
Def Leppard,Hysteria,1987,,true
Deftones,ohms,2020,,true
Deftones,Koi No Yokan,2012,,true
Deftones,Diamond Eyes,2010,,true
Deftones,Saturday Night Wrist,2006,,true
Deftones,White Pony,2000,,true
Deftones,Around the Fur,1997,,true
Del the Funky Homosapien,I Wish My Brother George Was Here,1991,,true
Delaeny & Bonney,The Originial Delaney & Bonnie,1969,,false
Deltron 3030,Deltron 3030,2000,,true
Demilich,Nespithe,1993,,true
Denzel Curry,Imperial,2016,,true
Denzel Curry,TA1300,2018,,true
Denzel Curry & Kenny Beats,UNLOCKED,2020,,true
Depeche Mode,The Singles 86>98,1998,,true
Depeche Mode,Ultra,1997,,true
Depeche Mode,Songs for Faith and Devotion,1993,,true
Depeche Mode,Violator,1990,,true
Depeche Mode,Music for the Masses,1987,,true
Depeche Mode,Black Celebration,1986,,true
Depeche Mode,The Singles 81->85,1985,,true
Destroyer,Labrynthitis,2022,,true
Destroyer,Have We Met,2020,,true
Destroyer,Ken,2017,,true
Destroyer,Poison's Season,2015,,true
Destroyer,Kaputt,2011,,true
Destroyer,Destroyer's Rubies,2006,,true
Destroyer,Streethawk: A Seduction,2001,,true
Devendra Banhart,Rejoicing in the Hands,2004,,true
Devendra Banhart,Mala,2013,,true
Devendra Banhart,Cripple Crow,2005,,true
Devin Townsend,Terria,2001,,true
Devin Townsend,Ocean Machine,1997,,true
Devo,Q: Are We Not Men? A: We Are Devo!,1978,,true
Devon Hendryx,DREAMCAST SUMMER SONGS,2012,,false
Devon Hendryx,THE GHOST~POP TAPE,2013,,true
Dexys Midnight Runners,Searching for the Young Soul Rebels,1982,,true
Dexys Midnight Runners,Too-Rye-Ay,1981,,true
Diamond Head,Lightning to the Nations,1980,,true
Diana Ross,Diana,1980,,true
Die Urkatastrophe,Die Urkatastrophe,2024,,true
Digable Planets,Blowout Comb,1994,,true
Digable Planets,Reachin' (A New Refutation of Time and Space),1993,,true
Dijon,Absolutely,2021,,true
Diles Que No Me Maten,Edificio,2020,,true
Dinosaur Jr.,Farm,2009,,true
Dinosaur Jr.,Where You Been,1993,,true
Dinosaur Jr.,Green Mind,1991,,true
Dinosaur Jr.,Bug,1988,,true
Dinosaur Jr.,You're Living All Over Me,1987,,true
Dio,The Last in Line,1984,,true
Dio,Holy Diver,1983,,true
Dire Straits,Brothers in Arms,1985,,true
Dire Straits,Love Over Gold,1982,,true
Dire Straits,Greatest Hits,1980,,true
Dirty Beaches,Drifters / Love Is The Devil,2013,,true
Dirty Projectors,Swing Lo Magellan,2012,,true
Dirty Projectors,Bitte Orca,2009,,true
Disclosure,Ecstasy,2020,,true
Disclosure,Settle,2013,,true
Disco Inferno,Summer's Last Sound,1992,,true
Disco Inferno,The 5 EPs,2011,,true
Disco Inferno,D.I. Go Pop,1994,,true
diSEMBOWELMENT,Transcendence Into the Peripheral,1993,,true
Dismember,Like an Ever Flowing Stream,1991,,true
Dissection,Storm of the Light's Bane,1995,,true
Dissection,The Somberlain,1993,,true
Dizzie Rascal,Boy in da Corner,2003,,true
DJ Jeffee,Jungle Spliff,1995,,false
DJ Koze,Knock Knock,2018,,true
DJ Koze,DJ Kicks,2016,,true
DJ Koze,Amygdala,2013,,true
DJ Premier Worldwide Mix by soulchasers on #SoundCloud,DJ Premier Worldwide Mix by soulchasers on #SoundCloud,2015,,false
DJ Screw,Endonesia,1997,,false
DJ Screw,Old School,1994,,false
DJ Screw,3 'n the Morning: Part II [Blue],1995,,true
DJ Screw,Bigtyme Vol II: All Screwed Up,1995,,true
DJ Shadow,Preemptive Strike,1998,,true
DJ Shadow,Entroducing…,1996,,true
DJ Sprinkles,Where Dancefloors Stand Still,2013,,true
DJ Sprinkles,Midtown 120 Blues,2009,,true
DJ 光光光 [DJ Pica Pica Pica],Planetary Natural Love Gas Webbin' 199999,1999,,true
Django Django,Django Django,2012,,true
Django Reindhardt,Best of Django Reindhardt,2005,,true
Djeli Moussa Diawara,Djeli Moussa Diawara,1983,,false
Djo,Twenty Twenty,2019,,true
Djrum,Under Tangled Silence,2015,,true
dltzk,Frailty,2021,,true
DMX,It's Dark and Hell Is Hot,1998,,true
Dollar Brand (Abdullah Ibrahim),African Marketplace,1980,,true
Dolly Parton,Jolene,1974,,true
Donald Fagen,The Nightfly,1982,,true
Donna Summer,Bad Girls,1979,,true
Donna Summer,"On the Radio (Greatest Hits, Volumes I & II)",1979,,true
Donovan,Sunshine Superman,1966,,true
DOOM,Born Like This,2009,,true
Dope Body,Home Body,2020,,true
Dope Body,Natural History,2012,,true
Dorian Electra,Flamboyant,2019,,true
Dos Monos,Dos Siki,2020,,true
Down,NOLA,1995,,true
"Dr, John",Gris-Gris,1968,,true
Dr. Dre,The Chronic,1992,,true
Dr. Dre,2001,1999,,true
Dr. Octagon,Octagoneocologyst,1996,,true
Drake,If You're Reading This It's Too Late,2015,,true
Dream Theater,Octavarium,2005,,true
Dream Theater,Train of Thought,2003,,true
Dream Theater,Six Degrees of Inner Turbulence CD1,2002,,true
Dream Theater,Six Degrees of Inner Turbulence CD2,2002,,true
Dream Theater,Metropolis Pt. 2: Scenes from a Memory,1999,,true
Dream Theater,A Change of Seasons,1995,,true
Dream Theater,Images and Words,1992,,true
Dream Unending,Song of Salvation,2022,,true
Drive Like Jehu,Yank Crime,1994,,true
Drive-by Truckers,Brighter than Creation's Dark,2008,,true
Drive-by Truckers,Dirty South,2004,,true
Dropkick Murphys,Greatest Hits,2011,,true
Drudkh,Кров у наших криницях (Blood in Our Wells),2006,,true
Duran Duran,Rio,1982,,true
Duster,Capsule Losing Contact,2019,,true
Duster,Contemporary Movement,2000,,true
Duster,"Apex, Trance-Like",1998,,true
Duster,Stratosphere,1998,,true
E+E,The Light That You Gave Me to See You,2013,,true
E+E,El sueño del Forastero,2013,,false
Eagles,Greatest Hits (Eagles),1976,,true
Earl Sweatshirt,Solace,2015,,false
Earl Sweatshirt,Some Rap Songs,2018,,true
Earl Sweatshirt,"I Don't Like Shit, I Don't Go Outside",2015,,true
Earl Sweatshirt,Doris,2013,,true
Earth,The Bees made Honey in the Lions Skull,2008,,true
Earth,Earth 2: Special Low Frequency Version,1993,,true
Earth Wind & Fire,All n All,1977,,true
Eartheater,Trinity,2019,,true
ecco2k,E,2019,,true
Echo & The Bunnymen,Songs to Learn & Sing,1985,,true
Echo & The Bunnymen,Ocean Rain,1984,,true
Echo & The Bunnymen,Porcupine,1983,,true
Echo & The Bunnymen,Heaven Up Here,1981,,true
Edan,Beauty and the Beat,2005,,true
Eddie Vedder,Into The Wild,2007,,true
EDEN,End Credits,2015,,true
Edge of Sanity,Crimson,1996,,true
Eels,Electro-Shock Blues,1998,,true
Eels,Beautiful Freak,1996,,true
einsturzende Neubauten,Halber Mensch,1985,,true
El Cuarteto De Nos,Raro,2006,,true
Él Mató A Un Policia Motorizado,La Síntesis O'Konnor,2017,,true
El Shirota,ESH002,2018,,true
El-p,Cancer for Cure,2012,,true
El-P,I'll Sleep When You're Dead,2007,,true
El-P,Fantastic Damage,2002,,true
Ela Minus,Acts of Rebellion,2020,,true
Elastica,Elastica,1994,,true
Elbow,Audio Vertigo,2024,,true
Elbow,Giants Of All Sizes,2019,,true
Elbow,The Take Off and Landing of Everything,2014,,true
Elbow,Build a Rocket Boys!,2011,,true
Elbow,The Seldom Seen Kid,2008,,true
Elbow,Cast of Thousands,2003,,true
Elbow,Asleep In The Back,2001,,true
Elder,Innate Passage,2022,,true
Elder,Reflections of a Floating World,2017,,true
Electric Light Orchestra,Time,1981,,true
Electric Light Orchestra,Out of the Blue,1977,,true
Electric Light Orchestra,A New World Record,1976,,true
Electric Light Orchestra,Face the Music,1975,,true
Electric Light Orchestra,Eldorado,1974,,true
Electric Wizard,Dopethrone,2000,,true
Electric Wizard,Come My Fanatics...,1997,,true
Elliot Smith,New Moon,2007,,true
Elliot Smith,From a Basement on a Hill,2004,,true
Elliott Smith,From a Basement on the Hill,2004,,true
Elliott Smith,Figure 8,2000,,true
Aimee Mann,"Bachelor No. 2 (Or, the Last Remains of the Dodo)",2000,,true
Drexciya,Neptunes Lair,1999,,true
Elliott Smith,Either/Or,1997,,true
Elliott Smith,Elliott Smith,1995,,true
Elliott Smith,Roman Candle,1994,,true
Elmore James,The Sky Is Crying: The History of Elmore James,1993,,true
Elton John,Greatest Hits 1970-2002 (CD1 ONLY),2008,,true
Elton John,Captain Fantastic and the Brown Dirt Cowboy,1975,,true
Elton John,Goodbye Yellow  Brick Road,1973,,true
Elton John,Honky Chateu,1972,,true
Elton John,Madman Across The Water,1971,,true
Elton John,Elton John,1970,,true
Elvis Costello,Trust,1981,,true
Elvis Costello,This Year's Model,1978,,true
Elvis Costello,My Aim is True,1977,,true
Elvis Costello and the Attractions,Armed Forces,1979,,true
Elvis Presley,ELV1S: 30 #1 Hits (Disc 1),2002,,true
Elvis Presley,ELV1S: 30 #1 Hits (Disc 2),2002,,true
Elvis Presley,Elvis Presley,1956,,true
"Emerson, Lake & Palmer",Brain Salad Surgery,1973,,true
Roni Size / Reprazent,New Forms,1997,,true
"Emerson, Lake & Palmer",Tarkus,1971,,true
"Emerson, Lake & Palmer","Emerson, Lake & Palmer",1970,,true
Eminem,The Eminem Show,2002,,true
Eminem,The Marshall Mathers LP,2000,,true
Eminem,The Slim Shady LP,1999,,true
Emperor,Anthems to the Welkin at Dusk,1997,,true
Emperor,In The Nightside Eclipse,1993,,true
Ennio Morricone,"Il buono, il brutto, il cattivo (The Good, the Bad & the Ugly)",1966,,true
Entombed,Clandestine,1991,,true
Entombed,Left Hand Path,1990,,true
Envy,All the Footprints You've Ever Left and the Fear Expecting Ahead,2001,,true
Enya,Watermark,1988,,true
EPMD,Business Never Personal,1992,,true
Eric B. & Rakim,Follow The Leader,1981,,true
Eric B. & Rakim,Paid in Full,1987,,true
Eric Clapton,Slowhand,1977,,true
Eric Dolphy,Out to Lunch!,1964,,true
Erika de Casier,Essentials,2019,,true
Erroll Garner,Concert by the Sea,1955,,true
Erykah Badu,New Amerykah Part Two: Return of the Ankh,2010,,true
Sarah McLachlan,Fumbling Towards Ecstasy,1993,,true
Erykah Badu,New Amerykah Part One (4th World War),2008,,true
Erykah Badu,Mama's Gun,2000,,true
Erykah Badu,Baduizm,1997,,true
Esoteric,The Maniacal Vale,2008,,true
Esperanza Spalding,Emily's D+Evolution,2016,,true
Everything But The Girl,Walking Wounded,1996,,true
Everything Everything,Mountainhead,2024,,true
Everything Everything,Get to Heaven,2015,,true
Evian Christ,Waterfall,2014,,true
EXO,THE WAR,2017,,true
Exploded View,Exploded View,2016,,true
Explosions In The Sky,The Wilderness,2016,,true
Explosions in the Sky,All of a Sudden I Miss Everyone,2007,,true
Explosions In The Sky,The Earth Is Not A Cold Dead Place,2003,,true
Explosions In The Sky,"Those Who Tell the Trush Shall Die, Those Who Truth Shall Live Forever",2001,,true
Extremity,Extremely Fucking Dead,2017,,true
Extremoduro,La Ley Innata,2008,,true
Exuma,Exuma,1970,,true
f(x),4 Walls,2015,,true
f(x),Red Light,2014,,true
f(x),Pink Tape,2013,,true
Failure,Fantastic Planet,1996,,true
Fairport Convention,Liege & Lief,1969,,true
Fairport Convention,Unhalfbricking,1969,,true
Faith No More,King for a Day... Fool for a Lifetime,1995,,true
Faith No More,Angel Dust,1992,,true
Faith No More,The Real Thing,1989,,true
Fall Out Boy,Folie a Deux,2008,,true
Fall Out Boy,Infinity On High,2007,,true
Fatboy Slim,Why Try Harder,2023,,true
Fatboy Slim,Palookaville,2004,,true
Fatboy Slim,Between the Gutter and the Stars,2000,,true
Fatboy Slim,"You've Come a Long Way, Baby",1998,,true
Father John Misty,Chloe and the Next 20th Century,2022,,true
Father John Misty,Pure Comedy,2017,,true
Fats Domino,My Blue Heaven .. The Best Of Fats Domino (Vol. 1),1990,,true
Faust,Faust IV,1973,,true
Faust,Faust,1971,,true
Faye Wong,浮躁 (Fúzào),1996,,true
Fear Factory,Demanufacture,1995,,true
Feeble Little Horse,Girl With Fish,2023,,true
Feist,The Reminder,2007,,true
Feist,Let It Die,2004,,true
Feist,Metals,2011,,true
Fela Kuti & Africa 70,Zombie,1977,,true
Fela Kuti & Africa 70,Confusion,1975,,true
Fela Kuti & Africa 70,Expensive Shit,1975,,true
Fela Kuti & Africa 70,Gentleman,1975,,true
Fela Kuti & Africa 70,Roforofo Fight,1972,,true
Fennesz,Venice,2004,,true
Fennesz,Agora,2019,,true
Fennesz,Endless Summer,2001,,true
Feu! Chatterton,Palais D'argile,2021,,true
Fever Ray,Plunge,2017,,true
Fever Ray,Fever Ray,2009,,true
Fiona Apple,Fetch The Bolt Cutters,2020,,true
Fiona Apple,The Idler Wheel Is Wiser Than The Driver Of The Screw And Whipping Cords Will Serve You More Than Ropes Will Ever Do,2012,,true
Fiona Apple,Extraordinary Machine,2005,,true
Fiona Apple,Tidal,1996,,true
Fire-Toolz,I will not use the body's eyes today.,2022,,true
Fire-Toolz,Eternal Home,2021,,true
Fishmans,宇宙 日本 世田谷 [Uchū Nippon Setagaya],2020,,true
Fishmans,空中キャンプ (Kūchū Camp),2020,,true
Fishmans,98.12.28 Otokotachi no Wakare,1999,,true
Fishmans,Long Season,1996,,true
FKA twigs,EUSEXUA,2025,,true
FKA twigs,EP2,2013,,true
FKA twigs,M3LL155X,2015,,true
FKA twigs,LP1,2014,,true
FKA twigs,MAGDALENE,2019,,true
FKA twigs,Caprisongs,2022,,true
Flatbush Zombies,BetterOffDEAD,2013,,true
Fleet Foxes,Shore,2020,,true
Fleet Foxes,Crack-Up,2017,,true
Fleet Foxes,Helplessness Blues,2011,,true
Fleet Foxes,Fleet Foxes,2008,,true
Fleet Foxes,Sun Giant,2008,,true
Fleetwood Mac,Greatest Hits,1988,,true
Fleetwood Mac,Tango in the Night,1987,,true
Fleetwood Mac,Tusk CD1,1979,,true
Fleetwood Mac,Tusk CD2,1979,,true
Fleetwood Mac,Rumours,1977,,true
Fleetwood Mac,Fleetwood Mac,1975,,true
Florence + The Machine,How Big How Blue How Beautiful,2015,,true
Florence + The Machine,Ceremonials,2011,,true
Florence + The Machine,Lungs,2009,,true
Florist,Florist,2022,,true
Flower Travellin' Band,Satori,1971,,true
Flying Lotus,You're Dead!,2014,,true
Flying Lotus,Until the Quiet Comes,2012,,true
Flying Lotus,Cosmogramma,2010,,true
Flying Lotus,Los Angeles,2008,,true
Foals,Antidotes,2008,,true
FONTAINES D.C,Skinty Fia,2022,,true
Foo Fighters,Wasting Light,2011,,true
Foo Fighters,"Echoes, Silence, Patience and Grace",2007,,true
Foo Fighters,Greatest Hits (Foo Fighters),2000,,true
Foo Fighters,There Is Nothing Left To Lose,1999,,true
Foodman,oiss EP,2014,,false
Forest Swords,Compassion,2017,,true
Forest Swords,Engraving,2013,,true
Foster the People,Torches,2011,,true
Four Tet,Three,2024,,true
Four Tet,There is Love on You,2010,,true
Four Tet,Rounds,2003,,true
Four Tet,Pause,2001,,true
foxtails,fawn,2022,,true
Foxygen,We Are the 21st Century Ambassadors of Peace & Magic,2013,,true
Foxygen,Take the Kids off Broadway EP,2012,,true
Franco,The Very best of the Rumba Giant of Zaire,2000,,true
Franco Battiato,La voce del padrone,1981,,true
Françoise Hardy,La question,1971,,true
Frank Ocean,Blond,2016,,true
Frank Ocean,Channel Orange,2012,,true
Frank Ocean,"Nostagia, Ultra",2011,,true
Frank Sinatra,In The Wee Small Hours,1955,,true
Frank Zappa,The Grand Wazoo,1974,,false
Frank Zappa,Hot Rats,1969,,true
Frankie Knuckles,Boiler Room London DJ Set,2013,,true
Franz Ferdinand,Tonight: Franz Ferdinand,2009,,true
Frightened Rabbit,The Midnight Organ Fight,2008,,true
Friko,"Where we've been, Where we go from here",2024,,true
Fripp & Eno,Evening Star,1975,,true
Fu Manchu,Eatin´Dust,1999,,true
Fu Manchu,The Action is Go,1997,,true
Fuck Buttons,Slow Focus,2013,,true
Fuck Buttons,Tarot Sport,2009,,true
Fucked Up,David Comes To Life,2011,,true
Fucked Up,The Chemistry of Common Life,2008,,true
Fugazi,Fugazi,1988,,false
Fugazi,The Argument,2001,,true
Fugazi,Red Medicine,1995,,true
Fugazi,In on The Kill Taker,1993,,true
Fugazi,Steady Diet of Nothing,1991,,true
Fugazi,Repeater,1990,,true
Fugazi,13 Songs,1989,,true
Fugees,The Score,1996,,true
Funkadelic,One Nation Under a Groove,1978,,false
Funkadelic,Standing on the Verge of Getting It On,1974,,true
Funkadelic,Maggot Brain,1971,,true
Funkadelic,Free Your Mind... and Your Ass Will Follow,1970,,true
Funkadelic,Funkadelic,1970,,true
Furia,Martwa polska jesień,2007,,true
Future,Monster,2014,,true
Future Islands,Singles,2014,,true
Fuzz,Fuzz,2013,,true
G.L.O.S.S,Trans Day of Revenge,2016,,false
Gal Costa,Gal (1969),1969,,true
Gal Costa,Gal Costa,1969,,true
Galaxie 500,This is Our Music,1990,,true
Galaxie 500,On Fire,1989,,true
Galaxie 500,Today,1988,,true
Gang Gang Dance,Eye Contact,2011,,true
Gang Gang Dance,Saint Dymphna,2008,,true
Gang of Four,Entertainment!,1979,,true
Gang of Youths,Go Farther in Lightness,2017,,true
Gang Starr,Moment of Truth,1998,,true
Gang Starr,Heard to Earn,1994,,true
Gang Starr,Daily Operation,1992,,true
Gang Starr,Step in the Arena,1991,,true
GAO THE ARSONIST,AND THEY MINE FOR OUR BODIES,2024,,true
Garbage,Garbage 2.0,1998,,true
Garbage,Garbage,1995,,true
Gary Numan,The Pleasure Principle,1979,,true
Gas,Pop,2000,,true
Gas,Königsforst,1998,,true
Gas,Zauberberg,1997,,true
Geese,Getting Killed,2025,,true
Geese,3D Country,2023,,true
Gene Clark,No Other,1974,,true
Genesis,A Trick of the Tail,1976,,true
Genesis,The Lamb Dies Down on Broadway,1974,,true
Genesis,Selling England By The Pound,1973,,true
Genesis,Foxtrot,1972,,true
Genesis,Nursery Cryme,1971,,true
Genesis Owusu,Struggler,2023,,true
Genesis Owusu,Smiling with No Teeth,2021,,true
Gentle Giant,The Power and the Glory,1974,,true
Gentle Giant,In a Glass House,1973,,true
Gentle Giant,Octopus,1972,,true
Gentle Giant,Gentle Giant,1970,,true
George Clanton,Ohh Rap I Ya,2023,,true
George Clanton,Slide,2018,,true
George Clanton,100% Electronica,2015,,true
George Harrison,All Things Must Pass,1970,,true
George Michael,Listen Without Prejudice Vol. 1,1990,,true
George Michael,Faith,1987,,true
Geto Boys,We Can't Be Stopped,1991,,true
Ghais Guevara,Goyard Ibn Said,2025,,true
Ghais Guevara,There Will Be No Super-Slave,2022,,true
Ghost,Seven Inches of Satanic Panic,2019,,true
Ghost,Prequelle,2018,,true
Ghost,Meliora,2017,,true
Ghost,Popestar,2014,,true
Ghost,If you have Ghost,2013,,true
Ghostface Killah,Fishscale,2006,,true
Ghostface Killah,Supreme Clientele,2000,,true
Gil Scott-Heron,I'm New Here,2010,,true
Gil Scott-Heron,Pieces of a Man,1971,,true
Giles Corey,Hinterkaifeck,2013,,true
Giles Corey,Giles Corey,2011,,true
Gilla Band,Most Normal,2022,,true
Gillian Welch,Time (The Revelator),2001,,true
Ginger Root,Nisemono,2022,,true
Gingus,giranightcore: yellow,2021,,false
Girl Talk,All Day,2010,,true
Girl Talk,Feed the Animals,2008,,true
Girl Talk,Night Ripper,2006,,true
Girl Talk & Freeway,Broken Ankles EP,2014,,true
Girlpool,Before the World Was Big,2015,,true
Girlpool,Powerplant,2014,,true
Girlpool,What Chaos is Imaginary,2019,,true
Girls,"Father, Son, Holy Ghost",2011,,true
Girls,Broken Dreams Club,2010,,true
Jai Paul,Leak 04-13 (Bait Ones),2019,,true
Girls,Album,2009,,true
glass beach,the first glass beach album,2019,,true
Glenn Branca,The Ascension,1981,,true
Global Communication,76:14,1994,,true
Goblin,Suspiria,1977,,true
EMA,Past Life Martyred Saints,2011,,true
Godflesh,Decline and Fall,2014,,true
Godflesh,Streetcleaner,1989,,true
ESG,Come Away With ESG,1983,,true
Joyce Manor,Never Hungover Again,2014,,true
Joyce Manor,Joyce Manor,2011,,true
Gojira,Magma,2016,,true
Gojira,L'Enfant Sauvage,2012,,true
Gojira,The Way of All Flesh,2008,,true
Gojira,From Mars to Sirius,2005,,true
Goldfrapp,Felt Mountain,2000,,true
Goodie Mob,Soul Food,1995,,true
Gorguts,Pleiades Dust,2016,,true
Gorguts,Colored Sands,2013,,true
Gorguts,Obscura,1998,,true
Gorillaz,"Song Machine, Season 1",2020,,true
Gorillaz,Plastic beach,2010,,true
Gorillaz,Demon Days,2005,,true
Gorillaz,Gorillaz,2001,,true
Gospel,The Loser,2022,,true
Gospel,The Moon Is a Dead World,2005,,true
Grace Ives,Janky Star,2022,,true
Grace Jones,Nightclubbing,1981,,true
Grandaddy,The Sophtware Slump,2000,,true
Grandaddy,Under The Western Freeway,1997,,true
Grande Mahogany,As Grande As,2024,,true
Grant Green,Idle Moments,1965,,true
Grateful Dead,American Beauty,1970,,true
Grateful Dead,Workingman's Dead,1970,,true
Grave Babies,Crusher,2013,,true
Gravediggaz,6 Feet Deep,1994,,true
Gravest Hits,The Cramps,1979,,true
Green Day,American Idiot,2004,,true
Green Day,International Superhits!,2001,,true
Green Day,Warning,2000,,true
Green Day,Nimrod,1997,,true
Green Day,Insomniac,1995,,true
Green Day,Dookie,1994,,true
Gregory Alan Isakov,This Empty Northern Hemisphere,2009,,true
Grimes,Art Angels,2015,,true
Grimes,Visions,2012,,true
Gris,Il était une forêt...,2007,,true
Grizzly Bear,Shields,2012,,true
Grizzly Bear,Veckatimest,2009,,true
Grizzly Bear,Yellow House,2006,,true
Ground-Zero,Consume Red,1997,,true
Ground-Zero,Revolutionary Pekinese Opera Version 1.28,1995,,true
Grouper,Paradise Valley,2016,,true
Grouper,Ruins,2014,,true
Grouper,The Man Who Died in His Boat,2013,,true
Grouper,A I A: Alien Observer,2011,,true
Grouper,A I A: Dream Loss,2011,,true
Grouper,Dragging a Dead Deer up a Hill,2008,,true
grouptherapy.,"i was mature for my age, but i was still a child",2023,,true
Guerilla Toss,What Would The Odd Do?,2019,,true
Guerilla Toss,Twisted Crystal,2018,,true
Guerilla Toss,You're Weird Now,2025,,true
Guided By Voices,Alien Lanes,1995,,true
Guns n' Roses,Greatest Hits (First Half),2004,,true
Guns n' Roses,Greatest Hits (Second Half),2004,,true
Guru,"Jazzmatazz, Vol. 1",1993,,true
Gustavo Cerati,Fuerza Natural,2009,,true
Gustavo Cerati,Siempre es Hoy,2009,,true
Gustavo Cerati,Ahi vamos,2006,,true
Gustavo Cerati,Bocanada,1999,,true
Gustavo Cerati,Amor Amarillo,1993,,true
GZA,Liquid Swords,1995,,true
HAIM,Women in Music Pt. III,2020,,true
HAIM,Days Are Gone,2013,,true
Haken,Aquarius,2010,,true
Haken,Visions,2011,,true
Haken,The Mountain,2013,,true
Sumac & Moor Mother,The Film,2025,,true
Haken,Affinity,2016,,true
miffle,"Goodbye, World!",2025,,true
Haken,Vector,2018,,true
Haken,Virus,2020,,true
Haley Heynderickx,I Need to Start a Garden,2018,,true
Hank Mobley,Soul Station,1960,,true
Hans Zimmer,Dunkirk: Original Motion Picture Soundtrack,2018,,true
Hans Zimmer & Benjamin Wallfisch,Blade Runner 2049,2017,,true
Hanz Zimmer,Interstellar: Original Motion Picture Soundtrack,2014,,true
Happy Mondays,Pills n' Thrills and Bellyaches,1990,,true
Harmonium,Si on avait besoin d'une cinquième saison,1975,,false
Harold Budd,The Pavilion of Dreams,1978,,true
Harry Nilsson,Nilsson Schmilsson,1971,,true
Haru Nemuri,Harutosyura,2018,,true
Hatred for Mankind,Dragged Into Sunlight,2009,,true
Helado Negro,Phasor,2024,,true
Helado Negro,This is How You Smile,2019,,true
Helloween,Keeper of the Seven Keys Part II,1988,,true
Helloween,Keeper of the Seven Keys Part I,1987,,true
Helmet,Meantime,1992,,true
Her's,Songs of Her's,2017,,true
Herbert,Bodily Functions,2001,,true
Herbie Hancock,The New Standard,1996,,true
Herbie Hancock,Head Hunters,1973,,true
Herbie Hancock,Sextant,1973,,true
Herbie Hancock,Maiden Voyage,1965,,true
Herbie Hancock,Empyrean Isles,1964,,true
Hercules And Love Affair,Hercules And Love Affair,2008,,true
Hesse Kassel,La Brea,2025,,true
Hiatus Kaiyote,Choose Your Weapon,2015,,true
Hideki Naganuma 長沼英樹,Jet Set Radio Future (ジェットセットラジオフューチャー),2002,,true
Hideki Naganuma 長沼英樹,Jet Set Radio Original Sound Tracks,2000,,true
Hieroglyphics,3rd Eye Vision,1998,,true
High on Fire,Cometh the Storm,2024,,true
High on Fire,Electric Messiah,2019,,true
High on Fire,Death is This Communion,2007,,true
High on Fire,Blessed Black Wings,2005,,true
High on Fire,Surrounded By Thieves,2002,,true
Himiko Kikuchi,Flying Beagle,1987,,true
Hirokazu Tanaka & Keiichi Suzuki,Mother 2: ギーグの逆襲,1994,,true
Hiroshi Yoshimura,Music For Nine Post Cards,2017,,true
Hiroshi Yoshimura,Green,1986,,true
HMLTD,West of Eden,2020,,true
HMLTD,Hate Music Last Time Delete,2019,,true
Hobo Johnson,The Fall of Hobo Johnson,2019,,true
Hole,Celebrity Skin,1999,,true
Hole,Live Through This,1994,,true
Hollow Comet,Hollow Comet,2019,,true
Holy Fawn,Death Spells,2018,,true
Hookworms,Microshift,2018,,true
Hop Along,"Bark Your Head Off, Dog",2018,,true
Horrendous,Idol,2018,,true
Horse Lords,The Common Task,2020,,true
Hospital de México,Hospital de México y los Robots de Observatorio,2021,,true
Hot Chip,In Our Heads,2012,,true
Hot Chip,One Life Stand,2010,,true
Hot Chip,Made in the Dark,2008,,true
Hot Chip,The Warning,2006,,true
Howard Shore,The Lord of the Rings: The Fellowship of the Ring,2001,,true
Huerco S.,PLONK,2022,,true
Hum,Downward is Heavenward,1998,,true
Hum,You'd Prefer an Astronaut,1995,,true
Hundred Waters,The Moon Rang Like A Bell,2014,,true
Huremic,Seeking Darkness,2025,,false
Hüsker Dü,Flip your Wig,1985,,true
Hüsker Dü,New Day Rising,1985,,true
Hüsker Dü,Zen Arcade,1984,,true
Hüsker Dü,Metal Circus EP,1983,,true
Hüsker Dü,Everything Falls Apart,1982,,true
Richard & Linda Thompson,Shoot Out the Lights,1982,,true
Mr. Fingers,Amnesia,1980,,true
Richard & Linda Thompson,I Want to See the Bright Lights Tonight,1974,,true
iamamiwhoami,bounty,2013,,true
iamamiwhoami,kin,2012,,true
Ice Cube,Death Certificate,1991,,true
Ice Cube,AmeriKKKa's Most Wanted,1990,,true
Iceage,Seek Shelter,2021,,true
Iceage,Plowing into the Field of Love,2014,,true
Ichiko Aoba,Luminiscent Creatures,2025,,true
IDLES,CRAWLER,2021,,true
IDLES,Ultra Mono,2020,,true
Idles,Joy As An Act of Rebellion,2018,,true
Idles,Brutalism,2017,,true
Iggy Pop,Post Pop Depression,2016,,true
Iggy Pop,Lust for Life,1977,,true
Iggy Pop,The Idiot,1977,,true
Igloo Ghost,Tidal Memory Exo,2024,,true
Iglooghost,Clear Tamei EP,2018,,true
Iglooghost,Neō Wax Bloom,2017,,true
Iglooghost,Little Grids,2016,,true
Iglooghost,Chinese Nu Yr,2015,,true
illuminati hotties,Let Me Do One More,2021,,true
Immolation,Close to a World Below,2000,,true
Immolation,Here in After,1996,,true
Immortal,At the Heart of Winter,1995,,true
Imogen Heap,Speak for Yourself,2005,,true
In Flames,The Jester Race,1996,,true
Incantation,Diabolical Conquest,1998,,true
Incantation,Mortal Throne of Nazarene,1998,,true
Incantation,Onward to Golgotha,1992,,true
Indian,From All Purity,2014,,true
Indian Summer,Giving Birth to Thunder,2022,,true
Indigo de Souza,Any Shape you Take,2021,,true
Indigo de Souza,I Love My Mom,2018,,true
Injury Reserve,By The Time I Get to Phoenix,2021,,true
Injury Reserve,Drive It Like It's Stolen,2017,,true
Injury Reserve,Floss,2016,,true
Interpol,Marauder,2018,,true
Interpol,El Pintor,2014,,true
Interpol,Our Love To Admire,2007,,true
Interpol,Antics,2004,,true
Interpol,Interpol EP,2002,,true
Interpol,Turn On The Bright Lights,2002,,true
Invisible,El Jardín de los Presentes,1976,,true
INXS,Kick,1987,,true
Iosonouncane,IRA,2021,,true
Iron & Wine,The Shepherd's Dog,2007,,true
Iron & Wine,Our Endless Numbered Days,2004,,true
Iron & Wine,The Creek Drank The Cradle,2002,,true
Iron Maiden,Best of the Beast,1996,,true
Iron Maiden,Seventh Son of a Seventh Son,1988,,true
Iron Maiden,Somewhere in Time,1986,,true
Iron Maiden,Powerslave,1984,,true
Iron Maiden,Piece Of Mind,1983,,true
Iron Maiden,The Number of the Beast,1982,,true
Isaac Hayes,Hot Buttered Soul,1969,,true
Isaiah Rashad,Cilvia Demo,2014,,true
Isis,Wavering Radiant,2009,,true
Isis,Panopticon,2004,,true
Isis,Oceanic,2002,,true
IU,Modern Times,2013,,true
J Dilla,Donuts,2006,,true
J. Cole,The Off-Season,2021,,true
Jack White,Blunderbuss,2012,,true
Jack White,Lazaretto,2014,,true
Jack White,No Name,2024,,true
Jackson C. Frank,Jackson C. Frank,1966,,true
Jacques Brel,Ces gens-là,1966,,true
Jai Paul,Jai Paul,2013,,true
Jaloo,#1,2015,,true
James Blake,The Colour in Anything,2016,,true
James Brown,20-all Times Greats!,1991,,true
Cluster,Zuckerseit,1972,,true
James Brown,The Payback,1973,,true
James Brown,In the Jungle Groove,1986,,true
James Brown,Live at the Apollo,1963,,true
James Chance & Contortions,Buy,1979,,true
James Ferraro,Far Side Virtual,2011,,true
James Ferrero,Four Pieces for Mirai,2018,,true
James Holden,Balance 005,2003,,true
Jamila Woods,LEGACY! LEGACY!,2019,,true
Jamiroquai,High Times: Singles 1992-2006,2006,,true
Jan Jelinek,Loop-finding-jazz-records,2001,,true
Jane Remover,Census Designated,2023,,true
Jane's Addiction,Ritual De Lo Habitual,1990,,true
Janelle Monáe,The Electric Lady,2013,,true
Janelle Monáe,The ArchAndroid,2010,,true
Janet Jackson,The Velvet Rope,1997,,true
Janet Jackson,janet.,1993,,true
Janet Jackson,Janet Jackson's Rhythm Nation 1814,1989,,true
Janet Jackson,Control,1986,,true
Janis Joplin,Janis Joplin's Greatest Hits,1973,,true
Janis Joplin,Pearl,1971,,true
Japan,Tin Drum,1981,,true
Japandroid,Celebration Rock,2012,,true
Japandroid,Post-Nothing,2009,,true
Japanese Breakfast,Jubilee,2021,,true
Jay Electronica,A Written Testimony,2020,,true
Jay Reatard,Matador Singles '08,2008,,true
Jay Reatard,Singles 06-07,2008,,true
Jay Reatard,Blood Visions,2006,,true
Jay Som,Anak Ko,2019,,true
Jay-Z,44:4,2017,,true
Jay-Z,The Black Album (Jay-Z),2003,,true
Jay-Z,The Blueprint,2001,,true
Jay-z,Unreasonable Doubt,1996,,true
Jay-Z and Kanye West,Watch the Throne  (Deluxe Version),2011,,true
Jazmin Sullivan,Heaux Tales,2021,,true
Jean Dawson,Glimmer of God,2024,,true
Jean Grae & Quelle Chris,Everything's Fine,2018,,true
Jean-Michelle Jarre,Oxygene,1976,,true
Jeff Buckley,Grace,1994,,true
Jeff Rossenstock,HELLMODE,2023,,true
Jeff Rossenstock,POST-,2018,,true
Jeff Rossenstock,WORRY.,2016,,true
Jeff Rossenstock,We Cool?,2015,,true
Jeff Tweedy,WARM,2018,,true
Jefferson Airplane,Surrealistic Pillow,1967,,true
Jefre Cantu-Ledesma,Love Is a Stream,2010,,true
Jenny Hval,The Practice of Love,2019,,true
Jenny Hval,The Long Sleep,2018,,true
Jenny Hval,Blood Bitch,2016,,true
Jenny Hval,"Apocalypse, Girl",2015,,true
Jens Lekman,Night Falls Over Kortedala,2007,,true
Jens Lekman,Oh You're So Silent Jens,2005,,true
JER,Bothered/Unbothered,2022,,true
Jeremy Soule,The Elder Scrolls V: Skyrim Original Game Soundtrack,2011,,true
Jerry Lee Lewis,"Live at the Star Club, Hamburg",1964,,true
Jeru The Damaja,The Sun Rises in the East,1994,,true
Jessie Ware,That! Feels Good!,2023,,true
Jessie Ware,What´s Your Pleasure?,2020,,true
Jessie Ware,Devotion,2012,,true
Jesu,Jesu,2004,,true
Jet,Get Born,2003,,true
Jethro Tull,Songs From the Wood,1977,,true
Jethro Tull,Thick As A Brick,1972,,true
Jethro Tull,Aqualung,1971,,true
JID,DiCaprio 2,2022,,true
JID,The Forever Story,2022,,true
Jim O'Rourke,Halfway to a Threeway,1999,,true
Jimi Hendrix,The Ultimate Experience,1993,,true
Jimi Hendrix,Band of Gypsys,1970,,true
Jimmy Eat World,Future,2004,,true
Jimmy Eat World,Bleed American,2001,,true
Jimmy Eat World,Eat Clarity,1999,,true
Jimmy O Rourke,Eureka,2001,,true
Jimmy O Rourke,Insignificance,1999,,true
Jlin,Black Origami,2017,,true
Joanna Newsome,Have One on Me,2010,,true
Joanna Newsome,Ys,2006,,true
Giorgio Moroder,From here To Eternity,1977,,true
Joanna Newsome,The Milk-Eyed Mender,2004,,true
Joanna Sternberg,I've Got Me,2023,,true
João Gilberto; Stan Getz,Getz/Gilberto,1963,,true
Jockstrap,I Love You Jennifer B,2022,,true
Jockstrap,Wicked City,2020,,true
Joe Satriani,Essential Joe Satriani 2,2010,,true
Joe Satriani,Essential Joe Satrini 1,2010,,true
Joe Satriani,Super Colossal,2006,,true
Joe Satriani,Is There Love in Space?,2004,,true
Joe Satriani,Strange Beautiful Music,2002,,true
Joe Satriani,The Extremist,1992,,true
Joe Satriani,Flying in a Blue Dream,1989,,true
Joe Satriani,Surfing With the Alien,1987,,true
Joey Bada$$,2000,2022,,true
Joey Badass,1999,2012,,true
John Cale,Paris 1919,1973,,true
John Cale & Lou Reed,Songs for Drella,1990,,true
John Coltrane,Both Directions at Once: The Lost Album,2018,,true
John Coltrane Quartet,Crescent,1964,,true
John Fahey,Fare Forward Voyagers (Soldier's Choice),1973,,true
John Frusciante,The Empyrean,2009,,true
John Frusciante,Shadows Collide With People,2004,,true
John Grant,Pale Green Ghosts,2013,,true
John Grant,Queen of Denmark,2010,,true
John Lennon,GIMME SOME TRUTH. CD1,2020,,true
John Lennon,GIMME SOME TRUTH. CD2,2020,,true
John Lennon,Imagine,1971,,true
John Lennon,John Lennon/ Plastic Ono Band,1970,,true
John Martyn,Solid Air,1973,,true
John Maus,We Must Become the Pitiless Censors of Ourselves,2011,,true
John Mayer,Continuum,2006,,true
John Prine,John Prine,1971,,true
John Tabalot,Fin,2012,,true
John Zorn,Naked City,1990,,true
Johnny Cash,American IV: The Man Comes Around,2002,,true
Johnny Cash,American III: Solitary Man,2000,,true
Johnny Cash,At Folsom Prison,1968,,true
Jonathan Richman,"I, Jonathan",1992,,true
Joni Mitchell,For the Roses,1972,,true
Joni Mitchell,Ladies of the canyon,1970,,true
Joni Mtchell,Hejira,1976,,true
Joni Mtchell,The Hissing of Summer Lawns,1975,,true
Joni Mtchell,Court and Spark,1974,,true
Joni Mtchell,Blue,1971,,true
Jonny Greenwood,You Were Never Really Here,2019,,true
Jonny Greenwood,There Will Be Blood,2007,,true
Jordaan Mason,Divorce Lawyers I Shaved My Head,2009,,true
Jorge Ben,Africa Brasil,1976,,true
Jorge Ben,A Tabua De Esmeralda,1974,,true
Jorge Ben,Força Bruta,1970,,true
Jorge Ben,Jorge Ben,1969,,true
Jorge Ben,Samba Esquema Novo,1963,,true
José González,Veneer,2003,,true
Joy Division,Heart and Soul cd1,1997,,true
Joy Division,Heart and Soul cd2,1997,,true
Joy Division,Heart and Soul cd3,1997,,true
Joy Division,Heart and Soul cd4,1997,,true
Joy Division,Closer,1980,,true
Joy Division,Unknown Pleasures,1979,,true
JPEGMAFIA,LP!,2021,,true
JPEGMAFIA,OFFLINE!,2022,,true
JPEGMAFIA,I LAY DOWN MY LIFE TO YOU,2024,,true
JPEGMAFIA & Danny Brown,SCARING THE HOES,2023,,true
Juana Molina,Halo,2017,,true
Juana Molina,Wed 21,2013,,true
Juana Molina,Un Dia,2008,,true
Judas Priest,Invincible Shield,2024,,true
Judas Priest,Firepower,2018,,true
The Faith/ The Void,The Faith/ The Void,1982,,true
Judas Priest,Painkiller,1990,,true
Judas Priest,Defenders of the Faith,1984,,true
Judas Priest,Screaming for Vengeance,1982,,true
Judas Priest,British Steel,1980,,true
Pauline Oliveros / Stuart Dempster / Panaiotis,Deep Listening,1989,,true
Swell Maps,Jane From Occupied Europe,1981,,true
Au Pairs,Playing With a Different Sex,1981,,true
Judas Priest,Stained Class,1978,,true
Judas Priest,Sad Wings of Destiny,1976,,true
Julee Cruise,Floating into the Nigh,1989,,true
Julia Holter,Have You In My Wilderness,2015,,true
Julia Holter,Loud City Song,2013,,true
Julia Holter,Ekstasis,2012,,true
Julia Jacklin,PRE PLEASURE,2022,,true
Julianna Barwick,Nepenthe,2013,,true
Julianna Barwick,The Magic Place,2011,,true
Julie Byrn,The Greater Wings,2023,,true
Julien Baker,Turn Out The Lights,2017,,true
Julieta Venegas,Limón y Sal,2006,,true
Justice,Hyperdrama,2024,,true
Justice,"Audio, Video, Disco",2011,,true
Justice,Planisphère,2008,,true
Justice,†,2007,,true
Justin Hurwitz,La La Land,2016,,true
Justin Timberlake,FutureSex/LoveSounds,2006,,true
KA,The Thief Next To Jesus,2024,,true
KA,Honor Killed Samurai,2016,,true
Ka,The Knights Gambit,2013,,true
KA,Grief Pedigree,2012,,true
Kai Whiston,Kai Whiston Bitch,2018,,true
Kairon; IRSE!,Ujubasajuba,2014,,true
Kaiser Chiefs,Employment,2005,,true
Kaiser Chiefs,"Your Truly, Angry Mob",2007,,true
Kali Uchis,Red Moon in Venus,2023,,true
Kali Uchis,Isolation,2018,,true
Kali Uchis,"Sincerely,",2025,,true
Kamasi Washington,Harmony of Difference,2017,,true
Kamasi Washington,The Epic (CD 1),2015,,true
Kamasi Washington,The Epic (CD 2),2015,,true
Kamasi Washington,The Epic (CD 3),2015,,true
Kanye West,DONDA,2021,,true
Kanye West,The Life of Pablo,2016,,true
Kanye West,Yeezus,2013,,true
Kanye West,My Beautiful Dark Twisted Fantasy,2010,,true
Kanye West,808s & Heartbreaks,2008,,true
Kanye West,Graduation,2007,,true
Kanye West,Late Registration,2005,,true
Kanye West,The College Dropout,2004,,true
Kara Jackson,Why Does Earth Give Us People To Love?,2023,,true
Kasabian,Velociraptor!,2011,,true
Kasabian,West Ryder Pauper Lunatic Asylum,2009,,true
Kasabian,Kasabian,2004,,true
Katatonia,Brave Murder Day,1996,,true
Kate Bush,50 Words for Snow,2011,,true
Kate Bush,Aerial,2005,,true
Kate Bush,The Sensual World,1989,,true
Kate Bush,The Whole Story,1986,,true
Kate Bush,Hound of Love,1985,,true
Kate Bush,The Dreaming,1982,,true
Kate Bush,Never For Ever,1980,,true
Kate Bush,The Kick Inside,1978,,true
Keane,Hopes and Fears,2004,,true
Keiichi Okabe 岡部啓一 & Keigo Hoashi 帆足圭吾,NieR:Automata,2017,,true
Keith Jarrett,The Köln Concert,1975,,true
Kelela,Raven,2023,,true
Kelela,Take Me Apart,2017,,true
Kelela,Hallucinogen,2015,,true
Kelly Lee Owens,Kelly Lee Owens,2020,,true
Kelsey Lu,BLOOD,2019,,true
Kendrick Lamar,GNX,2024,,true
Kennie Beats,LOUIE,2022,,true
Kenny Beats,Louise,2022,,true
Kero Kero Bonito,Civilisation I,2019,,true
Key Glock,Glockoma 2,2023,,true
Kiasmos,Kiasmos,2014,,true
Kid Cudi,Man on the Mon: The End of Day,2009,,true
Kids & Explosion,Shit Computer,2010,,false
Kids See Ghosts,Kids See Ghosts,2018,,true
Kill Bill: the Rapper,Ramona,2014,,true
Killer Mike,R.A.P Music,2012,,true
Killing Joke,Night Time,1985,,true
Kilo Kish,American Gurl,2022,,true
Kilo Kish,Redux,2019,,true
King Crimson,Red,1974,,true
King Crimson,Starless and Bible Black,1974,,true
King Crimson,Larks' Tongues in Aspic,1973,,true
King Crimson,Islands,1971,,true
King Crimson,In the Court of the Crimson King,1969,,true
King Geedorah,Take Me To Your Leader,2003,,true
King Gizzard & The Lizard Wizard,Phantom island,2021,,true
Kings of Convenience,Riot On An Empty Street,2004,,true
Kings of Leon,Only By The Night,2008,,true
Kink Sunny Ade,The Best of The Classic Years,2003,,true
Kino Кино,Кино (Чёрный альбом),1990,,true
Kinoko Teikoku,eureka,2013,,true
Kirin J Calinan,Bravado,2017,,true
Klaxons,Myths Of The Near Future,2007,,true
Klô Pelgag,Notre-Dame-des-Sept-Douleurs,2020,,true
kmoe,K1,2024,,true
Knocked Loose,You Won't Go Before You're Supposed To,2024,,true
Koji Kondo,The Legend of Zelda: Ocarina of Time,1998,,true
Koji Kondo 近藤浩治,ゼルダの伝説: ムジュラの仮面 (The Legend of Zelda: Majora's Mask),2000,,true
Kraftwerk,Computerwelt,1981,,true
Kraftwerk,Die Mensch Maschine,1978,,true
Kraftwerk,Trans-Europa Express,1977,,true
Kraftwerk,Autobahn,1974,,true
Krallice,Crystallice Exhaustion,2022,,true
Krallice,Hyperion,2016,,true
Krallice,Years Past Matter,2012,,true
Kreator,Coma of Souls,1990,,true
Kreator,Extreme Agression,1989,,true
Kreator,Pleasure to Kill,1986,,true
Kristofer Maddigan,Cuphead Original Soundtrack,2017,,true
Kruder Dorfmeister,The K&D Sessions,1998,,true
Kurt Vile,Bottle It In,2018,,true
Kurt Vile,Walkin On a Pretty Daze,2013,,true
Kurt Vile,Smoke Ring For My Halo,2011,,true
Kvelertak,Kvelertak,2010,,true
Kyle Dixon & Michael Stein,"Stranger Things, Vol 1",2016,,true
Kyuss,Welcome to SKy Valley,1994,,true
Kyuss,Blues for the Red Sun,1992,,true
L7,Bricks Are Heavy,1992,,true
La Dispute,Wildlife,2011,,true
La Dispute,Somewhere at the Bottom of the River Between Vega and Altair,2008,,true
La Máquina de Hacer Pájaros,La Máquina de Hacer Pájaros,1976,,true
Labrinth,Euphoria (Original Score from the HBO series),2019,,true
Lady Gaga,MAYHEM,2025,,true
Lady Gaga,The Fame Monster,2009,,true
Ladytron,Witching Hour,2005,,true
Lamb of God,Ashes of the Wake,2004,,true
Lambchop,Nixon,2000,,true
Lamp,Lamp Genso,2008,,true
Lamp,恋人へ [For Lovers],2004,,true
Lana del Rey,Did you know that there is a tunnel under Ocean Blvd,2023,,true
Lana del Rey,Blue Banisters,2021,,true
Lana del Rey,Norman Fucking Rockwell,2019,,true
Late of The Pier,Fantasy Black Channel,2008,,true
Laufey,Bewitched,2023,,true
Laura Nyro,Eli and the Thirteenth Confession,1968,,true
Laurel,Dust,2017,,true
Lauryn Hill,The Miseducation of Lauryn Hill,1998,,true
LCD Soundsystem,American Dream,2017,,true
LCD Soundsystem,The Long Goodbye: LCD Soundsystem Live At Madison Square Garden,2014,,true
LCD Soundsystem,This Is Happening,2010,,true
LCD Soundsystem,Sound of Silver,2007,,true
LCD Soundsystem,45:33,2006,,true
LCD Soundsystem,LCD Soundsystem,2005,,true
Le Tigre,Le Tigre,1991,,true
Led Zeppelin,Coda,1982,,true
Led Zeppelin,Physical Graffiti,1975,,true
Led Zeppelin,Houses of The Holy,1973,,true
Led Zeppelin,Led Zeppelin IV,1971,,true
Led Zeppelin,Led Zeppelin III,1970,,true
Led Zeppelin,Led Zeppelin,1969,,true
Led Zeppelin,Led Zeppelin II,1969,,true
Led Zeppellin,Remasters,1990,,true
Lee Morgan,The Sidewinder,1964,,true
Leftfield,Leftism,1995,,true
Leikeli47,Shape Up,2022,,true
Lemon Demon,Spirit Phone,2016,,true
Lemon Demon,Nature Tapes,2014,,true
Lena Raine,Celeste,2018,,true
Leo Kottke,6 & 12 Strings,1969,,true
Leon Vynehall,Nothing is Still,2019,,true
Leon Vynehall,Music for the Uninvited,2014,,true
Leonard Cohen,You Want it Darker,2016,,true
Leonard Cohen,The Essential Leonard Cohen CD1,2002,,true
Leonard Cohen,The Essential Leonard Cohen CD2,2002,,true
Leonard Cohen,I'm Your Man,1988,,true
Leonard Cohen,Songs of Love and Hate,1971,,true
Leonard Cohen,Songs from a Room,1969,,true
Leonard Cohen,Songs of Leonard Cohen,1967,,true
Leprous,The Congregation,2015,,true
leroy,Grave Robbing,2023,,false
leroy,Dariacore 3... At least I think that's what it's called?,2021,,false
leroy,Diaracore,2021,,false
leroy,"Diaracore 2: Enter Here, Hall To The Left",2021,,false
Leviathan,Scar Sighted,2015,,true
Liana Flores,Flower of the soul,2024,,true
Lianne Le Havas,Lianne Le Havas,2020,,true
Liars,Mess,2014,,true
Liars,WIXIW,2012,,true
Liars,Liars,2007,,true
Liars,Drum's Not Dead,2006,,true
Liars,The Threw Us All On Top and Stuck a Momentum On Top,2001,,true
Life Without Buildings,Any Other City,2001,,true
Lift To Experience,The Texas-Jerusalem Crossroads,2001,,true
Lightning Bolt,Sonic Citadel,2019,,true
Lightning Bolt,Wonderful Rainbow,2003,,true
"Lil B ""The BasedGod""",God's Father,2012,,true
"Lil B ""The BasedGod""",6 Kiss,2009,,true
Lil Nas X,Montero,2021,,true
Lil Ugly Mane,Third Side of Tape,2015,,true
Lil Ugly Mane,The Weeping Worm,2014,,true
Lil Ugly Mane,Three Sided Tape Volume One,2013,,true
Lil Ugly Mane,Mista Thug Isolation,2012,,true
Lil Ugly Mane,Uneven Compromise,2012,,true
Lil Wayne,The Carter II,2005,,true
Lil Wayne,The Carter III,2008,,true
Lil Wayne,Da Drought 3,2007,,true
Lil Wayne & DJ Drama,Dedication 2,2006,,true
Lil Yachty,Let's Start Here,2023,,true
Lily Allen,"It's Not Me, It's You",2009,,true
Lily Allen,"Alright, Still",2006,,true
Lily Chou-Chou,呼吸 (Kokyuu),2001,,true
Linda Perhacs,Parallelograms,1970,,true
Lindstorm,Where You Go I Will Go Too,2008,,true
Lingua Ignota,Caligula,2019,,true
Linkin Park,Minutes to Midnight,2007,,true
Liquid Tension Experiment,Liquid Tension Experiment 2,1999,,true
Liquid Tension Experiment,Liquid Tension Experiment,1998,,true
Lisa Germano,Geek the Girl,1994,,true
Litourgiya,Batushka,2015,,true
Little Brother,The Minstrel Show,2005,,true
Little Jesus,Río Salvaje,2016,,true
Little Jesus,Norte,2014,,true
Little Simz,NO THANK YOU,2022,,true
Little Simz,Sometimes I May Be an Introvert,2021,,true
Little Simz,Grey Area,2019,,true
Little Simz,Lotus,2025,,true
Little Women,Throat,2010,,true
Liturgy,93696,2023,,true
Liturgy,H.A.Q.Q,2019,,true
Liturgy,Aesthetica,2011,,true
Live,Throwing Copper,1994,,true
Liz Phair,Exile in Guyville,1993,,true
Lizzo,Cuz I Love You (Deluxe),2019,,true
Local Natives,Gorilla Manor,2009,,true
Logic,Ultra 85,2024,,true
Lonnie Holley,Oh Me Oh My,2023,,true
Loona Odd Eye Circle,Mix & Match,2017,,true
Lorde,Melodrama,2017,,true
Lorde,Pure Heroine,2013,,true
Lorde,Tennis Court,2013,,true
Lorde,The Love Club,2013,,true
Lorde,Virgin,2025,,true
Lorelle Meets the Obsolete,De facto,2019,,true
Los Campesinos!,"Hold On Now, Youngster...",2008,,true
Los Cogelones,Hijos del Sol,2020,,true
Los Espíritus,Aguardiante,2017,,true
Los Jaivas,Alturas de Machu Pichu,1981,,true
Los Jaivas,Los Jaivas (El Indio),1975,,true
Los Mundos,Calor Central,2019,,true
Los Mundos,Ciudades Flotantes,2018,,true
Los Mundos,Las Montañas,2016,,true
Los Prisioneros,Corazones,1990,,true
Los Prisioneros,Pateando Piedras,1986,,true
Lou Reed,The Blue Mask,1982,,true
Lou Reed,Coney Island Baby,1976,,true
Lou Reed,Berlin,1973,,true
Lou Reed,Transformer,1972,,true
Louis Armstrong,Portrait of the Artist as a Young Man (1923 - 1932),2004,,true
Louis Cole,Time,2018,,true
Louis Jordan,Five Guys Named Moe: Original Decca Recordings Vol. 2,1992,,true
Louis Prima,The Wildest!,1956,,true
Love,Forever Changes,1967,,true
Low,HEY WHAT,2021,,true
Low,Double Negative,2018,,true
Low,Ones and Sixes,2016,,true
Low,Cmon,2011,,true
Low,Things We lost In the Fire,2001,,true
Low,The Curtain Hits the Cast EP,1996,,true
Low,I Could Live in Hope,1994,,true
Low Roar,0,2014,,true
Lucinda Williams,Car Wheels on a Gravel Road,1998,,true
Lucio Battisti,Anima latina,1974,,true
Lucrecia Dalt,¡Ay!,2022,,true
Lucy Dacus,Home Video,2021,,true
Lucy Dacus,Historian,2018,,true
Ludwig Göransson,Oppenheimer: Original Motion Picture Soundtrack,2023,,true
Ludwig Göransson,TENET (Original Motion Picture Soundtrack),2020,,true
LUMP,Animal,2021,,true
Luna Li,Jams EP,2021,,true
Luomo,Vocalcity,2000,,true
Lupe Fiasco,Tetsuo & Youth,2015,,true
Lush,Split,1994,,true
Lush,Spooky,1992,,true
Lush,Gala,1990,,true
Lykke Li,I Never Learn,2014,,true
Lykke Li,Wounded Rhymes,2011,,true
Lynyrd Skynyrd,Pronounced 'Lĕh-'nérd 'Skin-'nérd,1973,,true
M.I.A,Matangi,2013,,true
M.I.A,Kala,2007,,true
M.I.A,Arular,2005,,true
M.I.A.,Vicki Leekx,2010,,false
M83,"Hurry Up, We're Dreaming",2011,,true
M83,Saturdays = Youth,2008,,true
M83,Before the Dawn Heals Us,2005,,true
M83,"Dead Cities, Red Seas & Lost Ghosts",2003,,true
Mabe Fratti,Se Ve Desde Aqui,2022,,true
Mac DeMarco,This Old Dog,2017,,true
Mac DeMarco,Another One,2015,,true
Mac DeMarco,Salad Days,2014,,true
Mac DeMarco,2,2012,,true
Mac Miller,Swimming,2018,,true
Mac Miller,Circles,2020,,true
Mac-Hommy,The G.A.T,2017,,false
Mac-Hommy,HBO,2016,,true
Machine Girl,…Because I’m Young Arrogant and Hate Everything You Stand For,2017,,true
Machine Head,The Blackening,2007,,true
Madeon,Pop Culture,2011,,false
madlib,Sound Ancestors,2021,,true
Madlib,Shades Of Blue: Madlib Invades Blue Note,2003,,true
Madonna,Celebration (cd1),2009,,true
Madonna,Celebration (cd2),2009,,true
Madonna,Music,2000,,true
Madonna,Ray of Light,1998,,true
Madonna,Something to Remember,1995,,true
Madonna,Bedtime Stories,1994,,true
Madonna,Erotica,1992,,true
Madonna,The Inmaculate Collection,1990,,true
Madonna,Like A Prayer,1989,,true
Madonna,True Blue,1986,,true
Madonna,Madonna,1983,,true
Madvillain,Madvillainy,2004,,true
Madvillain,Madvillainy Instrumentals,2004,,true
Magazine,Real-Life,1978,,true
Magma,K.A,2004,,true
Main Source,Breaking Atoms,1991,,true
Makaveli,The Don Killuminati: The 7 Day Theory,1996,,true
"Mandy, Indiana",I've seen a way,2023,,true
"Mandy, Indiana",URGH,2025,,true
Manfred Mann's Earth Band,Solar Fire,1973,,true
Manic Street Preachers,Everything Must Go,1996,,true
Manic Street Preachers,The Holy Bible,1994,,true
Manilla Road,Crystal Logic,1983,,true
Mano Negra,Casa Babylon,1994,,true
Manu Chao,La Radiolina,2007,,true
Manu Chao,Proxima Estacion: Esperanza,2001,,true
Manu Chao,Clandestino,1998,,true
Manuel Göttsching,E2-E4,1984,,true
Mariah Carey,Daydream,1995,,true
Mariam the Believer,Blood Donation,2013,,true
Marillion,Clutching at Straws,1987,,true
Marilyn Manson,Holy Wood (In The Shadows Of The Valley Of Death),2000,,true
Marilyn Manson,Mechanical Animals,1998,,true
Marilyn Manson,Antichrist Superstar,1996,,true
Mario Galaxy Orchestra,Super Mario Galaxy: Original Soundtrack,2008,,false
Mark Hollis,Mark Hollis,1988,,true
Mark Kozelec & Jimmy LaValle,Perils from the Sea,2013,,true
Maroja,Kocknarea,2023,,true
Maruja,Connie's Well,2024,,true
Maruja,Knocknarea,2023,,true
Marvin Gaye,"Here, My Dear",1978,,true
Marvin Gaye,I Want You,1976,,true
Marvin Gaye,Let´s Get it On,1971,,true
Marvin Gaye,What's Going on,1971,,true
Masayoshi Takanaka,The Rainbow Goblins,1981,,false
Masayoshi Takanaka,AN INSATIABLE HIGH,1977,,true
Masayoshi Takanaka,TAKANAKA,1977,,true
Masayoshi Takanaka,Brasilian Skies,1978,,true
Masayoshi Takanaka,Seychelles,1976,,true
MASS OF THE FERMENTING DREGS,World is yours,2009,,true
MASS OF THE FERMENTING DREGS,MASS OF THE FERMENTING DREGS,2008,,true
Massive Attack,Ritual Spirit,2016,,true
Massive Attack,Collected,2006,,true
Massive Attack,Mezzanine,1998,,true
Massive Attack,Protection,1994,,true
Massive Attack,Blue Lines,1991,,true
Mastodon,Crack the Skye,2009,,true
Mastodon,Blood Mountain,2006,,true
Mastodon,Leviathan,2004,,true
Mastodon,Remission,2002,,true
Matana Roberts,COIN COIN Chapter Four: Memphis,2019,,true
Matana Roberts,Coin Coin Chapter One: Gens De Couleur Libre,2011,,true
Matmos,Plastic Anniversary,2019,,true
Matmos,A Chance To Cut is a Chance to Cure,2001,,true
Matt Elliott,Drinking Songs,2005,,true
maudlin of the Well,Bath,2001,,true
Maudlin of the Well,Leaving Your Body Map,2001,,true
Maurizio,MCD,1997,,false
MAVI,Shadowbox,2024,,true
MAVI,"Laughing so Hard, It Hurts",2022,,true
MAVI,Let The Sun Talk,2019,,true
Max Roach,We Insist! Max Roach's Freedom Now Suite,1961,,true
Maxwell,Maxwell's Urban Hang Suite,1996,,true
Mayhem,De Mysteriis Dom Sathanas,1994,,true
Mazzy Star,Among My Swan,1996,,true
Mazzy Star,So Tonight That I Might See,1993,,true
MC Tha,Rito de Passá,2019,,true
MC5,Kick Out The Jams,1969,,true
McKinley Dixon,Beloved! Paradise! Jazz?!,2023,,true
The Exploding Hearts,Guitar Romantic,2003,,true
McKinley Dixon,For My Mama and Anyone Who Look Like Her,2021,,true
Ted Leo and the Pharmacists,Hearts of Oak,2003,,true
McKinley Dixon,"Magic, Alive!",2025,,true
Mclusky,Mclusky Do Dallas,2002,,true
Meat Puppets,Up on the Sun,1985,,false
Meat Puppets,Meat Puppets II,1984,,false
Mecano,Descanso Dominical,1988,,true
Clinic,Internal Wrangler,2000,,true
The Rapture,Echoes,2003,,true
"Medeski, Martin and Wood",Combustication,1998,,true
Megadeth,Rust in Peace,1990,,true
Megadeth,Peace Sells… But Whp's Buying?,1986,,true
Melody's Echo Chamber,Bon Voyage,2018,,true
Melvins,Houdini,1993,,true
Menomena,I Am the Fun Blame Monster,2003,,true
Mercury Rev,Deserter's Songs,1998,,true
The Clean,Compilation,1988,,true
Mercyful Fate,Don't Break the Oath,1984,,true
The Clientele,Suburban Light,2000,,true
Junior Boys,So This Is Goodbye,2006,,true
Junior Boys,Last Exit,2004,,true
Mercyful Fate,Melissa,1983,,true
Meridian Brothers,Meridian Brothers & El Grupo Renacimiento,2022,,true
Meridian Brothers,Cumbia Siglo XXI,2020,,true
Meshuggah,obZen,2008,,true
Rites of Spring,Rites of Spring,1985,,true
Anita Baker,Rapture,1986,,true
Meshuggah,I,2004,,true
Meshuggah,Chaosphere,1998,,true
Meshuggah,Destroy Erase Improve,1995,,true
Metallica,The Black Album,1991,,true
Metallica,…And Justice for All,1988,,true
Metallica,Master Of Puppets,1986,,true
Midori Takada,Through the Looking Glass,1983,,true
Metallica,Ride The Lightning,1984,,true
Metallica,Kill Em' All,1983,,true
Method Man & Redman,Blackout!,1999,,true
Metric,Fantasies,2009,,true
Metronomy,The English Riviera,2011,,true
METZ,METZ,2012,,true
Mew,Frengers,2003,,true
mewithoutYou,"Brother, Sister",2006,,true
mewithoutYou,Catch for Us the Foxes,2004,,true
MF Doom,Mm… Food,2004,,true
MF Doom,Operation: Doomsday,1999,,true
Mgla,Exercises in Futility,2015,,true
MGMT,Loss of Life,2024,,true
MGMT,Little Dark Ages,2018,,true
MGMT,Late Night Tales (MGMT),2011,,true
MGMT,Congratulations,2010,,true
MGMT,Oracular Spectacular,2007,,true
Michael Hurley/The Unholy Modal Rounders/Jeffrey Frederick & The Clamtones,Have Moicy!,1976,,true
Michael Jackson,Bad,1987,,true
Michael Jackson,Thriller,1982,,true
Michael Jackson,Off the Wall,1979,,true
Michael Kiwanuka,Small Changes,2024,,true
Michael Kiwanuka,KIWANUKA,2019,,true
Michael Mayer,Immer,2002,,true
Mick Gordon,Doom: Original Game Soundtrack,2016,,true
Mick Jenkins,The Water[s],2014,,true
Mid-Air Thief,Crumbling,2019,,true
Mighty Sparrow,Volume One,1993,,true
Miguel,Kaleidoscope Dream,2012,,true
MIKE,Showbiz!,2025,,true
MIKE,Burning Desire!,2023,,true
MIKE,tears of joy,2019,,true
MIKE,May God Bless your Hustle,2017,,true
Mike Oldfield,Ommadawn,1975,,true
Mike Oldfield,Tubular Bells,1973,,true
"MIKE, Tony Seltzer",Pinball,2024,,true
M.I.A. / Diplo,"Piracy Funds Terrorism, Vol. 1",2004,,true
Miles David,Filles de Kilimanjaro,1969,,true
Miles Davis,Miles Davis,1974,,true
Miles Davis,On the Corner,1972,,true
Miles Davis,A Tribute to Jack Johnson,1971,,true
Miles Davis,Live-Evil,1971,,true
Miles Davis,Bitches Brew,1969,,true
Miles Davis,In a Silent Way,1969,,true
Miles Davis,Miles Smiles,1962,,true
Miles Davis,Nefertiti,1962,,true
Miles Davis,Sketches of Spain,1960,,true
Miles Davis,Kind of Blue,1959,,true
Miles Davis,Birth of the Cool,1957,,true
Milo,So The Flies Don't Come,2015,,true
Milo,Things That Happen At Night,2013,,true
Milton Nascimento & Lo Borges,Clube Da Esquina,1972,,true
Ministry,Psalm 69: The Way To Succeed and The Way To Suck Eggs,1992,,true
Ninajirachi,I Love My Computer,2025,,true
Rihanna,ANTI,2014,,true
Minnie Riperton,Come to My Garden,1970,,true
Minor Threat,Out of Step,1983,,true
DJ Rashad,Double Cup,2013,,true
Minor Threat,Minor Threat,1981,,true
Minutemen,Double Nickels on the Dime (Disc 1),1984,,true
Minutemen,Double Nickels on the Dime (Disc 2),1984,,true
By Storm,My Ghosts Go Ghost,1984,,true
Minutemen,Double Nickels on the Dime (Disc 3),1984,,true
Minutemen,Double Nickels on the Dime (Disc 4),1984,,true
Miranda Lambert,The Weight of These Wings,2016,,true
Misfits,Misfits,1986,,false
Misfits,Beware,1980,,false
Misfits,Static Age,1997,,true
Misfits,Walk Among Us,1982,,true
Mission of Burma,Vs.,1982,,true
Mission of Burma,"Signals, Calls and Marches",1981,,true
Mississippi John Hurt,Rediscovered (Mississippi John Hurt),1998,,true
Missy Elliot,Supa Dupa Fly,1997,,true
Mitski,The Land Is Inhospitable and So Are We,2023,,true
Mitski,Be The Cowboy,2018,,true
Mitski,Puberty 2,2016,,true
Mitski,Bury Me at Makeout Creek,2014,,true
MJ Lenderman,Boat Songs,2022,,true
Mobb Deep,Hell on Earth,1996,,true
Mobb Deep,The Infamous,1995,,true
Moby,Play,1999,,true
Moby Grape,Moby Grape,1967,,true
Model/Actriz,Dogbody,2023,,true
Moderat,II,2013,,true
Modern Baseball,You're Gonna Miss it All,2014,,true
Modern Jazz Quartet,Fontessa,1956,,true
Modest Mouse,We Were Dead Before the Ship Even Sank,2007,,true
Modest Mouse,Good News For People Who Love Bad News,2004,,true
Modest Mouse,Building Nothing Out Of Something,2000,,true
Modest Mouse,The Moon And Antarctica,2000,,true
Modest Mouse,The Lonesome Crowded West,1997,,true
Modest Mouse,Interstate 8 ep,1996,,true
Modest Mouse,This is A Long Drive For Someone With Nothing to Think About,1996,,true
Mogwai,Central Belters CD1,2017,,true
Mogwai,Central Belters CD2,2017,,true
Mogwai,Rave Tapes,2014,,true
Mogwai,"Hardcore Will Never Die, But You Will",2011,,true
Mogwai,Mr. Beast,2006,,true
Mogwai,Happy Songs for Happy People,2003,,true
Mogwai,Come On Die Young,1999,,true
Mogwai,Young Team,1997,,true
Mojave 3,Ask Me Tomorrow,1995,,true
Molotov,¿Y donde jugaran las niñas?,1997,,true
Momoko Kikuchi,Adventure,1986,,true
Mon Laferte,Autopoiética,2023,,true
Mono,Hymn to the Immortal Wind,2009,,true
Moodymann,DJ-Kicks (Moodymann),2016,,true
Moodymann,Forevernevermore,2000,,true
Moondog,Moondog,1969,,true
Moonsorrow,V: Hävitetty,2007,,true
Moonsorrow,Verisäkeet,2005,,true
Moonsorrow,Kivenkantaja,2003,,true
Moor Mother & Billy Woods,BRASS,2021,,true
Morbid Angel,Covenant,1993,,true
Morbid Angel,Blessed Are the Sick,1991,,true
Morbid Saint,Spectrum of Death,1990,,true
Morphine,Cure For Pain,1993,,true
Morrisey,You Are The Quarry,2004,,true
Morrisey,Vauxhall And I,1994,,true
Morrisey,Viva Hate,1988,,true
Morrissey,Bona Drag,1990,,true
Mort Garson,Mother's Earth Plantasia,1976,,true
Mos Def,The Ecstatic,2009,,false
Mos Def,Black on Both Sides,1999,,true
Moses in Sumney,"Black in Deep Red, 2014",2018,,true
Moses Sumney,Grae,2020,,true
Moses Sumney,Aromanticism,2017,,true
Motion City Soundtrack,Commit This to Memory,2005,,true
Motörhead,Ace of Spades,1980,,true
Motörhead,Overkill,1979,,true
Mötorhead,No Remorse,1984,,true
Mount Eerie,Ocean Roar,2012,,true
Movements,Feel Something,2017,,true
Mr Twin Sister,Mr Twin Sister,2014,,true
Mr. Bungle,California,1999,,true
Mudhoney,Superfuzz Bigmuff EP,1988,,true
Mulatu Astatke,Éthiopiques 4: Ethio Jazz & Musique Instrumentale 1969-1974,1998,,true
Murmuüre,Murmuüre,2010,,true
Muse,The 2nd Law,2012,,true
Muse,Absolution,2003,,true
Mutual Benefit,Love's Crushing Diamond,2013,,true
My Bloody Valentine,mbv,2013,,true
my bloody valentine,EPs 1988-1991,2012,,true
My Bloody Valentine,Loveless,1991,,true
my bloody valentine,Tremolo EP,1991,,true
my bloody valentine,Glider EP,1990,,true
My Bloody Valentine,Isn't Anything,1988,,true
My Bloody Valentine,You Made me Realise,1988,,true
My Chemical Romance,The Black Parade: The B-Sides,2009,,true
My Chemical Romance,Three Cheers for Revenge,2004,,true
My Dying Bride,The Dreadful Hours,2001,,true
My Dying Bride,The Angel and the Dark River,1995,,true
My Morning Jacket,Z,2005,,true
My Morning Jacket,It Still Moves,2003,,true
Mylo,Destroy Rock & Roll,2004,,true
N.E.R.D,In Search Of…,2001,,true
N.W.A,Straight Outta Compton,1988,,true
Nação Zumbi & Chico Science,Da Lama Ao Caos,1994,,true
Naked City,Naked City,1990,,false
Nala Sinephro,Endlessness,2024,,true
Nas,King's Disease III,2022,,true
Nas,King's Disease 2,2021,,true
Nas,It Was Written,1996,,true
Nas,Illmatic,1994,,true
Natalia Lafourcade,De Todas las Flores,2022,,true
Natalia Lafourcade,"Musas, Vol. 2",2018,,true
Natalia Lafourcade,Musas,2017,,true
Natalia Lafourcade,Hasta la Raíz,2015,,true
Natalia Lafourcade,Hu Hu Hu,2009,,true
Natalie Prass,Natalie Prass,2015,,true
Natural Snow Buildings,Shadow Kingdom,2009,,false
Natural Snow Buildings,The Dance of the Moon and the Sun,2006,,false
Natural Snow Buildings,Daughter of Darkness CD 1,2009,,true
Natural Snow Buildings,Daughter of Darkness CD 2,2009,,true
Natural Snow Buildings,Daughter of Darkness CD 3,2009,,true
Natural Snow Buildings,Daughter of Darkness CD 4,2009,,true
Natural Snow Buildings,Daughter of Darkness CD 5,2009,,true
Natural Snow Buildings,Daughter of Darkness CD 6,2009,,true
Navy Blue,Ways of Knowing,2023,,true
Ne Obliviscaris,Citadel,2014,,true
Ne Obliviscaris,Portal of I,2012,,true
Neck Deep,Life's Not Out To Get You,2015,,true
Neil Cicieraga,Mouth Dreams,2020,,false
Neil Cicieraga,Mouth Moods,2017,,false
Neil Cicieraga,Mouth Silence,2014,,false
Neil Cicieraga,Mouth Sounds,2014,,false
Neil Young,Greatest Hits,2004,,true
Neil Young,Ragged Glory,1990,,true
Neil Young,Freedom (Neil Young),1989,,true
Neil Young,Rust Never Sleeps,1979,,true
Neil Young,Decade,1977,,true
Neil Young,Hitchhiker,1976,,true
Neil Young,Tonight's The Night,1975,,true
Neil Young,On the Beach,1974,,true
Neil Young,Harvest,1972,,true
Neil Young,After the Gold Rush,1970,,true
Lil Peep,LiL PEEP; PART ONE,2016,,true
Neil Young,Everybody Knows This is Nowhere,1969,,true
Neil Young & Crazy Horse,Zuma,1975,,true
Neko Case,Fox Confessor Brings the Flood,2006,,true
Neon Indian,Psychic Chasms,2009,,true
Neu!,Neu! '75,1975,,true
Neu!,Neu!,1972,,true
Neurosis,Times of Grace,1997,,true
Neurosis,Through Silver in Blood,1996,,true
Neurosis,Souls at Zero,1992,,true
Neurosis,The Eye of Every Storm,2004,,true
Neurosis,A Sun That Never Sets,2001,,true
Neurosis,Enemy of the Sun,1993,,true
Neutral Milk Hotel,In The Aeroplane Over The Sea,1998,,true
Neutral Milk Hotel,On Avery Island,1996,,true
New Order,(The Best Of) New Order,1994,,true
New Order,Technique,1989,,true
New Order,"Substance 1987 (Singles, first 13 songs)",1987,,true
New Order,Brotherhood,1986,,true
New Order,Low-Life,1985,,true
New Order,"Power, Corruption & Lies",1983,,true
New Order,Movement,1981,,true
New Radicals,Maybe You've Been Brainwashed too,1999,,true
New York Dolls,New York Dolls,1973,,true
Nick Cave & The Bad Seeds,Tender Prey,1988,,true
Nick Cave & The Bad Seeds,Your Funeral… My Trial,1986,,true
Nick Cave & The Bad Seeds,Ghosteen,2019,,true
Nick Cave & Warren Ellis,CARNAGE,2021,,true
Nick Drake,Pink Moon,1972,,true
Nick Drake,Bryter Layter,1970,,true
Nick Drake,Five Leaves Left,1969,,true
Nico,Desertshore,1970,,true
Nico,The Marble Index,1968,,true
Nico,Chelsea Girl,1967,,true
Nicolas Jaar,Essential BBC Mix (Nicolas Jaar),2012,,false
Nicolas Jaar,Cenizas,2020,,true
Nicolas Jaar,Sirens,2016,,true
Nicolas Jaar,Nymphs I & II,2015,,true
Nicolas Jaar,Pomegranates,2015,,true
Nicolas Jaar,Space Is Only Noise,2011,,true
Nils Frahm,Late Night Tales (Nils Frahm),2014,,false
Nils Frahm,Spaces,2013,,true
Nina Simone,I Put A Spell on You,1968,,true
Nina Simone,Wild is the Wind,1966,,true
Nina Simone,Pastel Blues,1965,,true
Nine Inch Nails,Add Violence,2017,,true
Nine Inch Nails,Not The Actual Events,2017,,true
Nine Inch Nails,Hesitation Marks,2013,,true
Nine Inch Nails,Year Zero,2007,,true
Nine Inch Nails,With Teeth,2005,,true
Nine Inch Nails,The Fragile,1999,,true
Nine Inch Nails,The Downward Spiral,1994,,true
Nine Inch Nails,Broken,1992,,true
Nine Inch Nails,Pretty Hate Machine,1989,,true
Niños del Cerro,Suave pendiente,2022,,true
Niños del Cerro,Lance,2018,,true
Nirvana,Live at Reading,2009,,true
Nirvana,Nirvana,2002,,true
Nirvana,From the Muddy Bank of the Wishkah,1996,,true
Nirvana,Unplugged In New York,1994,,true
Nirvana,In Utero,1993,,true
Nirvana,Nevermind,1991,,true
Nirvana,Bleach,1989,,true
Nmesh,Welcome to Warp Zone!,2014,,false
No Age,Weirdo Rippers,2007,,true
No Age,Snares Like A Haircut,2018,,true
No Age,Nouns,2008,,true
No Somos Marineros,D'arcy,2017,,true
Nobuo Uematsu 植松伸夫,Final Fantasy VII,1997,,true
Nobuo Uematsu 植松伸夫,ファイナルファンタジーVI (Final Fantasy VI),1994,,true
NOFX,Punk In Drublic,1994,,true
NoMeansNo,Wrong,1989,,true
Noname,Room 25,2018,,true
Noname,Telefone,2016,,true
Norah Jones,Come Away With Me,2002,,true
Novos Baianos,Acabou Chocare,1972,,true
Nujabes,Modal Soul,2005,,true
Nujabes,Metaphorical Music,2003,,true
Nujabes & Fat Jon,Samurai Champloo Music Record: Departure,2004,,true
Nujabes feat. Shing02,Luv(sic) Hexalogy,2015,,true
Number Girl,Sappukei,2000,,true
Number Girl,School Girl Distortional Addict,1999,,true
NxWorries,WHY LAWD?,2024,,true
Oasis,Time Flies... 1994-2009 (CD1),2010,,true
Oasis,Time Flies... 1994-2009 (CD2),2010,,true
Oasis,The Masterplan,1998,,true
Oasis,(What's the Story) Morning Glory?,1995,,true
Oasis,Definitely Maybe,1994,,true
Objekt,Cocoon Crush,2018,,true
Of Montreal,"Hissing Fauna, Are You the Destroyer?",2007,,true
OFF!,Free LSD,2022,,true
Ohsees,Intercepted Message,2023,,true
Oingo Boingo,Dead Man's Party,1985,,true
Oingo Boingo,Good for Your Soul,1983,,true
Oingo Boingo,Only a Lad,1981,,true
Okkervil River,The Stage Names,2007,,true
Okkervil River,Black Sheep Boy,2005,,true
Oktubre,Patricio Rey y sus Redonditos de Ricota,1986,,true
Ol' Dirty Bastard,Return to the 36 Chambers: Dirty Version,1995,,true
Oliver Tree,Do You Feel Me?,2019,,true
Olivia Rodrigo,GUTS,2023,,true
Olivia Rodrigo,SOUR,2021,,true
Om,Adviatic Songs,2012,,true
Om,Pilgrimage,2007,,true
Omocat,OMORI [Original Soundtrack],2020,,true
Ondatrópica,Ondatrópica,2012,,true
Oneohtrix Point Never,Rifts,2009,,false
Oneohtrix Point Never,Returnal,2010,,true
Oneohtrix Point Never,Garden of Delete,2015,,true
Oneohtrix Point Never,R Plus Seven,2013,,true
Oneohtrix Point Never,Replica,2011,,true
Oneohtrix Point Never,Tranquilizer,2025,,true
Open Mike Eagle,What Happens When I Try To Relax,2018,,true
Open Mike Eagle,Brick Body Kids Still Daydream,2017,,true
Open Mike Eagle,A Special Episode Of,2015,,true
Open Mike Eagle,Dark Comedy,2014,,true
Open Mike Eagle,Neighborhood Gods Unlimited,2025,,true
Operation Ivy,Operation Ivy,1991,,true
Opeth,Morningrise,1996,,true
Orbital,In Sides,1996,,true
Orbital,Orbital (The Brown Album),1993,,true
Orchestral Manoeuvres In The Dark,Architecture & Morality,1981,,true
Orchid,Dance Tonight! Revolution Tomorrow!,2000,,true
Orchid,Chaos Is Me,1999,,true
Organized Konfusion,Stress: The Extinction Agenda,1994,,true
Origami Angel,Somewhere City,2019,,true
Ornette Coleman,Free Jazz,1961,,true
Ornette Coleman,The Shape of Jazz to Come,1959,,true
Orville Peck,Bronco,2022,,true
Emeralds,Does It Look Like I'm Here?,2018,,true
Ossia,Devil's Dance,2019,,true
Otis Redding,The Dock of the Bay,1968,,true
Otis Redding,Otis Blue/Otis Redding Sings Soul,1965,,true
Frankie Cosmos,Zentropy,2014,,true
OutKast,Stankonia,2000,,true
OutKast,Aquemini,1998,,true
OutKast,Southernplayalisticadillacmuzik,1994,,true
Oval,94 Diskont,1994,,true
Owen Pallett,Heartland,2010,,true
Oxbow,Thin Black Duke,2017,,true
Ozzy Osbourne,No More Tears,1991,,true
Ozzy Osbourne,Diary of a Madman,1981,,true
Ozzy Osbourne,Blizzard of Ozz,1980,,true
Paavoharju,Yhä hämärää,2005,,true
Panchiko,Kicking Cars,2001,,true
Panchiko,D>E>A>T>H>M>E>T>A>L,2000,,true
Panda Bear,Tomboy,2011,,true
Panda Bear,Panda Bear Meets The Grim Reaper,2015,,true
Panda Bear,Person Pitch,2007,,true
Panopticon,…And Again into the Light,2021,,true
Panopticon,Autumn Eternal,2015,,true
Panopticon,Roads to the North,2014,,true
Pantera,The Great Southern Trendkill,1996,,true
Pantera,Far Beyond Driven,1994,,true
Pantera,Vulgar Display of Power,1992,,true
Pantera,Cowboys from Hell,1990,,true
Pantha Du Prince,Black Noise,2010,,true
Paramore,This is Why,2023,,true
Paramore,After Laughter,2017,,true
Paramore,Paramore,2013,,true
Paramore,Brand new Eyes,2009,,true
Parcels,Day/Night,2021,,true
Parcels,Parcels,2018,,true
Parliament,Mothership Connection,1975,,true
Passion Pit,Manners,2009,,true
Patricio Rey y sus Redonditos de Ricota,Un baión para el ojo idiota,1988,,true
Patti Smith,Horses,1975,,true
Patti Smith Group,Easter,1978,,true
Patti Smith Group,Radio Ethiopia,1976,,true
Paul McCartney,Chaos and Creation in the Backyard,2005,,true
Paul McCartney,Ram (Remaster),1971,,true
Paul McCartney & Wings,Band On the Run,1973,,true
Paul Simon,Graceland,1986,,true
Paul Simon,Paul Simon,1972,,true
Paul White ft. Danny Brown,Accelerator,2017,,true
Paysage d'Hiver,Winterkaelte,2001,,true
Paysage d'Hiver,Paysage d'Hiver,1996,,true
Pearl Jam,Rearviewmirror: Greatest Hits 1991-2003 CD1,2004,,true
Pearl Jam,Rearviewmirror: Greatest Hits 1991-2003 CD2,2004,,true
Pearl Jam,Yield,1998,,true
Pearl Jam,Vitalogy,1994,,true
Pearl Jam,Vs.,1993,,true
Pearl Jam,Ten,1991,,true
Pere Ubu,Dub Housing,1981,,true
Pere Ubu,The Modern Dance,1978,,true
Perfume,⊿,2009,,true
Perfume Genius,Ugly Season,2022,,true
Perfume Genius,Set My Heart on Fire Inmediately,2020,,true
Perfume Genius,No Shape,2017,,true
Perfume Genius,Too Bright,2014,,true
Perfume Genius,Put Your Back N 2 It,2012,,true
Perturbator,New Model,2017,,true
Pescado Rabioso,Artaud,1973,,true
Pestilence,Consuming Impulse,1989,,true
Pet Shop Boys,PopArt: The Hits (Art),2000,,true
Pet Shop Boys,PopArt: The Hits (Pop),2000,,true
Pet Shop Boys,Very,1993,,true
Pet Shop Boys,Discography: The Complete Singles Collection,1991,,true
Pet Shop Boys,Behaviour,1990,,true
Pet Shop Boys,Introspective,1988,,true
Pet Shop Boys,Actually,1987,,true
Pet Shop Boys,Please,1986,,true
Pete Rock & CL Smooth,The Main Ingredient,1994,,true
Pete Rock & CL Smooth,Mecca and the Soul Brother,1992,,true
Pete Rock & InI,Center of Attention,2003,,true
Peter Gabriel,So,1986,,true
Peter Gabriel,Peter Gabriel (1980),1980,,true
Petrol Girls,Baby,2022,,true
Pharoah Sanders,Black Unity,1972,,true
Pharoah Sanders,Karma,1969,,true
Pharoahe Monch,Internal Affairs,1999,,true
Phil Spector,Back to Mono (1958-1969),1991,,true
Phillip Glass,Glassworks,1982,,true
Phoebe Bridgers,Punisher,2020,,true
Phoebe Bridgers,Lost Weekend,2026,,true
Phoebe Bridgers,Stranger in the Alps,2017,,true
Phoenix,It's Never Been Like That,2006,,true
Phoenix,Wolfgang Amadeus Phoenix,2009,,true
Phosphorecent,C'est La Vie,2018,,true
Phosphorecent,Muchacho,2013,,true
Phosphorecent,Pride,2011,,true
Pig Destroyer,Terrifyer,2004,,true
Pig Destroyer,Prowler in the Yard,2001,,true
Pink Floyd,Echoes: The Best of Pink Floyd CD1,2001,,true
Pink Floyd,Echoes: The Best of Pink Floyd CD2,2001,,true
JID,God Does Like Ugly,2025,,true
Racing Mount Pleasant,Racing Mount Pleasant,2025,,true
Pink Floyd,The Division Bell,1994,,true
Pink Floyd,The Final Cut,1983,,true
Pink Floyd,The Wall,1979,,true
Pink Floyd,Animals (2018 Remix),1977,,true
Pink Floyd,Wish You Were Here,1975,,true
Pink Floyd,Dark Side Of The Moon,1973,,true
Pink Floyd,Meddle,1971,,true
Pink Floyd,Relics,1971,,true
Pink Floyd,The Piper Gates of Dawn,1967,,true
Pink Silfu',GUMBO!,2021,,true
PinkPantheress,Fancy That,2025,,true
PinkPantheress,Heaven Knows,2023,,true
Pixies,Wave of Mutilation: Best of Pixies,2004,,true
Pixies,Death to the Pixies,1997,,true
Pixies,Trompe le Monde,1991,,true
Pixies,Bossanova,1990,,true
Pixies,Doolittle,1989,,true
Pixies,Surfer Rosa,1988,,true
Pixies,"Come On, Pilgrim",1987,,true
PJ Harvey,The Hope Six Demolition Project,2016,,true
PJ Harvey,Let England Shake,2011,,true
Joey Valence & Brae,NO HANDS,2025,,true
Joey Valence & Brae,HYPERYOUTH,2025,,true
PJ Harvey,White Chalk,2007,,true
PJ Harvey,Stories from the City - Stories from the Sea,2000,,true
PJ Harvey,Is This Desire?,1998,,true
PJ Harvey,To Bring You my Love,1995,,true
PJ Harvey,Rid of Me,1993,,true
Placebo,Once More With Feeling,2004,,true
Placebo,Without You I'm Nothing,1998,,true
Playboi Carti,Die Lit,2018,,true
Policias y Ladrones,Flores,2016,,true
Polvo,Today's Active Lifestyles,1993,,true
Polyphia,New Levels New Devils,2018,,true
Pond,Man It Feels Like Space Again,2015,,true
Popol Vuh,Hosiana Mantrah,1972,,true
Popol Vuh,In den Gärten Pharaos,1972,,true
Porches,Pool,2015,,true
Porcupine Tree,The Incident,2009,,true
Porcupine Tree,Fear of a Blank Planet,2007,,true
Porcupine Tree,Deadwing,2005,,true
Porcupine Tree,In Absentia,2002,,true
Porcupine Tree,Lightbulb Sun,2000,,true
Porcupine Tree,Stupid Dream,1999,,true
Porridge Radio,Every Bad,2020,,true
Porter Ricks,Biokinetics,1996,,true
Porter Robinson,SMILE! :D,2024,,true
Portico Quartet,Portico Quartet,2012,,true
Posessed,Seven Churches,1985,,true
Powder,Powder in Space (DJ Mix),2019,,true
Prefuse 73,One Word Extinguisher,2003,,true
Premiata Forneria Marconi,Per un Amico,1972,,true
Premiata Forneria Marconi,Storia di un minuto,1972,,true
Jill Scott,To Whom This May Concern,2025,,true
GENA,The Pleasure Is Yours,2025,,true
Gorillaz,The Mountain,2025,,true
Bill Callahan,My Days of 58,2025,,true
James Blake,Trying Times,2025,,true
slayr,Half Blood (BloodLuxe),2025,,true
underscores,fishmonger,2025,,true
Neurosis,An Undying Love for a Burning World,2025,,true
Blood Command,Wet Death EP,2025,,true
Dylan Brady,Needle Guy EP,2025,,true
Cowboy Hunters,Epeepee EP,2025,,true
Model/ Actriz,Swans Song EP,2025,,true
Preoccupations,Preoccupations,2016,,true
Preoccupations,Viet Cong,2015,,true
Pretenders,The Singles,1987,,true
Pretenders,Pretenders,1980,,true
PRhyme,PRhyme,2014,,true
Primal Scream,XTRMNTR,2000,,true
Primal Scream,Vanishing Point,1997,,true
Primal Scream,Screamadelica,1991,,true
The Thermals,"The Body, the Blood, the Machine",2006,,true
Primus,Pork Soda,1993,,true
Primus,Sailing The Seas of Cheese,1991,,true
Primus,Frizzle Fry,1990,,true
Prince,Originals,2019,,true
Prince,Piano & a Microphone 1983,2018,,true
Prince,[Love Symbol],1992,,true
Prince,Sign O' The Times,1987,,true
Prince,Parade,1986,,true
Prince,Purple Rain,1984,,true
Prince,1999,1982,,true
Prince,Controversy,1981,,true
Prince,Dirty Mind,1980,,true
Patrice Rushen,Straight from the Heart,1982,,true
Change,The Glow of Love,1980,,true
Yoko Ono,Seasons Of Glass,1982,,true
Protomartyr,Ultimate Success Today,2020,,true
Protomartyr,Consolation,2018,,true
Protomartyr,Relatives in Descent,2017,,true
Protomartyr,The Agent Intellect,2015,,true
Protomartyr,Under Color of Official Right,2014,,true
Gaby Amarantos,ROCK DOIDO,2025,,true
Ini Kamoze,Ini Kamoze,1984,,true
Psychedelic Porn Crumpets,High Visceral pt. 1,2017,,true
Psychedelic Porn Crumpets,High Visceral pt. 2,2017,,true
Bronski Beat,The Age of Consent,1984,,true
Flipper,Generic Album - Flipper,1982,,true
Public Enemy,Fear of a Black Planet,1990,,true
Public Enemy,It Takes a Nation of Millions to Hold Us Back,1988,,true
Public Image Ltd.,The Flowers of Romance,1981,,true
Public Image Ltd.,Metal Box,1979,,true
Public Image Ltd.,First Issue,1978,,true
Pulp,Different Class,1995,,true
Pulp,This is Hardcore,1995,,true
Pulp,His 'n' Hers,1994,,true
PUP,Morbid Stuff,2019,,true
Purple Mountains,Purple Mountains,2019,,true
Pusha T,It's Almost Dry,2022,,true
Pusha T,Daytona,2018,,true
Q-Tip,The Renaissance,2008,,true
Quadeca,Scrapyard,2024,,true
Quadeca,I Didn't Mean to Haunt You,2022,,true
Quadeca,"Vanisher Horizon, Scraper",2025,,true
Quasimoto,The Unseen,2000,,true
Queen,Greatest Hits II,1991,,true
Queen,Greatest Hits,1981,,true
Queen,A Night At The Opera,1975,,true
Queen,Sheer Heart Attack,1974,,true
Queens of the Stone Age,In Times New Roman…,2023,,true
Queens Of The Stone Age,Villains,2017,,true
Queens Of The Stone Age,...Like Clockwork,2013,,true
Queens Of The Stone Age,Era Vulgaris,2007,,true
Queens Of The Stone Age,Lullabies to Paralyze,2005,,true
Queens Of The Stone Age,Songs For The Deaf,2002,,true
Queens Of The Stone Age,Rated R,2000,,true
Queensrÿche,Operation: Mindcrime,1988,,true
R.E.M,New Adventures in Hi-Fi,1996,,true
R.E.M,Automatic for the People,1992,,true
R.E.M,Out of Time,1991,,true
R.E.M,Eponymous,1988,,true
R.E.M,Green,1988,,true
R.E.M,Document,1987,,true
R.E.M,Lifes Rich Pageant,1986,,true
R.E.M,Fables of Reconstrution,1985,,true
R.E.M,Reckoning,1984,,true
R.E.M,Murmur,1983,,true
R.E.M,Chronic Town,1982,,true
R.E.M.,"Part Lies, Part Heart, Part Truth, Part Garbage: 1982-2011 (CD 1)",2011,,true
R.E.M.,"Part Lies, Part Heart, Part Truth, Part Garbage: 1982-2011 (CD 2)",2011,,true
R.E.M.,In Time: The Best of R.E.M. 1988-2003,2003,,true
Rachel Chinouriri,Four° in Winter,2021,,true
Rachika Nayar,heaven Come Crashing,2022,,true
Racionais MC's,Sobrevivendo no inferno,1997,,true
Radio Stereo,Sueño Stereo,1995,,true
Radiohead,KID A MNESIA (CD 1 + CD2),2022,,true
Radiohead,KID A MNESIA (CD 3),2022,,true
Radiohead,OK Computer OKNOTOK CD2,2017,,true
Radiohead,A Moon Shaped Pool,2016,,true
Radiohead,The King of Limbs (Live at the Basement),2011,,true
Radiohead,In Rainbows: From the Basement,2008,,true
Radiohead,In Rainbows,2007,,true
Radiohead,Hail to the Thief,2003,,true
Radiohead,Amnesiac,2001,,true
Radiohead,Kid A,2000,,true
Radiohead,OK Computer OKNOTOK CD1,1997,,true
Radiohead,The Bends,1995,,true
Raekwon,Only Built 4 Cuban Linx... Pt. II,2009,,true
Raekwon,Only Built 4 Cuban Linx,1995,,true
Rage Against the Machine,The Battle of Los Angeles,1999,,true
Rage Against the Machine,Evil Empire,1996,,true
Rage Against the Machine,Rage Against the Machine,1992,,true
Rainbow,Long Live Rock 'n' Roll,1978,,true
Rainbow,Rising,1976,,true
Rakim & Eric B.,Follow the Leader,1988,,true
Rammstein,Mutter,2001,,true
Ramones,Anthology: Hey Ho Let's Go!,1999,,true
Ramones,Ramones Mania,1988,,true
Ramones,It's Alive,1979,,true
Ramones,Leave Home,1977,,true
Ramones,Rocket to Russia,1977,,true
Ramones,Ramones,1976,,true
Rancid,...And Out Come the Wolves,1995,,true
Randy Newman,Sail Away,1972,,true
Randy Newman,12 Songs,1970,,true
Rapsody,Laila's Wisdom,2017,,true
Ratatat,Classics,2006,,true
Ratking,So It Goes,2014,,true
Rav,Beneath the Toxic Jungle,2015,,true
Ravyn Lenae,Hypnos,2022,,true
Les Savy Fav,Rome (Written Upside Down) EP,2000,,true
Ravyn Lenae,Crush,2018,,true
DJ /rupture,Uproot,2008,,true
Ray Charles,A 25th Anniversary in Show Business Salute to Ray Charles,1970,,true
RBD,Nuestro Amor,2005,,true
RBD,Rebelde,2004,,true
Real Estate,Atlas,2014,,true
Real Estate,Days,2011,,true
Real Estate,Real Estate,2009,,true
Red Hot Chili Peppers,I'm With You,2011,,true
Jimmy Cliff,The Harder They Come,1972,,true
Red Hot Chili Peppers,Stadium Arcadium CD1,2006,,true
Red Hot Chili Peppers,Stadium Arcadium CD2,2006,,true
Red Hot Chili Peppers,Greatest Hits,2003,,true
Red Hot Chili Peppers,By the Way,2002,,true
Red Hot Chili Peppers,Californication,1999,,true
Red Hot Chili Peppers,Blood Sugar Sex Magik,1991,,true
Red House Painters,Ocean Beach,1995,,true
Red House Painters,Red House Painters,1993,,true
Red House Painters,Down Colorful Hill,1992,,true
Redman,Muddy Waters,1996,,true
Redman,Dare Iz a Darkside,1994,,true
Redman,Whut? Thee Album,1992,,true
Reflection Eternal,Train of Thought,2000,,true
Refused,The Shape of Punk to Come,1998,,true
Regina Spektor,Begin To Hope,2006,,true
Regina Spektor,Soviet Kitsch,2004,,true
Rhye,Woman,2013,,true
Rhythm & Sound,Rhythm & Sound w/ the Artists,2003,,true
Ricardo Villalobos,Alcachofa,2003,,false
Richard Dawson,The Ruby Chord,2022,,true
Richard Dawson,2020,2019,,true
Richard Dawson,Peasant,2019,,true
Richard Dawson & Circle,Henki,2021,,true
Richard Jacques,Sonic R,1998,,true
Rick James,Street Songs,1981,,true
Ride,Going Blank Again,1992,,true
Ride,Nowhere,1990,,true
Rilo Kiley,The Execution of All Things,2002,,true
Rina Sawayama,SAWAYAMA,2020,,true
Rina Sawayama,RINA,2017,,true
Rise Against,The Sufferer & the Witness,2006,,true
Rita Indiana,Mandinga Times,2020,,true
River Tiber,Indigo,2017,,true
RJD2,Dead Ringer,2002,,true
Robbie Basho,Visions of the Country,1978,,false
Robert Johnson,"Complete Recordings, CD 1",1990,,true
Robert Johnson,"Complete Recordings, CD 2",1990,,true
Robert Plant & Alison Krauss,Raising Sand,2007,,true
Robert Wyatt,Rock Bottom,1974,,true
Robyn,Honey,2018,,true
Robyn,Body Talk,2010,,true
Roc Marciano,Behold A Dark Horse,2018,,true
Roc Marciano,Reloaded,2011,,true
Roc Marciano/ The Alchemist,The Elephant Man's  Bones,2022,,true
Rodriguez,Cold Fact,1970,,true
Roger Waters,Amused To Death,1992,,true
Róisín Murphy,Hit Parade,2023,,true
Róisín Murphy,Overpowered,2007,,true
Róisín Murphy,Ruby Blue,2005,,true
Roland Kirk,I Talk With The Spirits,1964,,true
ROME,Flowers From Exile,2009,,true
Rosalia,Motomami,2022,,true
Rosalía,El Mal Querer,2018,,true
Rosalía,Los Ángeles,2017,,true
Rosetta,The Galilean Satellites,2005,,true
Rowland S. Howard,Teenage Snuff Film,1999,,true
Roxy Music,Avalon,1982,,true
Roxy Music,Greatest Hits,1977,,true
Roxy Music,Siren,1975,,true
Roxy Music,Country Life,1974,,true
Roxy Music,For Your Pleasure,1973,,true
Roxy Music,Roxy Music,1972,,true
Roy Harper,Stormrock,1971,,true
Royal Headache,High,2015,,true
Röyksopp,Junior,2009,,true
Röyskopp,Late Night Tales (Röyskopp),2013,,true
Röyskopp,Melody A.M,2001,,true
Run the Jewels,Run the Jewels 4,2021,,true
Run The Jewels,Run The Jewels 3,2016,,true
Run The Jewels,Run The Jewels 2,2014,,true
Run the Jewels,Run the Jewels,2013,,true
Run-D.M.C,Raising Hell,1986,,true
Rush,Moving Pictures,1981,,true
Rush,Hemispheres,1978,,true
Rush,A Farewell to Kings,1977,,true
Rush,2112,1976,,true
Russian Circles,Guidance,2016,,true
Russian Circles,Memorial,2013,,true
Russian Circles,Empros,2011,,true
Russian Circles,Gwneva,2009,,true
Ryan Adams,Heartbreaker,2000,,true
Ryo Fukui,Scenery,1976,,true
Ryuichi Sakamoto,async,2017,,true
Ryuichi Sakamoto,1996,1996,,true
Ryuichi Sakamoto,Thousand Knives Of,1978,,true
S.F. Sorrow,The Pretty Things,1968,,true
Sad Saturno,Destinados a Fallar,2016,,true
Sade,Lovers Rock,2000,,true
Sade,Love Deluxe,1992,,true
Sade,Promise,1985,,true
Sade,Diamond Life,1984,,true
Sadfields,Homesick,2017,,true
Saint Etienne,Foxbase Alpha,1991,,true
Sam Cooke,Portrait of a Legend 1951-1964,2003,,true
Sam Prekop & John McEntrie,Sons Of,2022,,true
Santana,Supernatural,1999,,true
Santana,Caravanserai,1972,,true
Santana,Santana III,1971,,true
Santana,Abraxas,1970,,true
Santana,Santana,1969,,true
Santogold,Santogold,2008,,true
Sasha and John Digweed,Northern Exposure,1996,,false
Satan,Court in the Act,1983,,true
Satanicpornocultshop,Arkhaiomelisidonophunikheratos,2010,,true
SAULT,Air,2022,,true
SAULT,Untitled (Rise),2022,,true
SAULT,5,2019,,true
Savages,Adore,2016,,true
Savages,Silence Yourself,2013,,true
Max Tundra,Mastered by the Guy at the Exchange,2002,,true
Savatage,Gutter Ballet,1989,,false
Savatage,Hail of the Mountain King,1987,,false
Say Anything,…Is A Real Boy,2004,,true
Scarface,The Fix,2002,,true
Scarface,The Diary,1994,,true
schnozz,berdleycore Chapter Zero,2022,,true
schnozz,berdlycore chapter 1,2021,,true
Vitalic,OK Cowboy,2005,,true
schnozz,berdlycore chapter 2,2021,,true
Scorpions,Love at First Sting,1984,,true
Scorpions,Taken By Force,1978,,true
Scott Walker,Bish Bosch,2012,,true
Scott Walker,The Drift,2006,,true
Scott Walker,Tilt,1994,,true
Scott Walker,Scott 3,1969,,true
Scott Walker,Scott 4,1969,,true
Scott Walker,Scott 2,1968,,true
Scott Walker,Scott,1967,,true
Screaming Females,All At Once,2018,,true
Seatbelts,Cowboy Bebop Blue,1999,,true
Seatbelts,Cowboy Bebop,1998,,true
Secret Guest,Traumprinz B2B DJ Metatron Live at Planet Uterus,2018,,false
Selena,Amor Prohibido,1994,,true
Sematary & Ghost Mountain,HUNDRED ACRE WRIST HOSTED BY DJ SORROW,2020,,false
Sematary & Ghost Mountain,GRAVE HOUSE,2019,,false
Sepultura,Roots,1996,,true
Sepultura,Chaos A.D.,1993,,true
Sepultura,Arise,1991,,true
Sepultura,Beneath The Remains,1989,,true
Serge Gainsbourg,Histoire de Melody Nelson,1971,,true
Set Fire To Flames,Telegraphs in Negative / Mouths Trapped in Static,2003,,true
Sevdaliza,Shabrang,2020,,true
Sgt. Papers,Me Hiciste Brujería,2019,,true
Sgt. Papers,Sgt. Papers Lonely Psych Punk Band,2018,,true
Shabazz Palaces,Black Up,2011,,true
Shakira,"Fijación Oral, Vol. 1",2005,,true
Shakira,¿Dónde Están los Ladrones?,1998,,true
Sharon Van Etten,Are We There,2014,,true
Sharon Van Etten,Tramp,2012,,true
Sharon Von Etten,Remind Me Tomorrow,2019,,true
Shawn Kemp & Nickelus F,Trick Dice,2015,,true
Sheer Mag,Compilation,2017,,true
Sheer Mag,Need To Feel your Love,2017,,true
Shellac,At Action Park,1994,,false
Shibusashirazu Orchestra,Shibuboshi (渋星),2004,,false
SHINee,1 of 1,2016,,true
Shinsei Kamattechan,つまんね [Tsumanne],2010,,true
Shiro Sagisu,The End of Evangelion,1997,,true
Shiro Sagisu,Neon Genesis Evangelion (Original Series Soundtrack),1995,,true
Shlohmo,Vacation EP,2013,,true
Shlohmo,Laid Out EP,2012,,true
Shoji Meguro,Persona 5: Original Soundtrack,2017,,true
Shoji Meguro 目黒将司,Persona4,2008,,true
Show me the Body,Survive,2021,,true
Show Me The Body,Body War,2016,,true
"Shye Ben Tzur, Jonny Greenwood & The Rajasthan Express",Junun,2015,,true
Shygirl,Club Shy EP,2024,,true
Shygirl,ALIAS,2020,,true
Shygirl,Cruel Practice,2018,,true
Sibylle Baier,Colour Green,2006,,true
Sidney Gish,No Dogs Allowed,2017,,true
Signor Benedick The Moor,El Negro,2013,,false
Sigur Rós,Kveikur,2013,,true
Sigur Rós,( ),2002,,true
Sigur Rós,Ágætis Byrjun,1999,,true
Silk Sonic,An Evening With Silk Sonic…,2021,,true
Silvana Estrada,Marchita,2022,,true
Silver Apples,Silver Apples,1968,,true
Silver Jews,American Water,1998,,true
Silver Jews,The Natural Bridge,1996,,true
Silversun Pickups,Carnavas,2006,,true
Silvio Rodríguez,"""Al final de este viaje...""",1978,,true
Simon & Garfunkel,Simon and Garfunkel's Greatest Hits,1972,,true
Simon & Garfunkel,Bookends,1968,,true
Simon & Garfunkel,"Parsley, Sage, Rosemary & Thyme",1966,,true
Simon & Garfunkel,Sounds of Silence,1966,,true
Simple Minds,New Gold Dream (81-82-83-84),1982,,true
Sinead O'Connor,The Lion and the Cobra,1987,,true
Sinnéad O'Connor,I Do Not Want What I Haven't Got,1990,,true
Siouxsee & The Banshees,Juju,1981,,true
Siouxsee & The Banshees,The Scream,1978,,true
Siouxsie and the Banshees,Tinderbox,1986,,true
Siouxsie and the Banshees,A Kiss in the Dreamhouse,1982,,true
Siouxsie and The Banshees,Once Upon a Time / The Singles,1981,,true
Siouxsie and the Banshees,Kaleidoscope,1980,,true
Sixteen Horsepower,Sackcloth 'n' Ashes,1996,,true
Skee Mask,Compro,2018,,true
Sky Ferreira,"Night Time, My Time",2013,,true
Slayer,Seasons in the Abyss,1990,,true
Slayer,South of Heaven,1988,,true
Slayer,Reign in Blood,1986,,true
Slayer,Hell Awaits,1985,,true
Slayer,Hunting the Chapel,1984,,true
No Doubt,Tragic Kingdom,1995,,true
Sleaford Mods,T.C.R,2016,,true
Sleater-Kinney,No Cities To Love,2015,,true
Sleater-Kinney,The Woods,2005,,true
Sleater-Kinney,One Beat,2002,,true
Sleater-Kinney,All Hands on the Bad One,2000,,true
Sleater-Kinney,The Hot Rock,1999,,true
Sleater-Kinney,Dig Me Out,1997,,true
Sleater-Kinney,Call the Doctor,1996,,true
Agriculture,The Spiritual Sound,2025,,true
Sleigh Bells,Texis,2021,,true
Sleigh Bells,Treats,2010,,true
Slint,[untitled],1994,,true
Slipknot,Vol. 3: The Subliminal Verses,2004,,true
Slipknot,Iowa,2001,,true
Slipknot,Slipknot,1999,,true
Sloppy Jane,Madison,2021,,true
Slowdive,Slowdive,2017,,true
Slowdive,Pygmalion,1995,,true
Slowdive,Outside Your Room EP,1993,,true
Slowdive,Souvlaki,1993,,true
Slowdive,Just For a Day,1991,,true
slowthai,UGLY,2023,,true
slowthai,TYRON,2021,,true
slowthai,Nothing Great About Britain,2019,,true
Sluason Malone,"A Quiet Farewell, Twenty Sixteen to Twent Eighteen",2019,,true
SLUG BAIT,HALLUCINEAGENEOLOGY,2021,,false
Slum Village,"Fantastic, Vol. 2",2000,,true
Sly & The Family Stone,Fresh,1973,,true
Sly & The Family Stone,Greatest Hits (Sly & The Family Stone),1970,,true
Sly & The Family Stone,Stand!,1969,,true
Sly and The Family Stone,There's a Riot Goin' On,1971,,true
Small Faces,Ogdens' Nut Gone Flake,1968,,true
Smino,Luv 4 Rent,2022,,true
Smog,Knock Knock,1999,,true
Snarky Puppy,We Like It Here,2014,,true
Sneaker Pimps,Becoming X,1996,,true
Snoop Dog,Doggystyle,1993,,true
Snõõper,Super Snõõper,2023,,true
Snõõper,Worldwide,2025,,true
Snow Strippers,April Mixtape 3,2023,,true
Soccer Mommy,Clean,2018,,true
Soda Stereo,MTV Unplugged: Soñar y Música para volar,1996,,true
Soda Stereo,Sueño estéreo,1995,,true
Soda Stereo,Dynamo,1992,,true
Soda Stereo,Canción Animal,1990,,true
Soda Stereo,Signos,1986,,true
Sodom,Agent Orange,1989,,true
Soft Machine,Third,1970,,true
SOFT PLAY,Acts of Fear and Love,2018,,true
Solange,A Sea at the Table,2016,,true
Solange,True,2012,,true
Sonic Emerson,Si Tan Solo Supiera por qué estoy aquí,2020,,true
Sonic Youth,Rather Ripped,2006,,true
Sonic Youth,Sonic Nurse,2004,,true
Sonic Youth,Murray Street,2002,,true
Sonic Youth,A Thousand Leaves,1998,,true
Sonic Youth,Washing Machine,1995,,true
Sonic Youth,"Experimental Jet Set, Trash and No Star",1994,,true
Sonic Youth,Dirty,1992,,true
Sonic Youth,Goo,1990,,true
Sonic Youth,Daydream Nation,1988,,true
Sonic Youth,Sister,1987,,true
Sonic Youth,Evol,1986,,true
Sonny Rollins,Saxophone Colossus,1956,,true
Sonny Rollins,Tenor Madness,1956,,true
Sons of Kemet,Your Queen is a Reptie,2018,,true
Soul Glo,Songs to Yeet at the Sun,2020,,true
Soulglo,Diasphora Problems,2022,,true
Souls of Mischief,93' til Infinity,1993,,true
Soulwax,Nite Versions,2005,,true
Soundgarden,Superunknown,1994,,true
Soundgarden,Badmotorfinger,1991,,true
SpaceGhostPurrp,NASA: The Mixtape,2010,,false
SpaceGhostPurrp AKA Purrple Haze,Blackland Radio 666: Pt. 2 - Episode 1,2016,,false
Spacemen 3,The Perfect Prescription,1987,,false
Spacemen 3,Playing With Fire,1989,,true
Sparklehorse,It's a Wonderful Life,2001,,true
Sparklehorse,Good Morning Spider,1998,,true
Sparklehorse,Vivadixiesubmarinetransmissionplot,1995,,true
Spear of Cassius,visions of a fragmented world,2022,,true
Special Interest,Endure,2022,,true
Spellling,The Turning Wheel,2021,,true
Spirit Of the Beehive,im so lucky EP,2023,,true
Spiritbox,Eternal Blue,2021,,true
Spiritualized,Everything Was Beautifull,2022,,true
Spiritualized,"Sweet Heart, Sweet Light",2012,,true
Spiritualized,Let it Come Down,2001,,true
Spiritualized,Ladies and Gentlemen We Are Floating In Space,1997,,true
Spiritualized,Lazer Guided Melodies,1992,,true
Spoon,Lucifer on the Sofa,2022,,true
Spoon,Hot Thoughts,2017,,true
Spoon,They Want My Soul,2014,,true
Spoon,Ga Ga Ga Ga Ga,2007,,true
Spoon,Gimme Fiction,2005,,true
Spoon,Kill The Moonlight,2002,,true
Spoon,Girls Can Tell,2001,,true
Sprain,The Lamb as Effigy,2023,,true
SPY,Habitual Offender,2021,,true
Squarepusher,Hard Normal Daddy,1997,,true
Squarepusher,Feed Me Weird Things,1996,,true
Squeeze,Singles: 45's and Under,1982,,true
Squid,|,2023,,true
Squid,Bright Green Field,2021,,true
Squid,Town Centre And Later Singles,2019,,true
St. Vincent,All Born Screaming,2024,,true
St. Vincent,Daddy's Home,2021,,true
St. Vincent,St. Vincent,2014,,true
St. Vincent,Strange Mercy,2011,,true
St. Vincent,Actor,2009,,true
St. Vincent,Marry Me,2007,,true
Staatsorchester Stuttgart / Lithuanian Chamber Orchestra / The 12 Cellists of the Berlin Philharmonic Orchestra / Dennis Russell Davies / Saulius Sondeckis / Gidon Kremer / Keith Jarrett / Tatjana Grindenko / Alfred Schnittke,Tabula rasa,1984,,true
Stand Up,Jethro Tull,1969,,true
Standing On The Corner,Red Burns,2017,,true
Stars of the Lid,And their Refinement Of the Decline,2007,,true
STBRKT,STBRKT,2011,,true
Steely Dan,Gaucho,1980,,true
Steely Dan,Aja,1977,,true
Steely Dan,The Royal Scam,1976,,true
Steely Dan,Pretzel Logic,1974,,true
Steely Dan,Can't Buy a Thrill,1972,,true
Stereolab,Cobra and Phases Group Play Voltage in the Milky Night,1999,,true
Stereolab,Dots and Loops,1997,,true
Stereolab,Emperor Tomato Ketchup,1996,,true
Stereolab,Refried Ectoplasm (Switched On Volume 2),1995,,true
Stereolab,Mars Audiac Quintet,1994,,true
Jenny Lewis,The Voyager,2014,,true
Jenny Lewis,On The Line,2019,,true
Pallbearer,Foundations of Burden,2014,,true
Stereolab,Transient Random-Noise Bursts With Announcements,1993,,true
Mica Levi,Under the Skin OST,2014,,true
Steve Coleman and Five Elements,The Tao Mad Phat: Fringe Zones,1993,,false
Steve Hiett,Down on the Road by the Beach,1983,,false
Steve Lacy,Gemini Rights,2022,,true
Steve Reich,Music for 18 Musicians,1978,,true
Steve Roach,Dreamtime Return,1988,,true
Steve Roach,Structures From Silence,1984,,true
Steve Vai,Passion And Warfare,1990,,true
Steve Wilson,Insurgentes,2008,,true
Steven Wilson,The Raven That Refused To Sing (And Other Stories) [Deluxe Edition],2013,,true
Steven Wilson,Insurgentes,2008,,true
Stevie Nicks,Bella Donna,1981,,true
Stevie Wonder,Songs in the Key of Life,1976,,true
Stevie Wonder,Innervisions,1973,,true
Stevie Wonder,Fulfillingness' First Finale,1972,,true
Stevie Wonder,Talking Book,1972,,true
Stevie Wonder,Music of My Mind,1970,,true
Stiff Little Fingers,Inflammable Material,1979,,true
Stone Temple Pilots,Purple,1994,,true
Stone Temple Pilots,Core,1992,,true
Strapping Young Lad,City,1997,,true
Street Sects,Gentrification III: Death and Displacement,2019,,true
Street Sects,Gentrification IV: Suspended from Gallery Rails,2019,,true
Street Sects,Rat Jacket EP,2017,,true
Stromae,Racine carrée,2013,,true
Sturgill Simpson,Metamodern Sounds in Country Music,2014,,true
Sturgill Simpson,A Sailor's Guide to the Earth,2016,,true
Sublime,Sublime,1996,,true
Sudan Archives,Natural Brown Prom Queen,2022,,true
Suede,Sci-Fi Lullabies CD1,1997,,true
Suede,Sci-Fi Lullabies CD2,1997,,true
Suede,Coming Up,1996,,true
Suede,Dog Man Star,1994,,true
Suede,Suede,1993,,true
Suffocation,Pierced From Within,1995,,true
Suffocation,Effigy of the Forgotten,1991,,true
The 1975,A Brief Inquiry Into Online Relationships,2018,,true
Sufjan Stevens,Javelin,2023,,true
Sufjan Stevens,Mystery of Love,2018,,true
Sufjan Stevens,Carrie & Lowell Live,2017,,true
Sufjan Stevens,Carrie & Lowell,2015,,true
Sufjan Stevens,All Delighted People,2010,,true
Sufjan Stevens,The Age of Adz,2010,,true
Sufjan Stevens,Illinois,2005,,true
Sufjan Stevens,Seven Swans,2004,,true
Sufjan Stevens,Michigan,2003,,true
Sufjan Stevens & Angelo De Augustine,A Beginner's Mind,2021,,true
Sugar,Copper Blue,1992,,true
Sui Generis,Confesiones de Invierno,1973,,true
Sui Generis,Vida,1972,,true
Suicidal Tendencies,Suicidal Tendencies,1983,,true
Suicide,Suicide,1977,,true
Sun Kil Moon,Common As Light And Love Are Red Valleys of Blood,2017,,true
Sun Kil Moon,Ghosts of the Great Highway,2003,,true
Sun Ra,Lanquidity,1978,,true
Sun Ra,The Heliocentric World of Sun Ra Volume 1,1965,,true
Sun Ra And his Arkestra,Sleeping Beauty,1979,,true
SUNMI,WARNING,2018,,true
Sunn O))),Monoliths and Dimensions,2009,,true
Sunn O))),Black One,2005,,true
Sunny Day Real Estate,How it Feels to be Something On,1998,,true
Sunny Day Real Estate,LP2,1995,,true
Sunny Day Real Estate,Diary,1994,,true
Sunset Mission,Bohren & der Club of Gore,2000,,true
Sunset Rubdown,Dragonslayer,2009,,true
Super Furry Animals,Dark Days/ Light Years,2009,,true
Super Furry Animals,Phantom Power,2003,,true
Super Furry Animals,Rings Around the World,2001,,true
Super Furry Animals,Mwng,2000,,true
Super Furry Animals,Guerilla,1999,,true
Super Furry Animals,Radiation,1997,,true
Super Furry Animals,Fuzzy Logic,1996,,true
Super Mario 64,Koji Kondo 近藤浩治,1996,,true
Supergrass,I Should Coco,1995,,true
Supertramp,Breakfast in America,1979,,true
Supertramp,Crime of the Century,1974,,true
Susanne Sundfør,Music For People in Trouble,2017,,true
Susanne Sundfør,Ten Love Songs,2015,,true
Susanne Sundfør,The Brothel,2010,,true
Susumu Hirasawa 平沢進,剣風伝奇ベルセルク (Berserk),1997,,true
Swain,Negative Spaces,2019,,true
Swain,Heavy Dancing,2015,,true
Swain,Howl,2013,,true
Swans,The Beggar,2023,,true
Swans,The Glowing Man,2016,,true
Swans,To Be Kind,2014,,true
Swans,The Seer,2012,,true
Swans,My Father Will Guide Me Up A Rope To The Sky,2010,,true
Swans,Die Tür ist zu EP,1996,,true
Swans,Soundtracks For The Blind,1996,,true
Swans,The Great Anhilitor,1995,,true
Swans,Love of Life,1992,,true
Swans,White Light From the Mouth of Infinity,1991,,true
Swans,Children of God,1987,,true
Swans,Greed,1986,,true
Swans,Filth,1983,,true
Sweet Trip,"A Tiny House, In Secret Speeches, Polar Equals",2021,,true
Sweet Trip,You Will Never Know Why,2009,,true
Sweet Trip,Velocity: Design: Comfort,2003,,true
Swervedriver,Mezcal Head,1993,,true
Swirlies,They Spent Their Wild Youthful Days In The Glittering World Of The Salons,1996,,true
Syd Barrett,The Madcap Laughs,1970,,true
System Of A Down,Hypnotize,2005,,true
System of a Down,Mezmerize,2005,,true
System of a Down,Toxicity,2001,,true
System Of A Down,System of A Down,1998,,true
SZA,SOS,2022,,true
SZA,Crtl,2017,,true
T. Rex,The Slider,1972,,true
T. Rex,Electric Warrior,1971,,true
T2,It'll All Work Out in Boomland,1970,,false
Tabu Ley Rochereau,Tabu Ley Rochereau: The Voice of Lightness Vol 1 Album 1,2007,,true
Taking Back Sunday,Louder Now,2006,,true
Talib Kweli,Quality,2002,,true
Talk Talk,Laughing Stock,1991,,true
Talk Talk,Spirit of Eden,1988,,true
Talk Talk,The Colour of Spring,1986,,true
Talking Heads,Stop Making Sense,1984,,true
Talking Heads,The Name of This Band Is Talking Heads,1982,,true
Talking Heads,Remain in Light,1980,,true
Talking Heads,Fear of Music,1979,,true
Talking Heads,More Songs About Buildings and Food,1978,,true
Talking Heads,Talking Heads: 77,1977,,true
Tame Impala,The Slow Rush,2020,,true
Tame Impala,Currents,2015,,true
Tame Impala,Lonerism,2012,,true
Tame Impala,Innerspeaker,2010,,true
Tangerine Dream,Rubycon,1975,,true
Tangerine Dream,Phaedra,1974,,true
Tatsuro Yamashita 山下達郎,Big Wave,1984,,false
Tatsuro Yamashita 山下達郎,For You,1982,,false
Tatsuro Yamashita 山下達郎,Ride on Time,1980,,false
Taylor Swift,Red,2021,,true
Taylor Swift,Folklore,2020,,true
Tears for Fears,Tears Roll Down (Greatest Hits 82-92),1992,,true
Tears for Fears,Songs From the Big Chair,1985,,true
Tears For Fears,The Hurting,1983,,true
Teen Suicide,waste yrself,2012,,true
Teenage Fanclub,Bandwagonesque,1991,,true
Television,Marquee Moon,1977,,true
Temple of the Dog,Temple of the Dog,1991,,true
Tenacious D,The Pick Of Destiny,2006,,true
Terrorizer,World Downfall,1989,,true
Terry Riley,A Rainbow in Curved Air,1969,,true
TesseracT,Altered State,2013,,true
Testament,The Legacy,1987,,true
Texas Flood,Stevie Ray Vaughan and Double Trouble,1983,,true
Thantifaxath,Sacred White Noise,2014,,true
The Afghan Wigs,Gentlemen,1993,,true
The Alan Parsons Project,Eye in the Sky,1982,,true
The Alan Parsons Project,Turn of a Friendly Cards,1980,,true
The Alan Parsons Project,I Robot,1977,,true
The Allman Brothers,Brothers and Sisters,1973,,true
The Allman Brothers,Eat A Peach,1972,,true
The Allman Brothers Band,The Allman Brothers Band,1969,,true
The Angelic Process,Weighing Souls with Sand,2007,,true
The Antlers,Green to Gold,2021,,true
The Antlers,Burst Apart,2011,,true
The Antlers,Hospice,2008,,true
The Antlers,In the Attic of the Universe,2007,,true
The Arrogant Sons Of Bitches,Three Cheers For Disappointment,2006,,true
The Avalanches,Wildflower,2016,,true
The Avalanches,GIMIX,2000,,true
Nuno Canavarro,Plux Quba,1988,,true
The Avalanches,Since I Left You,2000,,true
The B-52's,Wild Planet,1980,,true
The B-52's,The B-52's,1979,,true
The Backseat Lovers,When We Were Friends,2019,,true
The Bad Plus,These are the Vistas,2003,,true
The Band,The Band,1969,,true
The Band,Music From Big Pink,1968,,true
The Beach Boys,Sounds of Sumer,2003,,true
The Beach Boys,Endless Summer,1974,,true
The Beach Boys,Surf's up,1971,,true
The Beach Boys,Sunflower,1970,,true
The Beach Boys,Pet Sounds,1966,,true
The Beach Boys,The Beach Boys Today!,1965,,true
The Beatles,"Past Masters, Volume One",1988,,true
The Beatles,"Past Masters, Volume Two",1988,,true
The Beta Band,The Three EPs,1998,,true
The Black Keys,El Camino,2011,,true
The Black Keys,Borthers,2010,,true
The Black Keys,Rubber Factory,2004,,true
The Blue Nile,Hats,1989,,true
The Books,The Way Out,2010,,true
The Books,The Lemon of Pink,2003,,true
The Books,Thought for Food,2002,,true
The Bran Flakes,I Have Hands,2009,,true
The Breeders,Last Splash,1993,,true
The Breeders,Pod,1990,,true
The Brobecks,Violent Things,2009,,true
The Byrds,The Notorious Byrd Brothers,1968,,true
The Byrds,greatest Hits,1967,,true
The Byrds,Younger than Yesterday,1967,,true
The Byrds,Fifth Dimension,1966,,true
The Byrds,Mr. Tambourine Man,1965,,true
The Cardigans,Life,1996,,true
The Caretaker,An Empty Bliss Beyond this World,2011,,true
The Cars,Greatest Hits,1985,,true
The Cars,The Cars,1978,,true
The Chameleons,Strange Times,1986,,true
The Chameleons,What Does Anything Mean? Basically,1985,,true
The Chameleons,Script of the Bridge,1983,,true
The Chemical Brothers,For That Beautiful Feeling,2023,,true
The Chemical Brothers,No Geography,2019,,true
The Chemical Brothers,Born in the Echoes,2015,,true
The Chemical Brothers,Further,2010,,true
The Chemical Brothers,Brotherhood CD2,2008,,true
The Chemical Brothers,Push the Button,2005,,true
The Chemical Brothers,Come With Us,2002,,true
The Chemical Brothers,Surrender,1999,,true
The Chemical Brothers,Dig Your Own Hole,1997,,true
The Chemical Brothers,Exit Planet Dust,1995,,true
The Chisel,What A Fucking Nightmare,2024,,true
The Clash,The Story of The Clash Volume 1,1988,,true
The Clash,Comat Rock,1982,,true
The Clash,London Calling,1979,,true
The Clash,Give 'Em Enough Rope,1978,,true
The Clash,The Clash,1977,,true
The Coasters,50 Coastin' Classics,1992,,true
The Comet Is Coming,Hyper-Dimensional Expansion Beam,2022,,true
The Comet Is Coming,Trust in the Lifeforce of the Deep Mystery,2019,,true
The Congos,Heart of The Congos,1977,,true
The Cramps,...Off the Bone,1983,,true
The Cranberries,No need to Argue,1994,,true
The Cranberries,"Everybody else is doing it, So Why Cant We?",1992,,true
The Cure,Greatest Hits (1st Half),2002,,true
The Cure,Greatest Hits (2nd Half),2002,,true
The Damned,Machine Gun Etiquette,1979,,true
The Damned,Damned Damned Damned,1977,,true
The Dave Brubeck Quartet,Time Out,1959,,true
The Decemberists,The Crane Wife,2006,,true
The Decemberists,Picaresque,2005,,true
The Decemberists,Castaways and Cutouts,2002,,true
The Devin Townsend Project,Addicted,2009,,true
The Dillinger Escape Plan,Dissociation,2016,,true
The Dillinger Escape Plan,One of Us is the Killer,2013,,true
The Dillinger Escape Plan,Ire Works,2007,,true
The Dillinger Escape Plan,Miss Machine,2004,,true
The Dillinger Escape Plan,Calculating Infinity,1999,,true
The Dillinger Escape Plan & Mike Patton,Irony Is a Dead Scene,2002,,true
The Dismemberment Plan,Emergency & I,1999,,true
The Doors,The Best of The Doors,1985,,true
The Doors,L.A Woman,1971,,true
The Doors,Morrison Hotel,1970,,true
The Doors,Strange Days,1967,,true
The Doors,The Doors,1967,,true
The Drones,Feelin Kinda Free,2016,,true
The Drones,I See Seaweed,2013,,true
The Dukes of Stratosphear,25 O'Clock,1985,,false
The Dukes of Stratosphear,Chips From the Chocolate Fireball,1987,,true
The Fall,This Nation's Saving Grace,1985,,true
The Fall,The Wonderful and Frightening World of The Fall,1984,,true
The Fall,Perverted by Language,1983,,true
The Fall,Hex Enduction Hour,1982,,true
The Fall,Grotesque (After the Gramme),1980,,true
The Fall,Live at the Witch Trials,1979,,true
The Fall Of Troy,Doppelgänger,2005,,true
The Feelies,Crazy Rhythms,1980,,true
The Field,Cupid's Head,2013,,true
The Field,Looping State of Mind,2011,,true
The Field,Yesterday and Today,2009,,true
The Field,From Here We Go Sublime,2007,,true
The Fiery Furnaces,Blueberry Boat,2004,,true
The Flaming Lips,American Head,2020,,true
The Flaming Lips,Peace Swords EP,2013,,true
The Flaming Lips,The Flaming Lips and Heady Fwends,2012,,true
The Flaming Lips,At War with the Mystics,2006,,true
The Flaming Lips,Late Night Tales (The Flaming Lips),2005,,true
The Flaming Lips,Yoshimi Battles The Pink Robots,2002,,true
The Flaming Lips,The Soft Bulletin,1999,,true
The Flaming Lips,Clouds Taste Metallic,1995,,true
The Game,The Documentary,2005,,true
The Gaslight Anthem,The '59 Sound,2008,,true
The Gerogerigegege,燃えない灰 [Moenai Hai],2016,,false
The Go-Betweens,16 Lovers Lane,1988,,true
The Go-Go's,Beauty And the Beat,1981,,true
The Go! Team,"Thunder, Lightning, Strike",2004,,true
Laurie Spiegel,The Expanding Universe,1980,,true
The Goon Sax,We're Not Talking,2018,,true
The Gun Club,Fire of Love,1981,,true
The Haxan Cloak,Excavation,2013,,true
The HIRS Collective,We're Still Here,2023,,true
The Hives,The Black and White Album,2007,,true
The Hives,Tyrannosaurus Hives,2004,,true
The Hives,The Hives Forever Forever The Hives,2025,,true
The Hives,Veni Vidi Vicious,2000,,true
The Hold Steady,Separation Sunday,2005,,true
The Hold Steady,Boys and Girls in America,2006,,true
The Horace Silver Quintet,Song for My Father (Cantiga para meu pai),1965,,true
The Horrors,Skying,2011,,true
The Horrors,Primary Colours,2009,,true
The Hotelier,"Home, Like Noplace is There",2014,,true
The Human League,Dare!,1981,,true
The Isley Brothers,3 + 3,1972,,true
The Jam,Snap! (CD 1),1983,,true
The Jam,Snap! (CD 2),1983,,true
The Jam,All Mod Cons,1978,,true
The Jesus & Mary Chain,Psychocandy,1985,,true
The Jesus And Mary Chain,Darklands,1987,,true
The Jesus Lizard,Goat,1991,,true
The Jimi Hendrix Experience,Smash Hits,1969,,true
The Jimi Hendrix Experience,Electric Ladyland,1968,,true
The Jimi Hendrix Experience,Are You Experienced,1967,,true
The Jimi Hendrix Experience,Axis: Bold as Love,1967,,true
The Killers,Pressure Machine,2021,,true
The Killers,Sam's Town,2004,,true
The Killers,Hot Fuzz,2001,,true
The Kinks,"Lola Versus the Powerground and the Moneyground, Part One",1970,,true
The Kinks,Arthur (Or The Decline and Fall of the British Empire),1969,,true
The Kinks,The Kinks Are the Viallge Green Preservation Society,1968,,true
The Kinks,Something Else by the Kinks,1967,,true
The Kinks,Face to Face,1966,,true
The KLF,Chill Out,1990,,false
The Knife,Shaking The Habitual,2013,,true
The Knife,Silent Shout,2006,,true
The Koreatown Oddity,Little Dominiques Nosebleed,2020,,true
The La's,The La's,1990,,true
The Lemon Twigs,A Dream Is All We Know,2024,,true
The Lemon Twigs,Everything Harmony,2023,,true
The Lemonheads,It's A Shame About Ray,1992,,true
The Libertines,The Libertines,2004,,true
The Libertines,Up The Bracket,2002,,true
The Lord of the Rings: The Return of the King,The Lord of the Rings: The Return of the King,2003,,true
The Lord of the Rings: The Two Towers,The Lord of the Rings: The Two Towers,2002,,true
The Magic Numbers,The Magic Numbers,2005,,true
The Magnetic Fields,50 Song Memoir 1,2017,,true
The Magnetic Fields,50 Song Memoir 2,2017,,true
The Magnetic Fields,50 Song Memoir 3,2017,,true
The Magnetic Fields,50 Song Memoir 4,2017,,true
Various Artists,Total 3,2000,,true
The Magnetic Fields,50 Song Memoir 5,2017,,true
The Magnetic Fields,69 Love Songs Vol. 1,1999,,true
The Magnetic Fields,69 Love Songs Vol. 2,1999,,true
The Magnetic Fields,69 Love Songs Vol. 3,1999,,true
The Magnetic Fields,Holiday,1994,,true
The Mahavishnu Orchestra,Birds of Fire,1971,,true
The Mahavishnu Orchestra,The Inner Mounting Flame,1971,,true
The Mama's & The Papa's,If You Can Believe Your Eyes and Ears,1966,,true
The Mars Volta,Frances The Mute,2005,,true
The Mars Volta,De-Loused in the Comatorium,2003,,true
The Millenium,Begin,1968,,true
The Modern Lovers,The Modern Lovers,1976,,true
The Monks,Black Monk Time,1966,,true
The Moody Blues,Days of Future Passed,1967,,true
The Mothers of Invention,One Size Fits All,1975,,true
The Mothers of Invention,Over-nite Sensation,1973,,true
The Mothers of Invention,Uncle Meat,1969,,true
The Mothers of Invention,We're Only in It for the Money,1968,,true
The Mothers of Invention,Freak Out!,1966,,true
The Mountain Goats,The Sunset Tree,2005,,true
The Mountain Goats,All Hail West Texas,2002,,true
The Mountain Goats,Tallahassee,2002,,true
The Murder Capital,When I Hvae Fears,2019,,true
The National,Sleep Well Beasts,2017,,true
The National,Trouble Will Find Me,2013,,true
The National,High Violet,2010,,true
The National,Boxer,2007,,true
The National,Alligator,2005,,true
The New Pornographers,Twin Cinema,2005,,true
The New Pornographers,Electric Version,2003,,true
The New Pornographers,Mass Romantic,2000,,true
The Newfound Interest In Connecticut,Tell Me About the Long Dark Path Home,2005,,true
The Notorious B.I.G,Life After Death,1997,,true
The Notorious B.I.G,Ready to Die,1994,,true
The Notwist,Neon Golden,2002,,true
The Olivia Tremor Control,Black Foliage: Animation Music Volume One,1999,,true
The Olivia Tremor Control,Music from the Unrealized Film Script: Dusk at Cubist Castle,1996,,true
The Orb,The Orb's Adventures Beyond the Ultraworld,1991,,true
The Other People Place,Lifestyles of the Laptop Café,2001,,true
The Pains of Being Pure at Heart,The Pains of Being Pure at Heart,2009,,true
The Pharcyde,Labcabincalifornia,1995,,true
The Pharcyde,Bizarre Ride II the Pharcyde,1992,,true
the pillows,FLCL Original Sound Track No. 3,2005,,true
The Police,Every Breath You Take: The Singles,1986,,true
The Police,Synchronicity,1983,,true
The Police,Outlandos d'Amour,1978,,true
The Pop Group,Citizen Zombie,2015,,true
The Pop Group,Y,1979,,true
The Postal Service,Give Up,2003,,true
The Prodigy,The Fat of the Land,1997,,true
The Prodigy,Music for a Gilted Generation,1994,,true
The Quintet,Jazz at Massey Hall,1953,,true
The Raconteurs,Consolers Of The Lonely,2008,,true
The Radio Dept.,Passive Aggressive: Singles 2002–2010 (cd 1),2011,,true
The Radio Dept.,Passive Aggressive: Singles 2002–2010 (cd 2),2011,,true
The Radio Dept.,Lesser Matters,2003,,true
The Raincoats,Oddly Shaped,1981,,true
The Raincoats,The Raincoats,1979,,true
The Red Krayola,The Parable Of Arable Land,1967,,true
The Replacements,Pleased To Meet Me,1987,,true
The Replacements,Tim,1985,,true
The Replacements,Let it Be (The Replacements),1984,,true
The Replacements,"Sorry Ma, Forgot to Take Out the Trash",1981,,true
The Residents,Not Available,1978,,true
The Rolling Stones,A Bigger Bang,2005,,true
The Rolling Stones,Forty Licks CD1,2002,,true
The Rolling Stones,Forty Licks CD2,2002,,true
The Rolling Stones,Singles Collection: The London Years 1,1989,,true
The Rolling Stones,Singles Collection: The London Years 2,1989,,true
The Rolling Stones,Singles Collection: The London Years 3,1989,,true
The Rolling Stones,Tattoo You,1981,,true
The Rolling Stones,Some Girls,1978,,true
The Rolling Stones,Exile On Main St,1972,,true
The Rolling Stones,More Hot Rocks,1972,,true
The Rolling Stones,Hot Rocks,1971,,true
The Rolling Stones,Hot Rocks (1964-1971),1971,,true
The Rolling Stones,Sticky Fingers,1971,,true
The Rolling Stones,Let It Bleed,1969,,true
The Rolling Stones,"Beggars Banquet (2006, Japan Mini LP)",1968,,true
The Rolling Stones,Between The Buttons,1967,,true
The Rolling Stones,Aftermath,1966,,true
The Rolling Stones,Big Hits (High Tides and Green Grass),1966,,true
The Rolling Stones,Out of Our Heads,1965,,true
The Rolling Stones,12x5,1964,,true
The Ronettes,Presenting the Fabulous Ronettes Featuring Veronica,1964,,true
The Roots,Undun,2011,,true
The Roots,Game Theory,2006,,true
The Roots,Phrenology,2002,,true
The Roots,Things Fall Apart,1999,,true
The Roots,Illadelph Halflife,1996,,true
The Ruins of Beverast,Rain Upon the Impure,2006,,true
The Shins,Wincing the Night Away,2007,,true
The Shins,Chutes Too Narrow,2003,,true
The Shins,"Oh, Inverted World",2001,,true
The Shirelles,The Vert best of the Shirelles,1994,,true
The Sisters of Mercy,Some Girls Wander by Mistake CD1,1992,,true
The Sisters of Mercy,Some Girls Wander by Mistake CD2,1992,,true
The Sisters of Mercy,Floodland,1987,,true
The Smashing Pumpkins,Rotten Apples: The Smashing Pumpkins Greatest Hits CD1,2001,,true
The Smashing Pumpkins,Adore,1998,,true
The Smashing Pumpkins,The Aeroplane Flies High,1996,,true
The Smashing Pumpkins,Mellon Collie And The Infinite Sadness (CD 1),1995,,true
The Smashing Pumpkins,Mellon Collie And The Infinite Sadness (CD 2),1995,,true
The Smashing Pumpkins,Siamese Dream,1993,,true
The Smashing Pumpkins,Gish,1991,,true
The Smashing Pumpkins,Rotten Apples: The Smashing Pumpkins Greatest Hits CD2,2001,,true
The Smile,A Light for Attracting Attention,2022,,true
The Smiths,The Sound of The Smiths (cd1),2008,,true
The Smiths,The Sound of The Smiths (cd2),2008,,true
The Smiths,Louder Than Bombs,1987,,true
The Smiths,"Strangeways, Here we Come",1987,,true
The Smiths,The Queen is Dead,1986,,true
The Smiths,Meat is Murder,1985,,true
The Smiths,The Smiths,1984,,true
The Soft Boys,Underwater Moonlight,1980,,true
The Soft Machine,Volume Two,1969,,false
The Soft Machine,Third,1970,,true
The Soft Pink Truth,Shall We Go On Sinning So That Grace May Increase?,2020,,true
The Sonics,Here Are The Sonics!!,1965,,true
The Sound,From the Lions Mouth,1981,,true
The Sound,Jeopardy,1980,,true
The Specials,The Specials,1979,,true
The Stone Roses,The Very Best of The Stone Roses,2002,,true
The Stone Roses,The Stone Roses,1989,,true
The Stooges,Raw Power,1973,,true
The Stooges,Fun House,1970,,true
The Stooges,The Stooges,1969,,true
The Streets,A Grand Don't Come For Free,2004,,true
The Streets,Original Pirate Material,2002,,true
The Strokes,The New Abnormal,2020,,true
The Strokes,Comedown Machine,2013,,true
The Strokes,Angles,2011,,true
The Strokes,First Impressions of Earth,2005,,true
The Strokes,Room on Fire,2003,,true
The Strokes,Is This It,2001,,true
The Sugarcubes,Life's Too Good,1998,,true
The Sundays,"Reading, Writing, and Arithmetic",1990,,true
The Supremes,Where Did Our Love Go,1961,,true
The Tallest Man on Earth,The Wild Hunt,2010,,true
The Tallest Man On Earth,Shallow Grave,2008,,true
The The,Infected,1986,,true
The The,Soul Mining,1983,,true
The Tired Sounds of Stars of the Lid,Stars of the Lid,2001,,true
The Tuss,Rushup Edge,2007,,false
The Underachievers,Evermore: The Art of Duality,2015,,true
The Underachievers,Indigoism,2013,,true
The Undertones,The Undertones,1979,,true
The Tough Alliance,A New Chance,1979,,true
The Unicorns,Who Will Cut Our Hair When We're Gone?,2003,,true
Erlend Øye,DJ Kicks,2004,,true
The United States of America,The United States of America,1968,,true
The Upsetters,Super Ape,1976,,true
The Vaccines,What Did You Expect from The Vaccines?,2011,,true
The Velvet Underground,Peel Slowly and See CD2,1995,,true
The Velvet Underground,Peel Slowly and See CD3,1995,,true
The Velvet Underground,Peel Slowly and See CD4,1995,,true
The Velvet Underground,Loaded,1970,,true
The Velvet Underground,The Velvet Underground,1969,,true
The Velvet Underground,White Light/White Heat,1968,,true
The Velvet Underground,The Velvet Underground & Nico,1967,,true
The Verve,Urban Hymns,1997,,true
The Wailers,Burnin,1973,,true
The Walkmen,Heaven,2012,,true
The Walkmen,Bows + Arrows,2004,,true
the War on Drugs,I Don't Live Here Anymore,2021,,true
The War On Drugs,A Deeper Understanding,2017,,true
The War On Drugs,Lost In The Dream,2014,,true
The Waterboys,Fisherman's Blues,1988,,true
The Weeknd,Hurry Up Tomorrow,2025,,true
The Weeknd,Dawn FM,2022,,true
The Weeknd,The Highlights,2021,,true
The Weeknd,After Hours,2020,,true
The Weeknd,Echoes of Silence,2011,,true
The Weeknd,House of Balloons,2011,,true
The Weeknd,Thursday,2011,,true
The White Stripes,The White Stripes,1999,,true
The White Stripes,De Stijl,2000,,true
The White Stripes,White Blood Cells,2001,,true
The White Stripes,Elephant,2003,,true
The White Stripes,Get Behind Me Satan,2005,,true
The White Stripes,Icky Thump,2007,,true
The White Stripes,Greatest Hits,2021,,true
The Who,Quadrophenia,1973,,true
The Who,Meaty Beaty Big & Bouncy,1971,,true
The Who,Who's Next,1971,,true
The Who,Live at Leeds,1970,,true
The Who,Tommy,1969,,true
The Who,The Who Sell Out,1967,,true
The Who,My Generation,1965,,true
The Wonder Years,The Greatest Generation,2013,,true
The World Is a Beautiful Place and I Am No Longer Afraid to Die,Harmlessness,2015,,true
The World Is a Beautiful Place and I Am No Longer Afraid to Die,"Whenever, If Ever",2013,,true
The Wrens,The Meadowlands,2003,,true
The xx,Coexist,2012,,true
The xx,XX,2009,,true
The Yardbirds,Roger the Engineer,1966,,true
The Zombies,Odessey & Oracle,1968,,true
Thee Oh Sees,A Weird Exists,2016,,true
Yellowman,Miser Yellowman,1982,,true
Thee Oh Sees,Mutilator Defeated At Last,2015,,true
Thee Oh Sees,Carrion Crawler / The Dream,2011,,true
Thelonious Monk,Brilliant Corners,1956,,true
Them Crooked Vultures,Them Crooked Vultures,2014,,true
These New Puritans,Field of Reeds,2013,,true
These New Puritans,Hidden,2010,,true
They Might Be Giants,Flood,1991,,true
They Might Be Giants,Lincoln,1988,,true
Thin Lizzy,Black Rose: A Rock Legend,1979,,false
Thin Lizzy,Bad Reputation,1977,,true
Thin Lizzy,Jailbreak,1976,,true
Thinking Fellers Union Local 282,Admonishing the Bishops,1993,,true
Third eye Blind,Third eye Blind,1997,,true
This Heat,Deceit,1981,,true
This Heat,Health and Efficiency,1980,,true
This Heat,This Heat,1979,,true
This Mortal Coil,It'll End In Tears,1984,,true
This Town Needs Guns,Animals,2008,,true
This Will Destroy You,This Will Destroy You,2008,,true
Thom Yorke,ANIMA,2019,,true
Thom Yorke,Suspiria (Music for the Luca Guadagnino Film),2019,,true
Three 6 Mafia,Mystic Stylez,1995,,true
Three Six Mafia,Underground Vol. 1: 1991-1994,1999,,true
Throbbing Gristles,20 Jazz Funk Greats,1979,,true
Thundercat,Drunk,2017,,true
Thundercat,The Beyond/ Where the Giants Roam,2015,,true
Tiamat,Wildhoney,1994,,true
Tierra Whack,Whack World,2018,,true
Tigers Jaw,Tigers Jaw,2008,,true
Tim Buckley,Lorca,1970,,true
Tim Buckley,Starsailor,1970,,true
Tim Buckley,Happy Sad,1969,,true
Tim Buckley,Goodbye and Hello,1967,,true
Tim Hecker,Virgins,2013,,true
Tim Hecker,"Ravedeath,1972",2011,,true
Tim Hecker,Harmony in Ultraviolet,2006,,true
Tim Hecker,Radio Amor,2003,,true
Tim Hecker,"Haunt me, Do It Again",2001,,true
Timbre Timbre,Hot Dreams,2014,,true
Time Hecker,No Highs,2023,,true
Tina Turner,Private Dancer,1984,,true
Tinashe,BB/Ang3l,2023,,true
Tinashe,Aquarius,2014,,true
Tindersticks,Tindersticks II,1995,,true
Tindersticks,Tindersticks,1993,,true
Tiro de Gracia,Ser hümano!!,1997,,true
Title Fight,Spring Songs EP,2013,,true
Title Fight,Floral Green,2012,,true
Titus Andronicus,The Monitor,2010,,true
Tkay Maidza,"Last Year Was Weird, Vol. 3",2021,,true
Tkay Maidza,"Last Year Was Weird, Vol. 2",2020,,true
TLC,Crazysexycool,1994,,true
TNGHT,II,2019,,true
TNGHT,TNGHT,2012,,true
Toby Fox,UNDERTALE Soundtrack,2015,,true
Todd Rundgren,"A Wizard, A True Star",1973,,true
Todd Rundgren,Something/Anything?,1972,,true
Todd Terje,It's Album Time,2014,,true
Toe,For Long Tomorrow,2009,,true
Toe,The Book About My Idle Plot on a Vague Anxiety,2005,,true
Tom Petty,Wildflowers,1994,,true
Tom Petty and The Heartbreakers,Greatest Hits,1993,,true
Tom Waits,"Orphans: Brawlers, Bawlers & Bastards",2006,,true
Tom Waits,Real Gone,2004,,true
Tom Waits,Alice,2002,,true
Tom Waits,Blood Money,2002,,true
Tom Waits,Mule Variations,1999,,true
Tom Waits,Bone Machine,1992,,true
Tom Waits,Frank's Wild Years,1987,,true
Tom Waits,Rain Dogs,1985,,true
Tom Waits,swordfishtrombones,1983,,true
Tom Waits,Blue Valentine,1978,,true
Tom Waits,Small Change,1976,,true
Tom Waits,The Heart of Saturday Night,1974,,true
Tom Waits,Closing Time,1973,,true
Tom Zé,Brazil Classics 4: The Best of Tom Zé,1990,,true
"Tom Zé, Os Mutantes, Nara Leão, Caetano Veloso, Gilberto Gil & Gal Costa",Tropicália ou Panis et Circencis,1968,,true
Tomasz Stanko,Soul of Things,2001,,true
Tomb Mold,The Enduring Spirit,2023,,true
Tommy Wright III,"Ashes 2 Ashes, Dust 2 Dust",1994,,false
Tomoko Aran,Fuyuu Kuukan,1983,,true
Tony Allen,A Tribute to Art Blakey and the Messengers,2017,,true
Tony Molina,Confront the Truth,2016,,true
Tool,"10,000 Days",2006,,true
Tool,Lateralus,2001,,true
Tool,Aenima,1996,,true
Tool,Undertow,1993,,true
Toots & The Maytals,Funky Kingston,1975,,true
Tori Amos,To Venus and Back,1999,,true
Tori Amos,From The Choirgil Hotel,1998,,true
Tori Amos,Boys for Pele,1996,,true
Tori Amos,Under the Pink,1993,,true
Tori Amos,Little Earthquakes,1992,,true
Toro y Moi,Mahal,2022,,true
TORRES,Torres,2013,,true
Tortoise,Standards,2001,,true
Tortoise,TNT,1998,,true
Tortoise,Millions Now Living Will Never Die,1996,,true
Touché Amoré,Is Survived By,2013,,true
Touché Amoré,Stage Four,2016,,true
Townes Van Zandt,Townes Van Zandt,1969,,true
Tracy Chapman,Tracy Chapman,1988,,true
Traffic,John Barleycorn Must Die,1970,,true
Travis Scott,UTOPIA,2023,,true
Travis Scott,AstroWorld,2018,,true
Travis Scott,Rodeo,2015,,true
Traxman,Da Mind of Traxman,2012,,true
Trent Reznor & Atticus Ross,Gone Girl,2014,,true
Trent Reznor & Atticus Ross,The Social Network,2010,,true
Trentemøller,The Last Resort,2006,,true
Triana,El Patio,1975,,true
Tricky,Maxinquaye,1995,,true
Tricot,リピート (repeat),2019,,true
Tricot,T H E,2013,,true
Tyler Childers,Sniper Hunter,2025,,true
Trivium,Shogun,2008,,true
Trivium,Ascendancy,2005,,true
Tropical Fuck Storm,Braindrops,2019,,true
Tropical Fuck Storm,A Laughing Death in Meatspace,2018,,true
Tropical Fuck Storm,Fairyland Codex,2025,,true
tUnE-yArDs,sketchy.,2021,,true
tUnE-yArDs,Nikki Nack,2014,,true
tUnE-yArDs,W H O K I L L,2011,,true
Turnover,Peripheral Vision,2015,,true
Turnstile,GLOW ON,2021,,true
Turnstile,Move Thru Me,2016,,true
Turnstile,NEVER ENOUGH,2003,,true
TURQUOISEDEATH,Guardian,2025,,true
TV On The Radio,Dear Science,2008,,true
TV On The Radio,Return to Cookie Mountain,2006,,true
TV on the Radio,"Desperate Youth, Blood Thirsty Babes",2004,,true
TV on the Radio,Young Liars,2003,,true
Twenty One Pilots,Trench,2018,,true
TWICE,Feel Special,2019,,true
twikipedia,chronic,2022,,true
Twin Shadow,Self-Titled,2021,,true
Two Shell,Icons EP,2022,,true
Nicki Minaj,The Pinkprint,2014,,true
Ty Segal,Freedom's Goblin,2018,,true
Ty Segal,Ty Segall,2017,,true
Ty Segal,Manipulator,2014,,true
Ty Segall Band,Slaughterhouse,2012,,true
"Tyler, The Creator",DON'T TAP THE GLASS,2025,,true
Type O Negative,October Rust,1996,,true
U.S Girls,A Poem Unlimited,2018,,true
u2,The Best of 1980-1990,1998,,true
U2,The Joshua Tree,1987,,true
U2,The Unforgettable Fire,1984,,true
U2,War,1983,,true
U2,Boy,1980,,true
Uboa,The Flesh of the World,2020,,true
Uboa,The Origin of My Depression,2019,,true
UGK,Ridin Dirty,1996,,true
Ulcerate,Cutting the Throat of God,2024,,true
Hailu Mergia,Lala Belu,2018,,true
Ulcerate,Everything Is Fire,2009,,true
Ultramagnetic MCs,Critical Beatdown,1988,,true
Ulver,Shadows of the Sun,2007,,true
Ulver,Perdition City,2000,,true
Uncommon NASA,New York Telephone,2014,,true
Undeath,It's Time​...​To Rise From the Grave,2022,,true
Undeath,Sentient Autolysis,2019,,true
Underøath,Define the Great Line,2006,,true
underscores,Wallsocket,2023,,true
Universe Nekoko,Kimi No Youni Ikiretara,2019,,true
UNKLE,Psyence Fiction,1998,,true
Stevie Wonder,Hotter Than July,1980,,true
Unwound,Leaves Turn Inside You,2001,,true
Unwound,Repetition,1996,,true
Unwound,New Plastic Ideas,1994,,true
Unwound,Fake Train,1993,,true
Utada Hikaru,Deep River,2002,,true
Vampire Weekend,Only God Above Us,2024,,true
Vampire Weekend,Modern Vampires of the City,2013,,true
Vampire Weekend,Contra,2010,,true
Vampire Weekend,Vampire Weekend,2008,,true
Van der Graaf Generator,Still Life,1976,,true
Van der Graaf Generator,Godbluff,1975,,true
Van der Graaf Generator,Pawn Hearts,1971,,true
Van Morrison,Veedon Fleece,1974,,true
Van Morrison,Saint Dominic's Preview,1972,,true
Van Morrison,Moondance,1970,,true
Van Morrison,Astral Weeks,1968,,true
Vangelis,Blade Runner,1994,,true
Varios Artistas,Brainfeeder X,2018,,true
Various Artists,Hotline Miami,2022,,true
Various Artists,Hotline Miami 2: Wrong Number,2022,,true
Various Artists,Kankyo Ongaku: Japanese Ambient,2019,,true
Various Artists,Mono No Aware,2017,,true
Various Artists,Outro Tempo,2017,,true
Various Artists,Singles (Original Motion Picture Soundtrack),2017,,true
Various Artists,La La Land (Original Motion Picture Soundtrack),2016,,true
Various Artists,Whiplash (Original Motion Picture Soundtack),2014,,true
Various Artists,After Dark 2,2013,,true
Various Artists,Scott Pilgrim vs. the World: Original Motion Picture Soundtrack,2010,,true
Various Artists,Dark Was The Night: That Disc,2009,,true
Various Artists,Dark Was The Night: This Disc,2009,,true
Various Artists,African Scream Contest: Raw & Psychedelic Afro Sounds from Benin & Togo 70s,2008,,true
Various Artists,Hydeout Productions 2nd Collection,2007,,true
Various Artists,Motown Classics Gold CD1,2005,,true
Various Artists,Motown Classics Gold CD2,2005,,true
Various Artists,Lost in Translation,2003,,true
Various Artists,Starmix vol.2,2001,,true
Various Artists,Girl Group Greats,2001,,true
Various Artists,"O Brother, Where Art Thou?",2000,,true
Various Artists,Starmix vol.1,1999,,true
Various Artists,The Music on My Head (African CD),1998,,true
Various Artists,Trainspotting,1996,,true
Various Artists,Forrest Gump,1994,,true
Various Artists,Pulp Fiction,1994,,true
Various Artists,Singles,1992,,true
Various Artists,Guitar Paradise of East Africa,1991,,true
Various Artists,"African Connection, Vol. 1: Zaire Choc!",1988,,true
Various Artists,The Indestructible Sound of Soweto,1986,,true
Various Artists,Repo Man,1984,,true
Various Artists,Saturday Night Fever,1977,,true
Various Artists,Nuggets: Original Artyfacts From the First Psychedelic Era 1965–1968,1972,,true
Vashti Bunyan,Just Aother Diamond Day,1970,,true
Vektor,Terminal Redux,2016,,true
Vektor,Black Future,2009,,true
Venetian Snares,Rossz csillag alatt szuletett,2005,,true
Viagra Boys,Cave World (Deluxe),2022,,true
Viagra Boys,Jazz Welfare,2021,,true
Viagra Boys,Street Worms,2018,,true
Vic Mensa,I Tape,2021,,true
Viktor Vaughn,Vaudeville Villain,2003,,true
Vince Guaraldi Trio,A Charlie Brown Christmas,1965,,true
Vince Staples,The Big Fish Theory,2017,,true
Vince Staples,Prima Donna,2016,,true
Vince Staples,Summertime '06,2015,,true
Vince Staples,Hell Can Wait,2014,,true
Violent Femmes,Violent Femmes,1983,,true
Viper,One Day You'll See Me Again (1997-2009),2022,,true
Virus,Locura,1985,,true
Voivod,Nothingface,1989,,true
Voivod,Killing Technology,1987,,true
Vylet Pony,Monarch of Monsters,2024,,true
Vylet Pony,Love & Ponystep,2025,,true
W.A.S.P,The Headless Children,1989,,true
Waka Flocka Flame,Flockaveli,2010,,true
War,The World is a Ghetto,1972,,true
Warning,Watching From a Distance,2006,,true
Warpaint,Exquisite Corpse,2009,,true
Warren G,Regulate... G Funk Era,1994,,true
Warren Zevon,Excitable Boy,1978,,true
Water From Your Eyes,Everyone's Crushed,2023,,true
Wayne Shorter,Speak No Evil,1966,,true
We Lost The Sea,Departure Songs,2015,,true
Weakling,Dead as Dreams,2000,,false
Weatherday,Come In,2019,,true
Wednesday,Rat Saw God,2023,,true
Ween,Quebec,2001,,true
Ween,White Pepper,2000,,true
Ween,The Mollusk,1997,,true
Ween,Chocolate and Cheese,1994,,true
Weezer,OK Human,2021,,true
Weezer,The White Album (Weezer),2016,,true
Weezer,Everything Will Be Alright In The End,2014,,true
Weezer,Pinkerton,1996,,true
Weezer,Weezer (The Blue Album),1994,,true
Westside Gunn,10,2022,,true
Westside Gunn,Hitler Wears Hermes 8: Side B,2021,,true
Westside Gunn,FLYGOD,2016,,true
Westside Gunn & Conway the Machine,Griselda Ghost,2015,,true
Wet Leg,Wet Leg,2022,,true
Weyes Blood,"And in The Darkness, Hearts Aglow",2022,,true
Weyes Blood,Rough Trade Session,2019,,true
Weyes Blood,Titanic Rising,2019,,true
Weyes Blood,Front Row Seat to Earth,2016,,true
Whitney,Light Upon the Lake,2016,,true
Whitney Houston,My Love Is Your Love,1998,,true
Why?,Alopecia,2008,,true
Wiki & Tony Seltzer,14K Figaro,2023,,true
Wilco,Ode to Joy,2019,,true
Wilco,Schmilco,2016,,true
Wilco,Star Wars,2015,,true
Wilco,Whole Lotta Love,2011,,true
Wilco,Sky Blue Sky,2007,,true
Wilco,A Ghost Is Born,2004,,true
Wilco,Yankee Hotel Foxtrot,2001,,true
Wilco,Summerteeth,1999,,true
Wilco,Being There,1996,,true
Wild Beasts,Smother,2011,,true
Wild Beasts,Two Dancers,2009,,true
Wild Nothing,Nocturne,2012,,true
Wild Nothing,Gemini,2010,,true
William Basinski,The Disintegration Loops I,2002,,true
William Basinski,The Disintegration Loops II,2002,,true
William Basinski,The Disintegration Loops III,2002,,true
William Basinski,The Disintegration Loops IV,2002,,true
William Onyeabor,World Psychedelic Classics 5: Who Is William Onyeabor?,2013,,true
Willie Nelson,Red Headed Stranger,1975,,true
WILLOW,empathogen,2024,,true
Willson Picket,A Man And A Half: The Best of Wilson Picket CD1,1993,,true
Willson Picket,A Man And A Half: The Best of Wilson Picket CD2,1993,,true
Wipers,Over the Edge,1983,,true
Wipers,Youth of America,1981,,true
Wipers,Is This Real?,1980,,true
Wire,154,1979,,true
Wire,Chairs Missing,1978,,true
Wire,Pink Flag,1977,,true
Wishbone Ash,Argus,1972,,true
Wolf Alice,Blue Weekend,2021,,true
Wolf Alice,Visions of Life,2017,,true
Wolf Alice,My Life is Cool,2015,,true
Wolf Parade,Apologies to the Queen Mary,2005,,true
Wolves in the Throne Room,Two Hunters,2007,,true
Women,Public Strain,2010,,true
Wonder Girls,Reboot,2015,,true
Wormrot,Hiss,2022,,true
WU LYF,Go Tell Fire to the Mountain,2011,,true
Wu-Tang Clan,Wu-Tang Forever,1997,,true
Wu-Tang Clan,Enter the Wu-Tang (36 Chambers),1993,,true
X,Wild Gift,1981,,true
X,Los Angeles,1980,,true
X-Ray Spex,Germ Free Adolescents,1978,,true
xaev,berdlycore chapter 3,2023,,true
Xiu Xiu,"13"" Frank Beltrame Italian Stiletto with Bison Horn Grips",2024,,true
Xiu Xiu,Girl With Basket of Fruit,2018,,true
Xiu Xiu,Forget,2017,,true
Xiu Xiu,Plays The Music of Twin Peaks,2016,,true
Xiu Xiu,The Air Force,2006,,true
Xiu Xiu,Fabulous Muscles,2004,,true
Xiu Xiu,A Promise,2003,,true
Xiu Xiu,Knife Play,2002,,true
XTC,"Apple Venus, Volume One",1999,,false
XTC,Skylarking,1986,,true
XTC,English Settlement,1982,,true
XTC,Black Sea,1980,,true
XTC,Drums and Wires,1979,,true
Yaeji,With A Hammer,2023,,true
Yann Tiersen,Amélie,2001,,true
Yard Act,The Overload,2022,,true
Yasunori Mitsuda,Chrono Trigger,1995,,true
Yeah Yeah Yeahs,Cool it Down,2022,,true
Yeah Yeah Yeahs,Mosquito,2014,,true
Yeah Yeah Yeahs,It's Blitz,2009,,true
Yeah Yeah Yeahs,Show Your Bones,2006,,true
Yeah Yeah Yeahs,Fever to Tell,2003,,true
YELLOW MAGIC ORCHESTRA,Solid State Survivor,1979,,true
Yellow Magic Orchestra,Yellow Magic Orchestra,1978,,true
Yerin Baek,Every letter i sent you.,2019,,true
Yes,Relayer,1974,,true
Yes,Close To The Edge,1972,,true
Yes,Fragile,1971,,true
Yes,The Yes Album,1971,,true
Yeule,softscars,2023,,true
Yeule,Serotonin II,2019,,true
YG,Still Brazy,2016,,true
Yo La Tengo,This Stupid World,2023,,true
Yo La Tengo,Stuff Like That There,2015,,true
Yo La Tengo,Fade,2013,,true
Yo La Tengo,Popular Songs,2009,,true
Yo La Tengo,I Am Not Afraid Of You And I Will Beat Your Ass,2006,,true
Yo La Tengo,And Then Nothing Turned Itself Inside-Out,2000,,true
Yo La Tengo,I Can Hear The Heart Beating As One,1997,,true
Yo La Tengo,Electr-O-Pura,1995,,true
Yo La Tengo,Painful,1993,,true
Yo Maté a Tu Perro,El Último Disco de Yo Maté a Tu Perro,2017,,true
Yola,Stand For Myself,2021,,true
Young Fathers,Heavy Heavy,2023,,true
Young Marble Giants,Colossal Youth,1980,,true
Young Thug,Barter 6,2015,,true
Young Thug,Jeffery,2016,,true
Young Thug & Carnage,Young Martha,2017,,true
Your Old Droog,Kinison EP,2015,,true
Youssou N'Dour & Étoile de Dakar,The Rough Guide to Youssou N'Dour & Étoile de Dakar,2002,,false
Youth Lagoon,Wondrous Bughouse,2013,,true
Yu Su,Roll With the Punches,2019,,true
Yuck,Yuck,2011,,true
Yucky Duster,Duster's Lament,2017,,true
YUKIKA,"timeabout,",2021,,true
"Yung Lean, Bladee",Psykos,2024,,true
Yung Schmoobin,YouTube Money: Resurrection,2021,,false
YURAGI,Nightlife,2017,,true
Yusef Lateef,Eastern Sounds,1964,,true
Yuu Miyake 三宅優,塊魂サウンドトラック「塊フォルテッシモ魂」 (Katamari Damacy Soundtrack: Katamari Fortissimo Damacy),2004,,true
Yves Tumor,"Praise A Lord Who Chews But Which Does Not Consume; (Or Simply, Hot Between Worlds)",2023,,true
Yves Tumor,The Asymptotical World,2021,,true
Yves Tumor,Kersone!,2024,,true
Yves Tumor,Heaven To A Tortured Mind,2020,,true
Yves Tumor,Safe In The Hands Of Love,2018,,true
Zach Bryan,Self-Titled,2023,,true
Zappa,Joe's Garage CD1,1987,,true
Zappa,Joe's Garage CD2,1987,,true
Zeal & Ardor,Stranger Fruit,2018,,true
Zoe,MTV Unplugged,2002,,true
Zurdok,Hombre Sintetizador,1999,,true
ZZ Top,Tres Hombres,1973,,true
µ-Ziq,Lunatic Harness,1997,,true
가장 보통의 존재,Sister's Barbershop 언니네이발관,2008,,true
공중도둑 (Mid-Air Thief),Crumbling,2015,,true
공중도둑 (Mid-Air Thief),공중도덕 (Gongjoong Doduk),2015,,true
아버지 [father],흰색 죽음,2015,,true
파란노을 [Parannoul],After The Magic,2024,,true
파란노을 [Parannoul],After The Night,2023,,true
파란노을 [Parannoul],Sky Hundred,2024,,true
ミドリ [Midori],Hello Everyone. Nice to Meet you. We are Midori,2008,,true
平沢進 [Susumu Hirasawa],救済の技法 [Technique Of Relief],1998,,true
椎名林檎 [Sheena Ringo],加爾基 精液 栗ノ花 (Kalk Samen Kuri no Hana),2003,,true
椎名林檎 [Sheena Ringo],Shoso Strip,2000,,true
椎名林檎 [Sheena Ringo],Muzai Moratorium,1999,,true
椎名林檎 × 斎藤ネコ,平成風俗 (Heisei fūzoku),2007,,true
王若琳 [Joanna Wang],破爛酒店 [Hotel La Rut],2024,,true
芸能山城組 [Geinoh Yamashirogumi],Symphonic Suite AKIRA,1988,,true
青葉市子 [Ichiko Aoba],Windswept Adan,2022,,true
青葉市子 [Ichiko Aoba],マホロボシヤ (Mahoroboshiya),2020,,true
青葉市子 [Ichiko Aoba],qp,2018,,true
青葉市子 [Ichiko Aoba],0,2013,,true
青葉市子 [Ichiko Aoba],うたびこ (Utabiko),2012,,true
青葉市子 [Ichiko Aoba],檻髪 (Origami),2011,,true
青葉市子 [Ichiko Aoba],剃刀乙女 (Kamisori Otome),2010,,true
惘闻 [Wang Wen],冀西南林路行 (Inside The Cable Temple),2020,,true
Youth Lagoon,The Year of Hibernation,2011,,true
