"Artist","Álbum","Artista y Álbum","Año","Score","Fixed Score","Weight","CumWeight","RSP","","Weighting Logic","","","","","","","","","","","","","","",""
"Beth Gibbons","Lives Outgrown","Album: Lives Outgrown/ Artist: Beth Gibbons","2024","100","100","0.01%","0.0060474%","Yes","","","","","","","","","","","","","","","","",""
"Bob Marley","Legend","Album: Legend/ Artist: Bob Marley","1980","100","100","0.01%","0.0120948%","Yes","","70","9.50%","61","","","","","","","","","","","","",""
"Bon Iver","For Emma, Forever Ago","Album: For Emma, Forever Ago/ Artist: Bon Iver","2008","100","100","0.01%","0.0181422%","Yes","","75","9.50%","59","","","","","","","","","","","","",""
"Caribou","Our Love","Album: Our Love/ Artist: Caribou","2014","100","100","0.01%","0.0241896%","Yes","","80","13.00%","75","","","","","","","","","","","","",""
"Coldplay","Viva La Vida or Death and All His Friends","Album: Viva La Vida or Death and All His Friends/ Artist: Coldplay","2008","100","100","0.01%","0.0302371%","Yes","","85","13.00%","61","","","","","","","","","","","","",""
"Deafheaven ","Lonely People With Power","Album: Lonely People With Power/ Artist: Deafheaven ","2025","100","100","0.01%","0.0362845%","Yes","","90","15.00%","61","","","","","","","","","","","","",""
"Denzel Curry","ZUU","Album: ZUU/ Artist: Denzel Curry","2019","100","100","0.01%","0.0423319%","Yes","","95","15.00%","27","","","","","","","","","","","","",""
"Father John Misty","I Love You, Honeybear","Album: I Love You, Honeybear/ Artist: Father John Misty","2015","100","100","0.01%","0.0483793%","Yes","","100","25.00%","59","","","","","","","","","","","","",""
"Floating Points, Pharoah Sanders","Promises","Album: Promises/ Artist: Floating Points, Pharoah Sanders","2021","100","100","0.01%","0.0544267%","Yes","","","","","","","","","","","","","","","","",""
"Flotation Toy Warning","Bluffer's guide to the flight deck","Album: Bluffer's guide to the flight deck/ Artist: Flotation Toy Warning","2024","100","100","0.01%","0.0604741%","Yes","","","","","","","","","","","","","","","","",""
"Franz Ferdinand","Franz Ferdinand","Album: Franz Ferdinand/ Artist: Franz Ferdinand","2004","100","100","0.01%","0.0665215%","Yes","","","","","","","","","","","","","","","","",""
"Freddie Gibs & Madlib","Piñata ","Album: Piñata / Artist: Freddie Gibs & Madlib","2014","100","100","0.01%","0.0725689%","Yes","","","","","","","","","","","","","","","","",""
"Godspeed You Black Emperor","Lift Your Skinny Fists Like Antennas to Heaven","Album: Lift Your Skinny Fists Like Antennas to Heaven/ Artist: Godspeed You Black Emperor","2000","100","100","0.01%","0.0786164%","Yes","","","","","","","","","","","","","","","","",""
"Have a Nice Life","Deathconsciousness","Album: Deathconsciousness/ Artist: Have a Nice Life","2008","100","100","0.01%","0.0846638%","Yes","","","","","","","","","","","","","","","","",""
"Gorilaz","The Mountain","Album: The Mountain/ Artist: Gorilaz","2025","100","100","0.01%","0.0907112%","Yes","","","","","","","","","","","","","","","","",""
"underscores","U","Album: U/ Artist: underscores","2025","100","100","0.01%","0.0967586%","Yes","","","","","","","","","","","","","","","","",""
"Imperial Triumphant","Goldstar","Album: Goldstar/ Artist: Imperial Triumphant","2025","100","100","0.01%","0.1028060%","Yes","","","","","","","","","","","","","","","","",""
"Infinity Knives & Brian Ennals","A City Drowned in God's Black Tears","Album: A City Drowned in God's Black Tears/ Artist: Infinity Knives & Brian Ennals","2025","100","100","0.01%","0.1088534%","Yes","","","","","","","","","","","","","","","","",""
"James Blake","Friends That Break Your Heart","Album: Friends That Break Your Heart/ Artist: James Blake","2021","100","100","0.01%","0.1149008%","Yes","","","","","","","","","","","","","","","","",""
"John Coltrane","A Love Supreme","Album: A Love Supreme/ Artist: John Coltrane","1965","100","100","0.01%","0.1209482%","Yes","","","","","","","","","","","","","","","","",""
"John Coltrane","Blue Train","Album: Blue Train/ Artist: John Coltrane","1957","100","100","0.01%","0.1269956%","Yes","","","","","","","","","","","","","","","","",""
"Jon Hopkins","Immunity","Album: Immunity/ Artist: Jon Hopkins","2013","100","100","0.01%","0.1330431%","Yes","","","","","","","","","","","","","","","","",""
"Kendrick Lamar","To Pimp a Butterfly","Album: To Pimp a Butterfly/ Artist: Kendrick Lamar","2015","100","100","0.01%","0.1390905%","Yes","","","","","","","","","","","","","","","","",""
"Kendrick Lamar","Good Kid M.A.A.D City","Album: Good Kid M.A.A.D City/ Artist: Kendrick Lamar","2012","100","100","0.01%","0.1451379%","Yes","","","","","","","","","","","","","","","","",""
"Kero Kero Bonito","Time 'n' Place","Album: Time 'n' Place/ Artist: Kero Kero Bonito","2018","100","100","0.01%","0.1511853%","Yes","","","","","","","","","","","","","","","","",""
"King Gizzard & The Lizard Wizard","PetroDragonic Apocalypse; or, Dawn of the Eternal Night: An Anihilation of Planet Earth and the Beginning of Merciless Damnation","Album: PetroDragonic Apocalypse; or, Dawn of the Eternal Night: An Anihilation of Planet Earth and the Beginning of Merciless Damnation/ Artist: King Gizzard & The Lizard Wizard","2023","100","100","0.01%","0.1572327%","Yes","","","","","","","","","","","","","","","","",""
"Linkin Park","Reanimation","Album: Reanimation/ Artist: Linkin Park","2001","100","100","0.01%","0.1632801%","Yes","","","","","","","","","","","","","","","","",""
"Mount Eerie","A Crow Looked At Me","Album: A Crow Looked At Me/ Artist: Mount Eerie","2017","100","100","0.01%","0.1693275%","Yes","","","","","","","","","","","","","","","","",""
"Muse","Black Holes and Revelations","Album: Black Holes and Revelations/ Artist: Muse","2006","100","100","0.01%","0.1753749%","Yes","","","","","","","","","","","","","","","","",""
"Nick Cave & The Bad Seeds","Skeleton Tree","Album: Skeleton Tree/ Artist: Nick Cave & The Bad Seeds","2016","100","100","0.01%","0.1814224%","Yes","","","","","","","","","","","","","","","","",""
"Nick Cave & The Bad Seeds","Abattoir Blues","Album: Abattoir Blues/ Artist: Nick Cave & The Bad Seeds","2004","100","100","0.01%","0.1874698%","Yes","","","","","","","","","","","","","","","","",""
"Opeth","Blackwater Park","Album: Blackwater Park/ Artist: Opeth","2001","100","100","0.01%","0.1935172%","Yes","","","","","","","","","","","","","","","","",""
"Parquet Courts","Wide Awake","Album: Wide Awake/ Artist: Parquet Courts","2018","100","100","0.01%","0.1995646%","Yes","","","","","","","","","","","","","","","","",""
"Pavement","Quarantine the Past: The Best of Pavement (First Half)","Album: Quarantine the Past: The Best of Pavement (First Half)/ Artist: Pavement","2010","100","100","0.01%","0.2056120%","Yes","","","","","","","","","","","","","","","","",""
"Pavement","Quarantine the Past: The Best of Pavement (Second Half)","Album: Quarantine the Past: The Best of Pavement (Second Half)/ Artist: Pavement","2010","100","100","0.01%","0.2116594%","Yes","","","","","","","","","","","","","","","","",""
"Pavement","Crooked Rain, Crooked Rain","Album: Crooked Rain, Crooked Rain/ Artist: Pavement","1994","100","100","0.01%","0.2177068%","Yes","","","","","","","","","","","","","","","","",""
"Poppy","CHOKE","Album: CHOKE/ Artist: Poppy","2019","100","100","0.01%","0.2237542%","Yes","","","","","","","","","","","","","","","","",""
"Portishead","Third (Portishead)","Album: Third (Portishead)/ Artist: Portishead","2008","100","100","0.01%","0.2298016%","Yes","","","","","","","","","","","","","","","","",""
"Sleep","Dopesmoker","Album: Dopesmoker/ Artist: Sleep","2003","100","100","0.01%","0.2358491%","Yes","","","","","","","","","","","","","","","","",""
"Songs: Ohia","The Magnolia Electric Co.","Album: The Magnolia Electric Co./ Artist: Songs: Ohia","2003","100","100","0.01%","0.2418965%","Yes","","","","","","","","","","","","","","","","",""
"Sun Kil Moon","Benji","Album: Benji/ Artist: Sun Kil Moon","2014","100","100","0.01%","0.2479439%","Yes","","","","","","","","","","","","","","","","",""
"The Beatles","1967-1970 Disc 1","Album: 1967-1970 Disc 1/ Artist: The Beatles","1973","100","100","0.01%","0.2539913%","Yes","","","","","","","","","","","","","","","","",""
"The Beatles","1967-1970 Disc 2","Album: 1967-1970 Disc 2/ Artist: The Beatles","1973","100","100","0.01%","0.2600387%","Yes","","","","","","","","","","","","","","","","",""
"The Beatles","Abbey Road","Album: Abbey Road/ Artist: The Beatles","1969","100","100","0.01%","0.2660861%","Yes","","","","","","","","","","","","","","","","",""
"The Beatles","The Beatles (White Album) [2018 Mix]","Album: The Beatles (White Album) [2018 Mix]/ Artist: The Beatles","1968","100","100","0.01%","0.2721335%","Yes","","","","","","","","","","","","","","","","",""
"The Beatles","Sgt. Pepper's Lonely Hearts Club Band","Album: Sgt. Pepper's Lonely Hearts Club Band/ Artist: The Beatles","1967","100","100","0.01%","0.2781809%","Yes","","","","","","","","","","","","","","","","",""
"The Cure","Disintegration","Album: Disintegration/ Artist: The Cure","1989","100","100","0.01%","0.2842284%","Yes","","","","","","","","","","","","","","","","",""
"The Microphones","The Glow Pt. 2 ","Album: The Glow Pt. 2 / Artist: The Microphones","2001","100","100","0.01%","0.2902758%","Yes","","","","","","","","","","","","","","","","",""
"The Voidz","Virtue","Album: Virtue/ Artist: The Voidz","2018","100","100","0.01%","0.2963232%","Yes","","","","","","","","","","","","","","","","",""
"Tyler, The Creator","IGOR","Album: IGOR/ Artist: Tyler, The Creator","2019","100","100","0.01%","0.3023706%","Yes","","","","","","","","","","","","","","","","",""
"Simon & Garfunkel","Bridge over Troubled Water","Album: Bridge over Troubled Water/ Artist: Simon & Garfunkel","1970","100","100","0.01%","0.3084180%","Yes","","","","","","","","","","","","","","","","",""
"Beck","Odelay","Album: Odelay/ Artist: Beck","1996","100","100","0.01%","0.3144654%","Yes","","","","","","","","","","","","","","","","",""
"My Chemical Romance","The Black Parade","Album: The Black Parade/ Artist: My Chemical Romance","2006","100","100","0.01%","0.3205128%","Yes","","","","","","","","","","","","","","","","",""
"Takagi Masakatsu","かがやき (Kagayaki)","Album: かがやき (Kagayaki)/ Artist: Takagi Masakatsu","2014","100","100","0.01%","0.3265602%","Yes","","","","","","","","","","","","","","","","",""
"The Cardigans","First Band on the Moon","Album: First Band on the Moon/ Artist: The Cardigans","1995","100","100","0.01%","0.3326076%","Yes","","","","","","","","","","","","","","","","",""
"The Caretaker","Everywhere at The End of Time - Stage 6","Album: Everywhere at The End of Time - Stage 6/ Artist: The Caretaker","2019","100","100","0.01%","0.3386551%","Yes","","","","","","","","","","","","","","","","",""
"The Caretaker","Everywhere at The End of Time - Stage 3","Album: Everywhere at The End of Time - Stage 3/ Artist: The Caretaker","2017","100","100","0.01%","0.3447025%","Yes","","","","","","","","","","","","","","","","",""
"The Caretaker","Everywhere at The End of Time","Album: Everywhere at The End of Time/ Artist: The Caretaker","2016","100","100","0.01%","0.3507499%","Yes","","","","","","","","","","","","","","","","",""
"The Flaming Lips","Embryonic","Album: Embryonic/ Artist: The Flaming Lips","2009","100","100","0.01%","0.3567973%","Yes","","","","","","","","","","","","","","","","",""
"Bon Iver","Blood Bank EP","Album: Blood Bank EP/ Artist: Bon Iver","2009","95","95","0.56%","0.9123528%","Yes","","","","","","","","","","","","","","","","",""
"caroline","caroline 2","Album: caroline 2/ Artist: caroline","2025","95","95","0.56%","1.4679084%","Yes","","","","","","","","","","","","","","","","",""
"Coldplay","A Rush of Blood to the Head","Album: A Rush of Blood to the Head/ Artist: Coldplay","2002","95","95","0.56%","2.0234640%","Yes","","","","","","","","","","","","","","","","",""
"Daughters","Daughters","Album: Daughters/ Artist: Daughters","2010","95","95","0.56%","2.5790195%","Yes","","","","","","","","","","","","","","","","",""
"Godspeed You Black Emperor","Yanqui U.X.O","Album: Yanqui U.X.O/ Artist: Godspeed You Black Emperor","2002","95","95","0.56%","3.1345751%","Yes","","","","","","","","","","","","","","","","",""
"Godspeed You Black Emperor","F♯ A♯ ∞","Album: F♯ A♯ ∞/ Artist: Godspeed You Black Emperor","1997","95","95","0.56%","3.6901306%","Yes","","","","","","","","","","","","","","","","",""
"Jamie xx","In Colour","Album: In Colour/ Artist: Jamie xx","2015","95","95","0.56%","4.2456862%","Yes","","","","","","","","","","","","","","","","",""
"John Coltrane","My Favorite Things","Album: My Favorite Things/ Artist: John Coltrane","1961","95","95","0.56%","4.8012417%","Yes","","","","","","","","","","","","","","","","",""
"JPEGMAFIA","All My Heroes Are Cornballs","Album: All My Heroes Are Cornballs/ Artist: JPEGMAFIA","2019","95","95","0.56%","5.3567973%","Yes","","","","","","","","","","","","","","","","",""
"Kendrick Lamar","DAMN.","Album: DAMN./ Artist: Kendrick Lamar","2017","95","95","0.56%","5.9123528%","Yes","","","","","","","","","","","","","","","","",""
"King Gizzard & The Lizard Wizard","Omnium Gatherum","Album: Omnium Gatherum/ Artist: King Gizzard & The Lizard Wizard","2022","95","95","0.56%","6.4679084%","Yes","","","","","","","","","","","","","","","","",""
"King Gizzard & The Lizard Wizard","Infest the Rats' Nest","Album: Infest the Rats' Nest/ Artist: King Gizzard & The Lizard Wizard","2019","95","95","0.56%","7.0234640%","Yes","","","","","","","","","","","","","","","","",""
"King Gizzard & The Lizard Wizard","Nonagon Infinity","Album: Nonagon Infinity/ Artist: King Gizzard & The Lizard Wizard","2016","95","95","0.56%","7.5790195%","Yes","","","","","","","","","","","","","","","","",""
"Laura Marling","Song for Our Daughter","Album: Song for Our Daughter/ Artist: Laura Marling","2020","95","95","0.56%","8.1345751%","Yes","","","","","","","","","","","","","","","","",""
"Lupe Fiasco","Food & Liquor","Album: Food & Liquor/ Artist: Lupe Fiasco","2006","95","95","0.56%","8.6901306%","Yes","","","","","","","","","","","","","","","","",""
"Mount Eerie","Night Palace","Album: Night Palace/ Artist: Mount Eerie","2024","95","95","0.56%","9.2456862%","Yes","","","","","","","","","","","","","","","","",""
"Nails","You Will Never Be One of Us","Album: You Will Never Be One of Us/ Artist: Nails","2016","95","95","0.56%","9.8012417%","Yes","","","","","","","","","","","","","","","","",""
"Nick Cave & The Bad Seeds","The Lyre Of Orpheus","Album: The Lyre Of Orpheus/ Artist: Nick Cave & The Bad Seeds","2004","95","95","0.56%","10.3567973%","Yes","","","","","","","","","","","","","","","","",""
"Opeth","Ghost Reveries","Album: Ghost Reveries/ Artist: Opeth","2005","95","95","0.56%","10.9123528%","Yes","","","","","","","","","","","","","","","","",""
"Os Mutantes","Os Mutantes","Album: Os Mutantes/ Artist: Os Mutantes","1968","95","95","0.56%","11.4679084%","Yes","","","","","","","","","","","","","","","","",""
"Sampha","Lahai","Album: Lahai/ Artist: Sampha","2023","95","95","0.56%","12.0234640%","Yes","","","","","","","","","","","","","","","","",""
"The Beatles","Let It Be... Naked","Album: Let It Be... Naked/ Artist: The Beatles","2003","95","95","0.56%","12.5790195%","Yes","","","","","","","","","","","","","","","","",""
"The Beatles","Magical Mystery Tour","Album: Magical Mystery Tour/ Artist: The Beatles","1967","95","95","0.56%","13.1345751%","Yes","","","","","","","","","","","","","","","","",""
"The Beatles","Revolver","Album: Revolver/ Artist: The Beatles","1966","95","95","0.56%","13.6901306%","Yes","","","","","","","","","","","","","","","","",""
"Underworld","Second Toughest in the Infants","Album: Second Toughest in the Infants/ Artist: Underworld","1996","95","95","0.56%","14.2456862%","Yes","","","","","","","","","","","","","","","","",""
"Elliott Smith","XO","Album: XO/ Artist: Elliott Smith","1998","95","95","0.56%","14.8012417%","Yes","","","","","","","","","","","","","","","","",""
"Ulver","Bergtatt - Et eeventyr i 5 capitler","Album: Bergtatt - Et eeventyr i 5 capitler/ Artist: Ulver","1995","95","95","0.56%","15.3567973%","Yes","","","","","","","","","","","","","","","","",""
"A Silver Mt. Zion","He Has Left Us Alone but Shafts of Light Sometimes Grace the Corner of Our Rooms…","Album: He Has Left Us Alone but Shafts of Light Sometimes Grace the Corner of Our Rooms…/ Artist: A Silver Mt. Zion","2000","90","90","0.25%","15.6026989%","Yes","","","","","","","","","","","","","","","","",""
"Agalloch","The Mantle","Album: The Mantle/ Artist: Agalloch","2002","90","90","0.25%","15.8486006%","Yes","","","","","","","","","","","","","","","","",""
"Billie Eilish","WHEN WE ALL FALL ASLEEP, WHERE DO WE GO?","Album: WHEN WE ALL FALL ASLEEP, WHERE DO WE GO?/ Artist: Billie Eilish","2019","90","90","0.25%","16.0945022%","Yes","","","","","","","","","","","","","","","","",""
"black midi","Schlagenheim","Album: Schlagenheim/ Artist: black midi","2019","90","90","0.25%","16.3404038%","Yes","","","","","","","","","","","","","","","","",""
"Bon Iver","Bon Iver","Album: Bon Iver/ Artist: Bon Iver","2011","90","90","0.25%","16.5863055%","Yes","","","","","","","","","","","","","","","","",""
"Bright Eyes","Lifted or The Story Is in the Soil, Keep Your Ear to the Ground","Album: Lifted or The Story Is in the Soil, Keep Your Ear to the Ground/ Artist: Bright Eyes","2002","90","90","0.25%","16.8322071%","Yes","","","","","","","","","","","","","","","","",""
"Cage The Elephant","Melophobia","Album: Melophobia/ Artist: Cage The Elephant","2013","90","90","0.25%","17.0781088%","Yes","","","","","","","","","","","","","","","","",""
"Charli XCX","How I´m Feeling Now","Album: How I´m Feeling Now/ Artist: Charli XCX","2020","90","90","0.25%","17.3240104%","Yes","","","","","","","","","","","","","","","","",""
"Chat Pile","God's Country","Album: God's Country/ Artist: Chat Pile","2022","90","90","0.25%","17.5699120%","Yes","","","","","","","","","","","","","","","","",""
"Coldplay","X&Y","Album: X&Y/ Artist: Coldplay","2005","90","90","0.25%","17.8158137%","Yes","","","","","","","","","","","","","","","","",""
"Denzel Curry","Melt my Eyes See Your Future","Album: Melt my Eyes See Your Future/ Artist: Denzel Curry","2022","90","90","0.25%","18.0617153%","Yes","","","","","","","","","","","","","","","","",""
"Freddie Gibs & The Alchemist","Alfredo","Album: Alfredo/ Artist: Freddie Gibs & The Alchemist","2020","90","90","0.25%","18.3076170%","Yes","","","","","","","","","","","","","","","","",""
"Godspeed You Black Emperor","Allelujah! Don't Bend! Ascend!","Album: Allelujah! Don't Bend! Ascend!/ Artist: Godspeed You Black Emperor","2012","90","90","0.25%","18.5535186%","Yes","","","","","","","","","","","","","","","","",""
"Jean Dawson","Pixel Bath","Album: Pixel Bath/ Artist: Jean Dawson","2020","90","90","0.25%","18.7994202%","Yes","","","","","","","","","","","","","","","","",""
"JPEGMAFIA","Veteran","Album: Veteran/ Artist: JPEGMAFIA","2018","90","90","0.25%","19.0453219%","Yes","","","","","","","","","","","","","","","","",""
"Kaytranada","0.999","Album: 0.999/ Artist: Kaytranada","2016","90","90","0.25%","19.2912235%","Yes","","","","","","","","","","","","","","","","",""
"Kendrick Lamar","Mr. Morales & The Big Steppers","Album: Mr. Morales & The Big Steppers/ Artist: Kendrick Lamar","2022","90","90","0.25%","19.5371252%","Yes","","","","","","","","","","","","","","","","",""
"King Gizzard & The Lizard Wizard","Fishing for Fishies","Album: Fishing for Fishies/ Artist: King Gizzard & The Lizard Wizard","2019","90","90","0.25%","19.7830268%","Yes","","","","","","","","","","","","","","","","",""
"King Krule","Space Heavy","Album: Space Heavy/ Artist: King Krule","2023","90","90","0.25%","20.0289284%","Yes","","","","","","","","","","","","","","","","",""
"Kylie Minogue","Fever","Album: Fever/ Artist: Kylie Minogue","2002","90","90","0.25%","20.2748301%","Yes","","","","","","","","","","","","","","","","",""
"Laura Marling","Once I Was an Eagle","Album: Once I Was an Eagle/ Artist: Laura Marling","2013","90","90","0.25%","20.5207317%","Yes","","","","","","","","","","","","","","","","",""
"Mac Miller","Balloonerism","Album: Balloonerism/ Artist: Mac Miller","2025","90","90","0.25%","20.7666334%","Yes","","","","","","","","","","","","","","","","",""
"Machine Girl","MRK90 MIX Vol 1","Album: MRK90 MIX Vol 1/ Artist: Machine Girl","2017","90","90","0.25%","21.0125350%","Yes","","","","","","","","","","","","","","","","",""
"Magdalena Bay","Mercurial World","Album: Mercurial World/ Artist: Magdalena Bay","2021","90","90","0.25%","21.2584366%","Yes","","","","","","","","","","","","","","","","",""
"Magdalena Bay ","Imaginal Disk","Album: Imaginal Disk/ Artist: Magdalena Bay ","2024","90","90","0.25%","21.5043383%","Yes","","","","","","","","","","","","","","","","",""
"Manfred Mann's Earth Band","Manfred Mann's Earth Band","Album: Manfred Mann's Earth Band/ Artist: Manfred Mann's Earth Band","1972","90","90","0.25%","21.7502399%","Yes","","","","","","","","","","","","","","","","",""
"Manitoba","Start Breaking My Heart","Album: Start Breaking My Heart/ Artist: Manitoba","2001","90","90","0.25%","21.9961416%","Yes","","","","","","","","","","","","","","","","",""
"Melt-Banana","Fetch","Album: Fetch/ Artist: Melt-Banana","2013","90","90","0.25%","22.2420432%","Yes","","","","","","","","","","","","","","","","",""
"Melt-Banana","Cell Scape","Album: Cell Scape/ Artist: Melt-Banana","2003","90","90","0.25%","22.4879448%","Yes","","","","","","","","","","","","","","","","",""
"Miley Cyrus","Something Beautiful ","Album: Something Beautiful / Artist: Miley Cyrus","2025","90","90","0.25%","22.7338465%","Yes","","","","","","","","","","","","","","","","",""
"Model/Actriz","Pirouette","Album: Pirouette/ Artist: Model/Actriz","2025","90","90","0.25%","22.9797481%","Yes","","","","","","","","","","","","","","","","",""
"Mount Eerie","Clear Moon","Album: Clear Moon/ Artist: Mount Eerie","2012","90","90","0.25%","23.2256497%","Yes","","","","","","","","","","","","","","","","",""
"Mount Eerie","Lost Widsom","Album: Lost Widsom/ Artist: Mount Eerie","2008","90","90","0.25%","23.4715514%","Yes","","","","","","","","","","","","","","","","",""
"Nails ","Unsilent Death","Album: Unsilent Death/ Artist: Nails ","2010","90","90","0.25%","23.7174530%","Yes","","","","","","","","","","","","","","","","",""
"Natalia Lafourcade","Cancionera","Album: Cancionera/ Artist: Natalia Lafourcade","2025","90","90","0.25%","23.9633547%","Yes","","","","","","","","","","","","","","","","",""
"Nick Cave & The Bad Seeds","No More Shall We Part","Album: No More Shall We Part/ Artist: Nick Cave & The Bad Seeds","2001","90","90","0.25%","24.2092563%","Yes","","","","","","","","","","","","","","","","",""
"Nick Cave & The Bad Seeds","Let Love In","Album: Let Love In/ Artist: Nick Cave & The Bad Seeds","1994","90","90","0.25%","24.4551579%","Yes","","","","","","","","","","","","","","","","",""
"Opeth","Damnation","Album: Damnation/ Artist: Opeth","2003","90","90","0.25%","24.7010596%","Yes","","","","","","","","","","","","","","","","",""
"Os Mutantes","A Divina Comédia ou Ando Meio Desligado","Album: A Divina Comédia ou Ando Meio Desligado/ Artist: Os Mutantes","1970","90","90","0.25%","24.9469612%","Yes","","","","","","","","","","","","","","","","",""
"Panda Bear","Sinister Grift","Album: Sinister Grift/ Artist: Panda Bear","2025","90","90","0.25%","25.1928629%","Yes","","","","","","","","","","","","","","","","",""
"Parquet Courts","Human Performance","Album: Human Performance/ Artist: Parquet Courts","2016","90","90","0.25%","25.4387645%","Yes","","","","","","","","","","","","","","","","",""
"Pavement","Slanted and Enchanted","Album: Slanted and Enchanted/ Artist: Pavement","1992","90","90","0.25%","25.6846661%","Yes","","","","","","","","","","","","","","","","",""
"Pavement","Watery, Domestic","Album: Watery, Domestic/ Artist: Pavement","1992","90","90","0.25%","25.9305678%","Yes","","","","","","","","","","","","","","","","",""
"Poppy","EAT (NXT Soundtrack)","Album: EAT (NXT Soundtrack)/ Artist: Poppy","2021","90","90","0.25%","26.1764694%","Yes","","","","","","","","","","","","","","","","",""
"Portishead","Dummy","Album: Dummy/ Artist: Portishead","1994","90","90","0.25%","26.4223711%","Yes","","","","","","","","","","","","","","","","",""
"Quelle Chris","Guns","Album: Guns/ Artist: Quelle Chris","2019","90","90","0.25%","26.6682727%","Yes","","","","","","","","","","","","","","","","",""
"Sampha","Process","Album: Process/ Artist: Sampha","2017","90","90","0.25%","26.9141743%","Yes","","","","","","","","","","","","","","","","",""
"The Beatles","Rubber Soul","Album: Rubber Soul/ Artist: The Beatles","1965","90","90","0.25%","27.1600760%","Yes","","","","","","","","","","","","","","","","",""
"The Microphones","It Was Hot, We Stayed in the Water","Album: It Was Hot, We Stayed in the Water/ Artist: The Microphones","2000","90","90","0.25%","27.4059776%","Yes","","","","","","","","","","","","","","","","",""
"The Silver Mt. Zion Memorial Orchestra & Tra-La-La Band","Born into Trouble as the Sparks Fly Upward","Album: Born into Trouble as the Sparks Fly Upward/ Artist: The Silver Mt. Zion Memorial Orchestra & Tra-La-La Band","2001","90","90","0.25%","27.6518793%","Yes","","","","","","","","","","","","","","","","",""
"Tyler, The Creator","CALL ME IF YOU GET LOST: The Estate Cell","Album: CALL ME IF YOU GET LOST: The Estate Cell/ Artist: Tyler, The Creator","2023","90","90","0.25%","27.8977809%","Yes","","","","","","","","","","","","","","","","",""
"Tyler, The Creator","CALL ME IF YOU GET LOST","Album: CALL ME IF YOU GET LOST/ Artist: Tyler, The Creator","2021","90","90","0.25%","28.1436825%","Yes","","","","","","","","","","","","","","","","",""
"Underworld","1992-2012 - CD1","Album: 1992-2012 - CD1/ Artist: Underworld","2011","90","90","0.25%","28.3895842%","Yes","","","","","","","","","","","","","","","","",""
"Underworld","1992-2012 - CD2","Album: 1992-2012 - CD2/ Artist: Underworld","2011","90","90","0.25%","28.6354858%","Yes","","","","","","","","","","","","","","","","",""
"Utada Hikaru","Fantôme","Album: Fantôme/ Artist: Utada Hikaru","2016","90","90","0.25%","28.8813875%","Yes","","","","","","","","","","","","","","","","",""
"파란노을 [Parannoul]","To See the Next Part of the Dream","Album: To See the Next Part of the Dream/ Artist: 파란노을 [Parannoul]","2021","90","90","0.25%","29.1272891%","Yes","","","","","","","","","","","","","","","","",""
"Triángulo de Amor Bizarro","Triángulo de Amor Bizarro","Album: Triángulo de Amor Bizarro/ Artist: Triángulo de Amor Bizarro","2020","90","90","0.25%","29.3731907%","Yes","","","","","","","","","","","","","","","","",""
"Charles Mingus","Blues & Roots","Album: Blues & Roots/ Artist: Charles Mingus","1960","90","90","0.25%","29.6190924%","Yes","","","","","","","","","","","","","","","","",""
"Nelson y Los Filisteos","Nunca Antes, Nunca Otra Vez","Album: Nunca Antes, Nunca Otra Vez/ Artist: Nelson y Los Filisteos","2018","90","90","0.25%","29.8649940%","Yes","","","","","","","","","","","","","","","","",""
"Neon Indian","Vegan INTL. Night School","Album: Vegan INTL. Night School/ Artist: Neon Indian","2015","90","90","0.25%","30.1108957%","Yes","","","","","","","","","","","","","","","","",""
"Yeah Yeah Yeahs","Is Is","Album: Is Is/ Artist: Yeah Yeah Yeahs","2007","90","90","0.25%","30.3567973%","Yes","","","","","","","","","","","","","","","","",""
"Pavement","Brighten The Corners","Album: Brighten The Corners/ Artist: Pavement","1997","85","85","0.21%","30.5664747%","Yes","","","","","","","","","","","","","","","","",""
"Asian Glow & Parannoul","Paraglow","Album: Paraglow/ Artist: Asian Glow & Parannoul","2022","85","85","0.21%","30.7761521%","Yes","","","","","","","","","","","","","","","","",""
"billy woods","GOLLIWOG","Album: GOLLIWOG/ Artist: billy woods","2025","85","85","0.21%","30.9858295%","Yes","","","","","","","","","","","","","","","","",""
"Blood Incantation","Absolute Everywhere","Album: Absolute Everywhere/ Artist: Blood Incantation","2024","85","85","0.21%","31.1955070%","Yes","","","","","","","","","","","","","","","","",""
"Bon Iver","SABLE, fABLE","Album: SABLE, fABLE/ Artist: Bon Iver","2025","85","85","0.21%","31.4051844%","Yes","","","","","","","","","","","","","","","","",""
"Bright Eyes","I'm Wide Awake It's Morning","Album: I'm Wide Awake It's Morning/ Artist: Bright Eyes","2005","85","85","0.21%","31.6148618%","Yes","","","","","","","","","","","","","","","","",""
"Bright Eyes","Fevers and Mirrors","Album: Fevers and Mirrors/ Artist: Bright Eyes","2000","85","85","0.21%","31.8245392%","Yes","","","","","","","","","","","","","","","","",""
"Broken Social Scene","Forgiveness Rock Record","Album: Forgiveness Rock Record/ Artist: Broken Social Scene","2010","85","85","0.21%","32.0342166%","Yes","","","","","","","","","","","","","","","","",""
"Chat Pile","Cool World","Album: Cool World/ Artist: Chat Pile","2024","85","85","0.21%","32.2438941%","Yes","","","","","","","","","","","","","","","","",""
"clipping.","Dead Channel Sky","Album: Dead Channel Sky/ Artist: clipping.","2025","85","85","0.21%","32.4535715%","Yes","","","","","","","","","","","","","","","","",""
"Coldplay","Parachutes","Album: Parachutes/ Artist: Coldplay","2000","85","85","0.21%","32.6632489%","Yes","","","","","","","","","","","","","","","","",""
"Descendents","Everything Sucks","Album: Everything Sucks/ Artist: Descendents","1996","85","85","0.21%","32.8729263%","Yes","","","","","","","","","","","","","","","","",""
"Floating Points","Elaenia","Album: Elaenia/ Artist: Floating Points","2015","85","85","0.21%","33.0826037%","Yes","","","","","","","","","","","","","","","","",""
"Franz Ferdinand","Right Thoughts, Right Words, Right Action","Album: Right Thoughts, Right Words, Right Action/ Artist: Franz Ferdinand","2013","85","85","0.21%","33.2922812%","Yes","","","","","","","","","","","","","","","","",""
"Ghostface Killah","Ironman","Album: Ironman/ Artist: Ghostface Killah","1996","85","85","0.21%","33.5019586%","Yes","","","","","","","","","","","","","","","","",""
"Horsegirl","Phonetics On and On","Album: Phonetics On and On/ Artist: Horsegirl","2025","85","85","0.21%","33.7116360%","Yes","","","","","","","","","","","","","","","","",""
"James Blake","Overgrown (Deluxe Edition)","Album: Overgrown (Deluxe Edition)/ Artist: James Blake","2013","85","85","0.21%","33.9213134%","Yes","","","","","","","","","","","","","","","","",""
"Kero Kero Bonito","TOTEP","Album: TOTEP/ Artist: Kero Kero Bonito","2018","85","85","0.21%","34.1309908%","Yes","","","","","","","","","","","","","","","","",""
"Killing Joke","Killing Joke","Album: Killing Joke/ Artist: Killing Joke","1980","85","85","0.21%","34.3406683%","Yes","","","","","","","","","","","","","","","","",""
"King Gizzard & The Lizard Wizard","Ice, Death, Planets, Lungs, Mushrooms and Lava","Album: Ice, Death, Planets, Lungs, Mushrooms and Lava/ Artist: King Gizzard & The Lizard Wizard","2022","85","85","0.21%","34.5503457%","Yes","","","","","","","","","","","","","","","","",""
"King Gizzard & The Lizard Wizard","K.G.","Album: K.G./ Artist: King Gizzard & The Lizard Wizard","2020","85","85","0.21%","34.7600231%","Yes","","","","","","","","","","","","","","","","",""
"King Gizzard & The Lizard Wizard","Flying Microtonal Banana","Album: Flying Microtonal Banana/ Artist: King Gizzard & The Lizard Wizard","2017","85","85","0.21%","34.9697005%","Yes","","","","","","","","","","","","","","","","",""
"King Krule","Man Alive!","Album: Man Alive!/ Artist: King Krule","2020","85","85","0.21%","35.1793779%","Yes","","","","","","","","","","","","","","","","",""
"King Krule","6 Feet Beneath the Moon","Album: 6 Feet Beneath the Moon/ Artist: King Krule","2013","85","85","0.21%","35.3890554%","Yes","","","","","","","","","","","","","","","","",""
"Kitty Craft","Beats and Breaks From The Flower Patch","Album: Beats and Breaks From The Flower Patch/ Artist: Kitty Craft","1998","85","85","0.21%","35.5987328%","Yes","","","","","","","","","","","","","","","","",""
"Kylie Minogue","True Light","Album: True Light/ Artist: Kylie Minogue","2000","85","85","0.21%","35.8084102%","Yes","","","","","","","","","","","","","","","","",""
"Laura Marling","Semper Femina","Album: Semper Femina/ Artist: Laura Marling","2017","85","85","0.21%","36.0180876%","Yes","","","","","","","","","","","","","","","","",""
"Les Rallizes Dénudés","'77 Live","Album: '77 Live/ Artist: Les Rallizes Dénudés","1991","85","85","0.21%","36.2277650%","Yes","","","","","","","","","","","","","","","","",""
"Linkin Park","Meteora ","Album: Meteora / Artist: Linkin Park","2003","85","85","0.21%","36.4374425%","Yes","","","","","","","","","","","","","","","","",""
"Lupe Fiasco","Samurai","Album: Samurai/ Artist: Lupe Fiasco","2024","85","85","0.21%","36.6471199%","Yes","","","","","","","","","","","","","","","","",""
"Mount Eerie","Now Only","Album: Now Only/ Artist: Mount Eerie","2018","85","85","0.21%","36.8567973%","Yes","","","","","","","","","","","","","","","","",""
"Mount Eerie","Wind's Poem","Album: Wind's Poem/ Artist: Mount Eerie","2010","85","85","0.21%","37.0664747%","Yes","","","","","","","","","","","","","","","","",""
"Muse","Origin Of Symmetry","Album: Origin Of Symmetry/ Artist: Muse","2001","85","85","0.21%","37.2761521%","Yes","","","","","","","","","","","","","","","","",""
"Nails","Every Bridge Burning","Album: Every Bridge Burning/ Artist: Nails","2024","85","85","0.21%","37.4858295%","Yes","","","","","","","","","","","","","","","","",""
"Nick Cave & The Bad Seeds","Lovely Creatures: The Best of Nick Cave and The Bad Seeds (CD1)","Album: Lovely Creatures: The Best of Nick Cave and The Bad Seeds (CD1)/ Artist: Nick Cave & The Bad Seeds","2017","85","85","0.21%","37.6955070%","Yes","","","","","","","","","","","","","","","","",""
"Nick Cave & The Bad Seeds","Lovely Creatures: The Best of Nick Cave and The Bad Seeds (CD2)","Album: Lovely Creatures: The Best of Nick Cave and The Bad Seeds (CD2)/ Artist: Nick Cave & The Bad Seeds","2017","85","85","0.21%","37.9051844%","Yes","","","","","","","","","","","","","","","","",""
"Nick Cave & The Bad Seeds","Lovely Creatures: The Best of Nick Cave and The Bad Seeds (CD3)","Album: Lovely Creatures: The Best of Nick Cave and The Bad Seeds (CD3)/ Artist: Nick Cave & The Bad Seeds","2017","85","85","0.21%","38.1148618%","Yes","","","","","","","","","","","","","","","","",""
"Opeth","Still Life","Album: Still Life/ Artist: Opeth","1999","85","85","0.21%","38.3245392%","Yes","","","","","","","","","","","","","","","","",""
"Psychedelic Porn Crumpets","Carpe Diem, Moonman","Album: Carpe Diem, Moonman/ Artist: Psychedelic Porn Crumpets","2025","85","85","0.21%","38.5342166%","Yes","","","","","","","","","","","","","","","","",""
"Saya Gray","SAYA","Album: SAYA/ Artist: Saya Gray","2025","85","85","0.21%","38.7438941%","Yes","","","","","","","","","","","","","","","","",""
"Sophie","Oil Of Every Pearl's Un-Insides","Album: Oil Of Every Pearl's Un-Insides/ Artist: Sophie","2018","85","85","0.21%","38.9535715%","Yes","","","","","","","","","","","","","","","","",""
"Swans","Birthing","Album: Birthing/ Artist: Swans","2025","85","85","0.21%","39.1632489%","Yes","","","","","","","","","","","","","","","","",""
"The Beatles","Hey Jude","Album: Hey Jude/ Artist: The Beatles","1970","85","85","0.21%","39.3729263%","Yes","","","","","","","","","","","","","","","","",""
"The Beatles","Please Please Me","Album: Please Please Me/ Artist: The Beatles","1963","85","85","0.21%","39.5826037%","Yes","","","","","","","","","","","","","","","","",""
"The John Coltrane Quartet","Africa/Brass","Album: Africa/Brass/ Artist: The John Coltrane Quartet","1961","85","85","0.21%","39.7922812%","Yes","","","","","","","","","","","","","","","","",""
"The Microphones","Microphones in 2020","Album: Microphones in 2020/ Artist: The Microphones","2020","85","85","0.21%","40.0019586%","No","","","","","","","","","","","","","","","","",""
"The Smile","Wall Of Eyes","Album: Wall Of Eyes/ Artist: The Smile","2024","85","85","0.21%","40.2116360%","Yes","","","","","","","","","","","","","","","","",""
"Thee Silver Mt. Zion Memorial Orchestra & Tra-La-La Band","Horses in the Sky","Album: Horses in the Sky/ Artist: Thee Silver Mt. Zion Memorial Orchestra & Tra-La-La Band","2005","85","85","0.21%","40.4213134%","Yes","","","","","","","","","","","","","","","","",""
"Tyler, The Creator","CHROMAKOPIA","Album: CHROMAKOPIA/ Artist: Tyler, The Creator","2024","85","85","0.21%","40.6309908%","Yes","","","","","","","","","","","","","","","","",""
"Underworld","Dubnobasswithmyheadman","Album: Dubnobasswithmyheadman/ Artist: Underworld","1993","85","85","0.21%","40.8406683%","Yes","","","","","","","","","","","","","","","","",""
"파란노을 [Parannoul]","White Ceiling / Black Dots Wandering Around","Album: White Ceiling / Black Dots Wandering Around/ Artist: 파란노을 [Parannoul]","2021","85","85","0.21%","41.0503457%","Yes","","","","","","","","","","","","","","","","",""
"万能青年旅店 (Omnipotent Youth Society)","万能青年旅店 (Omnipotent Youth Society)","Album: 万能青年旅店 (Omnipotent Youth Society)/ Artist: 万能青年旅店 (Omnipotent Youth Society)","2010","85","85","0.21%","41.2600231%","Yes","","","","","","","","","","","","","","","","",""
"2 Many DJ's","Dave","Album: Dave/ Artist: 2 Many DJ's","2012","85","85","0.21%","41.4697005%","Yes","","","","","","","","","","","","","","","","",""
"Bill Evans","You Must Believe in Spring","Album: You Must Believe in Spring/ Artist: Bill Evans","1981","85","85","0.21%","41.6793779%","Yes","","","","","","","","","","","","","","","","",""
"Michael Jackson","Dangerous","Album: Dangerous/ Artist: Michael Jackson","1991","85","85","0.21%","41.8890554%","Yes","","","","","","","","","","","","","","","","",""
"Youth Lagoon","Heaven is a Junyard","Album: Heaven is a Junyard/ Artist: Youth Lagoon","2023","85","85","0.21%","42.0987328%","Yes","","","","","","","","","","","","","","","","",""
"Danger Mouse & Black Thought","Cheat Codes","Album: Cheat Codes/ Artist: Danger Mouse & Black Thought","2022","85","85","0.21%","42.3084102%","Yes","","","","","","","","","","","","","","","","",""
"Susanne Sundfør","blómi","Album: blómi/ Artist: Susanne Sundfør","2023","85","85","0.21%","42.5180876%","Yes","","","","","","","","","","","","","","","","",""
"The Caretaker","Everywhere at The End of Time - Stage 5","Album: Everywhere at The End of Time - Stage 5/ Artist: The Caretaker","2018","85","85","0.21%","42.7277650%","Yes","","","","","","","","","","","","","","","","",""
"The Caretaker","Everywhere at The End of Time - Stage 2","Album: Everywhere at The End of Time - Stage 2/ Artist: The Caretaker","2017","85","85","0.21%","42.9374425%","Yes","","","","","","","","","","","","","","","","",""
"U2","Achtung Baby","Album: Achtung Baby/ Artist: U2","1991","85","85","0.21%","43.1471199%","Yes","","","","","","","","","","","","","","","","",""
"Aesop Rock","Black Hole Superette","Album: Black Hole Superette/ Artist: Aesop Rock","2025","80","80","0.17%","43.3204532%","Yes","","","","","","","","","","","","","","","","",""
"Freddie Gibbs & The Alchemist","Alfredo 2","Album: Alfredo 2/ Artist: Freddie Gibbs & The Alchemist","2025","","100","0.01%","43.3265006%","Yes","","","","","","","","","","","","","","","","",""
"Ben Frost","By The Throat","Album: By The Throat/ Artist: Ben Frost","2009","80","80","0.17%","43.4998339%","Yes","","","","","","","","","","","","","","","","",""
"Beth Gibbons & Rustin Man","Out of Season","Album: Out of Season/ Artist: Beth Gibbons & Rustin Man","2002","80","80","0.17%","43.6731673%","Yes","","","","","","","","","","","","","","","","",""
"Billie Eilish","Happier than Ever","Album: Happier than Ever/ Artist: Billie Eilish","2021","80","80","0.17%","43.8465006%","Yes","","","","","","","","","","","","","","","","",""
"Caribou","The Milk Of Human Kindness","Album: The Milk Of Human Kindness/ Artist: Caribou","2005","80","80","0.17%","44.0198339%","Yes","","","","","","","","","","","","","","","","",""
"Charli XCX","Charli","Album: Charli/ Artist: Charli XCX","2019","80","80","0.17%","44.1931673%","Yes","","","","","","","","","","","","","","","","",""
"Charli XCX","Pop 2","Album: Pop 2/ Artist: Charli XCX","2017","80","80","0.17%","44.3665006%","Yes","","","","","","","","","","","","","","","","",""
"Chat Pile","Remove Your Skin Please","Album: Remove Your Skin Please/ Artist: Chat Pile","2019","80","80","0.17%","44.5398339%","Yes","","","","","","","","","","","","","","","","",""
"d4vd","WITHERED","Album: WITHERED/ Artist: d4vd","2025","80","80","0.17%","44.7131673%","Yes","","","","","","","","","","","","","","","","",""
"Daphni","Sizzling EP","Album: Sizzling EP/ Artist: Daphni","2019","80","80","0.17%","44.8865006%","Yes","","","","","","","","","","","","","","","","",""
"Ethel Cain","Willoughby Tucker, I'll Always Love You","Album: Willoughby Tucker, I'll Always Love You/ Artist: Ethel Cain","2025","","100","0.01%","44.8925480%","Yes","","","","","","","","","","","","","","","","",""
"Ethel Cain","Perverts","Album: Perverts/ Artist: Ethel Cain","2024","80","80","0.17%","45.0658814%","Yes","","","","","","","","","","","","","","","","",""
"Floating Points","Dialogue Between Dreamers Pt. One","Album: Dialogue Between Dreamers Pt. One/ Artist: Floating Points","2021","80","80","0.17%","45.2392147%","No","","","","","","","","","","","","","","","","",""
"Floating Points","Cascade","Album: Cascade/ Artist: Floating Points","2024","80","80","0.17%","45.4125480%","Yes","","","","","","","","","","","","","","","","",""
"Floating Points","King Bromeliad/ Montparnasse","Album: King Bromeliad/ Montparnasse/ Artist: Floating Points","2014","80","80","0.17%","45.5858814%","Yes","","","","","","","","","","","","","","","","",""
"FONTAINES D.C","Dogrels","Album: Dogrels/ Artist: FONTAINES D.C","2019","80","80","0.17%","45.7592147%","Yes","","","","","","","","","","","","","","","","",""
"Geordie Greep","The New Sound","Album: The New Sound/ Artist: Geordie Greep","2024","80","80","0.17%","45.9325480%","Yes","","","","","","","","","","","","","","","","",""
"Godspeed You Black Emperor","“NO TITLE AS OF 13 FEBRUARY 2024 28,340 DEAD”","Album: “NO TITLE AS OF 13 FEBRUARY 2024 28,340 DEAD”/ Artist: Godspeed You Black Emperor","2024","80","80","0.17%","46.1058814%","Yes","","","","","","","","","","","","","","","","",""
"Honningbarna","Soft Spot","Album: Soft Spot/ Artist: Honningbarna","2025","80","80","0.17%","46.2792147%","Yes","","","","","","","","","","","","","","","","",""
"Japanese Breakfast","For Melancholy Brunettes (& sad women)","Album: For Melancholy Brunettes (& sad women)/ Artist: Japanese Breakfast","2025","80","80","0.17%","46.4525480%","Yes","","","","","","","","","","","","","","","","",""
"John Coltrane","Olé Coltrane","Album: Olé Coltrane/ Artist: John Coltrane","1961","80","80","0.17%","46.6258814%","Yes","","","","","","","","","","","","","","","","",""
"John Michel & Anthony James","Egotrip","Album: Egotrip/ Artist: John Michel & Anthony James","2025","80","80","0.17%","46.7992147%","Yes","","","","","","","","","","","","","","","","",""
"Jon Hopkins","Singularity","Album: Singularity/ Artist: Jon Hopkins","2018","80","80","0.17%","46.9725480%","Yes","","","","","","","","","","","","","","","","",""
"Kendrick Lamar","untitled. unmastered.","Album: untitled. unmastered./ Artist: Kendrick Lamar","2014","80","80","0.17%","47.1458814%","Yes","","","","","","","","","","","","","","","","",""
"Kero Kero Bonito","Bonito  Generation","Album: Bonito  Generation/ Artist: Kero Kero Bonito","2016","80","80","0.17%","47.3192147%","Yes","","","","","","","","","","","","","","","","",""
"King Gizzard & The Lizard Wizard","Sketches of Brunswick East","Album: Sketches of Brunswick East/ Artist: King Gizzard & The Lizard Wizard","2017","80","80","0.17%","47.4925480%","Yes","","","","","","","","","","","","","","","","",""
"King Gizzard & The Lizard Wizard","Paper Maché Dream Balloon","Album: Paper Maché Dream Balloon/ Artist: King Gizzard & The Lizard Wizard","2015","80","80","0.17%","47.6658814%","Yes","","","","","","","","","","","","","","","","",""
"King Gizzard & The Lizard Wizard","I'm In Your Mind Fuzz","Album: I'm In Your Mind Fuzz/ Artist: King Gizzard & The Lizard Wizard","2014","80","80","0.17%","47.8392147%","Yes","","","","","","","","","","","","","","","","",""
"King Krule","SHHHHHHHH!","Album: SHHHHHHHH!/ Artist: King Krule","2024","80","80","0.17%","48.0125480%","Yes","","","","","","","","","","","","","","","","",""
"Knocked Loose","A Tear in the Fabric of Life","Album: A Tear in the Fabric of Life/ Artist: Knocked Loose","2021","80","80","0.17%","48.1858814%","Yes","","","","","","","","","","","","","","","","",""
"Lou Reed","New York","Album: New York/ Artist: Lou Reed","1989","80","80","0.17%","48.3592147%","Yes","","","","","","","","","","","","","","","","",""
"Lucy Dacus ","Forever is Feeling","Album: Forever is Feeling/ Artist: Lucy Dacus ","2025","80","80","0.17%","48.5325480%","Yes","","","","","","","","","","","","","","","","",""
"Lupe Fiasco","Drill Music in Zion","Album: Drill Music in Zion/ Artist: Lupe Fiasco","2022","80","80","0.17%","48.7058814%","Yes","","","","","","","","","","","","","","","","",""
"Mach-Hommy","RICHAXXHAITIAN","Album: RICHAXXHAITIAN/ Artist: Mach-Hommy","2024","80","80","0.17%","48.8792147%","Yes","","","","","","","","","","","","","","","","",""
"Machine Girl","MG Ultra","Album: MG Ultra/ Artist: Machine Girl","2024","80","80","0.17%","49.0525480%","Yes","","","","","","","","","","","","","","","","",""
"Manitoba","Up In Flames","Album: Up In Flames/ Artist: Manitoba","2003","80","80","0.17%","49.2258814%","Yes","","","","","","","","","","","","","","","","",""
"Maruja","Tír na nÓg","Album: Tír na nÓg/ Artist: Maruja","2025","80","80","0.17%","49.3992147%","Yes","","","","","","","","","","","","","","","","",""
"Mei Semones","Animaru","Album: Animaru/ Artist: Mei Semones","2025","80","80","0.17%","49.5725480%","Yes","","","","","","","","","","","","","","","","",""
"Mount Eerie","Dawn","Album: Dawn/ Artist: Mount Eerie","2008","80","80","0.17%","49.7458814%","Yes","","","","","","","","","","","","","","","","",""
"Nails","Abandon All Life","Album: Abandon All Life/ Artist: Nails","2013","80","80","0.17%","49.9192147%","Yes","","","","","","","","","","","","","","","","",""
"Nick Cave & The Bad Seeds","Wild God","Album: Wild God/ Artist: Nick Cave & The Bad Seeds","2024","80","80","0.17%","50.0925480%","Yes","","","","","","","","","","","","","","","","",""
"Nick Cave & The Bad Seeds","Push the Sky Away","Album: Push the Sky Away/ Artist: Nick Cave & The Bad Seeds","2013","80","80","0.17%","50.2658814%","Yes","","","","","","","","","","","","","","","","",""
"Nick Cave & The Bad Seeds","Murder Ballads","Album: Murder Ballads/ Artist: Nick Cave & The Bad Seeds","1996","80","80","0.17%","50.4392147%","Yes","","","","","","","","","","","","","","","","",""
"Os Mutantes","Mutantes","Album: Mutantes/ Artist: Os Mutantes","1969","80","80","0.17%","50.6125480%","Yes","","","","","","","","","","","","","","","","",""
"Paris Texas","They Left Me with a Gun","Album: They Left Me with a Gun/ Artist: Paris Texas","2025","80","80","0.17%","50.7858814%","Yes","","","","","","","","","","","","","","","","",""
"Pavement","Terror Twilight","Album: Terror Twilight/ Artist: Pavement","1999","80","80","0.17%","50.9592147%","Yes","","","","","","","","","","","","","","","","",""
"Poppy","I Disagree","Album: I Disagree/ Artist: Poppy","2020","80","80","0.17%","51.1325480%","Yes","","","","","","","","","","","","","","","","",""
"Portishead","Portishead","Album: Portishead/ Artist: Portishead","1997","80","80","0.17%","51.3058814%","Yes","","","","","","","","","","","","","","","","",""
"Sharon Van Etten & The Attachment Theory","Sharon Van Etten & The Attachment Theory","Album: Sharon Van Etten & The Attachment Theory/ Artist: Sharon Van Etten & The Attachment Theory","2025","80","80","0.17%","51.4792147%","Yes","","","","","","","","","","","","","","","","",""
"Stereolab","Instant Holograms On Metal Film","Album: Instant Holograms On Metal Film/ Artist: Stereolab","2025","80","80","0.17%","51.6525480%","Yes","","","","","","","","","","","","","","","","",""
"Steven Wilson","Grace For Drowning","Album: Grace For Drowning/ Artist: Steven Wilson","2011","80","80","0.17%","51.8258814%","Yes","","","","","","","","","","","","","","","","",""
"The Beatles","Let It Be (The Beatles) (2021 Mix)","Album: Let It Be (The Beatles) (2021 Mix)/ Artist: The Beatles","1970","80","80","0.17%","51.9992147%","Yes","","","","","","","","","","","","","","","","",""
"The Beatles","A Hard Day's Night","Album: A Hard Day's Night/ Artist: The Beatles","1964","80","80","0.17%","52.1725480%","Yes","","","","","","","","","","","","","","","","",""
"The Cowboy Junkies","The Trinity Session","Album: The Trinity Session/ Artist: The Cowboy Junkies","1988","80","80","0.17%","52.3458814%","Yes","","","","","","","","","","","","","","","","",""
"The Cure","Pornography","Album: Pornography/ Artist: The Cure","1982","80","80","0.17%","52.5192147%","Yes","","","","","","","","","","","","","","","","",""
"The Microphones","Mount Eerie","Album: Mount Eerie/ Artist: The Microphones","2003","80","80","0.17%","52.6925480%","Yes","","","","","","","","","","","","","","","","",""
"The Orchestra (For Now)","Plan 75","Album: Plan 75/ Artist: The Orchestra (For Now)","2025","80","80","0.17%","52.8658814%","Yes","","","","","","","","","","","","","","","","",""
"Tunde Adebimpe","Thee Black Boltz","Album: Thee Black Boltz/ Artist: Tunde Adebimpe","2025","80","80","0.17%","53.0392147%","Yes","","","","","","","","","","","","","","","","",""
"tUnE-yArDs","Better Dreaming","Album: Better Dreaming/ Artist: tUnE-yArDs","2025","80","80","0.17%","53.2125480%","Yes","","","","","","","","","","","","","","","","",""
"TURQUOISEDEATH","Kaleidoscope","Album: Kaleidoscope/ Artist: TURQUOISEDEATH","2024","80","80","0.17%","53.3858814%","Yes","","","","","","","","","","","","","","","","",""
"Tyler, The Creator","Flower Boy","Album: Flower Boy/ Artist: Tyler, The Creator","2017","80","80","0.17%","53.5592147%","Yes","","","","","","","","","","","","","","","","",""
"Underworld","Barbara Barbara, we face a shining future","Album: Barbara Barbara, we face a shining future/ Artist: Underworld","2016","80","80","0.17%","53.7325480%","Yes","","","","","","","","","","","","","","","","",""
"Wiki","Half God","Album: Half God/ Artist: Wiki","2021","80","80","0.17%","53.9058814%","Yes","","","","","","","","","","","","","","","","",""
"Bombay Bicycle Club","I Had the Blues But I Shook Them Loose","Album: I Had the Blues But I Shook Them Loose/ Artist: Bombay Bicycle Club","2009","80","80","0.17%","54.0792147%","Yes","","","","","","","","","","","","","","","","",""
"Eagles of Death Metal","Peace Love Death Metal","Album: Peace Love Death Metal/ Artist: Eagles of Death Metal","2004","80","80","0.17%","54.2525480%","Yes","","","","","","","","","","","","","","","","",""
"Foo Fighters","The Colour and The Shape","Album: The Colour and The Shape/ Artist: Foo Fighters","1997","80","80","0.17%","54.4258814%","Yes","","","","","","","","","","","","","","","","",""
"G Jones","Illusory Tracks","Album: Illusory Tracks/ Artist: G Jones","2022","80","80","0.17%","54.5992147%","Yes","","","","","","","","","","","","","","","","",""
"Lim Kim","Generasian","Album: Generasian/ Artist: Lim Kim","2019","80","80","0.17%","54.7725480%","Yes","","","","","","","","","","","","","","","","",""
"The Smiths","Hatful of Hollow","Album: Hatful of Hollow/ Artist: The Smiths","1984","80","80","0.17%","54.9458814%","Yes","","","","","","","","","","","","","","","","",""
"Huerco S.","For Those of You Who Have Never (And Also Those Who Have)","Album: For Those of You Who Have Never (And Also Those Who Have)/ Artist: Huerco S.","2016","80","80","0.17%","55.1192147%","Yes","","","","","","","","","","","","","","","","",""
"Jimi Hendrix","Experience Hendrix: The Best of Jimi Hendrix","Album: Experience Hendrix: The Best of Jimi Hendrix/ Artist: Jimi Hendrix","1997","80","80","0.17%","55.2925480%","Yes","","","","","","","","","","","","","","","","",""
"Nourished By Time","Erotic Probiotic 2","Album: Erotic Probiotic 2/ Artist: Nourished By Time","2023","80","80","0.17%","55.4658814%","Yes","","","","","","","","","","","","","","","","",""
"Nourished By Time","The Passionate Ones","Album: The Passionate Ones/ Artist: Nourished By Time","2023","","100","0.01%","55.4719288%","Yes","","","","","","","","","","","","","","","","",""
"The Caretaker","Everywhere at The End of Time - Stage 4","Album: Everywhere at The End of Time - Stage 4/ Artist: The Caretaker","2018","80","80","0.17%","55.6452621%","Yes","","","","","","","","","","","","","","","","",""
"The Chemical Brothers","Brotherhood CD1","Album: Brotherhood CD1/ Artist: The Chemical Brothers","2008","80","80","0.17%","55.8185954%","Yes","","","","","","","","","","","","","","","","",""
"The Waterboys","This Is The Sea","Album: This Is The Sea/ Artist: The Waterboys","1985","80","80","0.17%","55.9919288%","Yes","","","","","","","","","","","","","","","","",""
"Wild Beasts","Present Tense","Album: Present Tense/ Artist: Wild Beasts","2014","80","80","0.17%","56.1652621%","Yes","","","","","","","","","","","","","","","","",""
"Backxwash","Only Dust Remains","Album: Only Dust Remains/ Artist: Backxwash","2025","75","75","0.16%","56.3262791%","Yes","","","","","","","","","","","","","","","","",""
"black midi","cavalcade","Album: cavalcade/ Artist: black midi","2021","75","75","0.16%","56.4872960%","Yes","","","","","","","","","","","","","","","","",""
"Bon Iver","SABLE, ","Album: SABLE, / Artist: Bon Iver","2024","75","75","0.16%","56.6483130%","Yes","","","","","","","","","","","","","","","","",""
"Denzel Curry","13","Album: 13/ Artist: Denzel Curry","2017","75","75","0.16%","56.8093299%","Yes","","","","","","","","","","","","","","","","",""
"Descendents","Milo Goes to College","Album: Milo Goes to College/ Artist: Descendents","1982","75","75","0.16%","56.9703469%","Yes","","","","","","","","","","","","","","","","",""
"Destroyer","Dan's Boogie","Album: Dan's Boogie/ Artist: Destroyer","2025","75","75","0.16%","57.1313638%","Yes","","","","","","","","","","","","","","","","",""
"Father John Misty","Mahashmashana","Album: Mahashmashana/ Artist: Father John Misty","2024","75","75","0.16%","57.2923808%","Yes","","","","","","","","","","","","","","","","",""
"Father John Misty","God's Favorite Customer","Album: God's Favorite Customer/ Artist: Father John Misty","2018","75","75","0.16%","57.4533977%","Yes","","","","","","","","","","","","","","","","",""
"Father John Misty","Fear Fun","Album: Fear Fun/ Artist: Father John Misty","2012","75","75","0.16%","57.6144146%","Yes","","","","","","","","","","","","","","","","",""
"Franz Ferdinand","You Could Have It So Much Better","Album: You Could Have It So Much Better/ Artist: Franz Ferdinand","2005","75","75","0.16%","57.7754316%","Yes","","","","","","","","","","","","","","","","",""
"Franz Ferdinand","Hits To The Head","Album: Hits To The Head/ Artist: Franz Ferdinand","2023","75","75","0.16%","57.9364485%","Yes","","","","","","","","","","","","","","","","",""
"Freddie Gibs & Madlib","Bandana","Album: Bandana/ Artist: Freddie Gibs & Madlib","2019","75","75","0.16%","58.0974655%","Yes","","","","","","","","","","","","","","","","",""
"Godspeed You Black Emperor","Slow Riot for New Zero Kanada","Album: Slow Riot for New Zero Kanada/ Artist: Godspeed You Black Emperor","1999","75","75","0.16%","58.2584824%","Yes","","","","","","","","","","","","","","","","",""
"James Blake","Playing Robots Into Heaven","Album: Playing Robots Into Heaven/ Artist: James Blake","2023","75","75","0.16%","58.4194994%","Yes","","","","","","","","","","","","","","","","",""
"James Blake","Before","Album: Before/ Artist: James Blake","2020","75","75","0.16%","58.5805163%","Yes","","","","","","","","","","","","","","","","",""
"Jamie xx","In Waves","Album: In Waves/ Artist: Jamie xx","2024","75","75","0.16%","58.7415333%","Yes","","","","","","","","","","","","","","","","",""
"Jane Remover","Revengeseekerz","Album: Revengeseekerz/ Artist: Jane Remover","2025","75","75","0.16%","58.9025502%","Yes","","","","","","","","","","","","","","","","",""
"John Coltrane","Coltrane ","Album: Coltrane / Artist: John Coltrane","1962","75","75","0.16%","59.0635672%","Yes","","","","","","","","","","","","","","","","",""
"Jon Hopkins","Late Night Tales (Jon Hopkins)","Album: Late Night Tales (Jon Hopkins)/ Artist: Jon Hopkins","2015","75","75","0.16%","59.2245841%","Yes","","","","","","","","","","","","","","","","",""
"JPEGMAFIA","EP2!","Album: EP2!/ Artist: JPEGMAFIA","2021","75","75","0.16%","59.3856011%","Yes","","","","","","","","","","","","","","","","",""
"Kaiser Chiefs","off with Their Heads","Album: off with Their Heads/ Artist: Kaiser Chiefs","2008","75","75","0.16%","59.5466180%","Yes","","","","","","","","","","","","","","","","",""
"Kero Kero Bonito","Civilisation II","Album: Civilisation II/ Artist: Kero Kero Bonito","2021","75","75","0.16%","59.7076350%","Yes","","","","","","","","","","","","","","","","",""
"King Gizzard & The Lizard Wizard","Flight b741","Album: Flight b741/ Artist: King Gizzard & The Lizard Wizard","2024","75","75","0.16%","59.8686519%","Yes","","","","","","","","","","","","","","","","",""
"King Gizzard & The Lizard Wizard","Laminated Denim","Album: Laminated Denim/ Artist: King Gizzard & The Lizard Wizard","2022","75","75","0.16%","60.0296689%","Yes","","","","","","","","","","","","","","","","",""
"King Gizzard & The Lizard Wizard","Polygondwanaland","Album: Polygondwanaland/ Artist: King Gizzard & The Lizard Wizard","2017","75","75","0.16%","60.1906858%","Yes","","","","","","","","","","","","","","","","",""
"Kylie Minogue","Kylie Minogue","Album: Kylie Minogue/ Artist: Kylie Minogue","1994","75","75","0.16%","60.3517028%","Yes","","","","","","","","","","","","","","","","",""
"La Máquina de Hacer Pájaros","Películas","Album: Películas/ Artist: La Máquina de Hacer Pájaros","1977","75","75","0.16%","60.5127197%","Yes","","","","","","","","","","","","","","","","",""
"Laura Marling","I Speak Because I Can","Album: I Speak Because I Can/ Artist: Laura Marling","2010","75","75","0.16%","60.6737367%","Yes","","","","","","","","","","","","","","","","",""
"Lucy Bedroque","Unmusique","Album: Unmusique/ Artist: Lucy Bedroque","2025","75","75","0.16%","60.8347536%","Yes","","","","","","","","","","","","","","","","",""
"Mac Miller","Faces","Album: Faces/ Artist: Mac Miller","2014","75","75","0.16%","60.9957706%","Yes","","","","","","","","","","","","","","","","",""
"Mac Miller","Watching Movies with the Sound Off","Album: Watching Movies with the Sound Off/ Artist: Mac Miller","2013","75","75","0.16%","61.1567875%","Yes","","","","","","","","","","","","","","","","",""
"Mount Eerie","Sauna","Album: Sauna/ Artist: Mount Eerie","2015","75","75","0.16%","61.3178045%","Yes","","","","","","","","","","","","","","","","",""
"Muse","The Resistance","Album: The Resistance/ Artist: Muse","2009","75","75","0.16%","61.4788214%","Yes","","","","","","","","","","","","","","","","",""
"Nick Cave & The Bad Seeds","The Boatman's Call","Album: The Boatman's Call/ Artist: Nick Cave & The Bad Seeds","1997","75","75","0.16%","61.6398384%","Yes","","","","","","","","","","","","","","","","",""
"Opeth","My Arms, your Hearse","Album: My Arms, your Hearse/ Artist: Opeth","1998","75","75","0.16%","61.8008553%","Yes","","","","","","","","","","","","","","","","",""
"Parquet Courts","Light Up Gold","Album: Light Up Gold/ Artist: Parquet Courts","2012","75","75","0.16%","61.9618723%","Yes","","","","","","","","","","","","","","","","",""
"Ramones","Road to Ruin","Album: Road to Ruin/ Artist: Ramones","1978","75","75","0.16%","62.1228892%","Yes","","","","","","","","","","","","","","","","",""
"Shygirl","Club Shy Room 2","Album: Club Shy Room 2/ Artist: Shygirl","2025","75","75","0.16%","62.2839062%","Yes","","","","","","","","","","","","","","","","",""
"Skrillex","F*CK U SKRILLEX YOU THINK UR ANDY WARHOL BUT UR NOT!! <3","Album: F*CK U SKRILLEX YOU THINK UR ANDY WARHOL BUT UR NOT!! <3/ Artist: Skrillex","2025","75","75","0.16%","62.4449231%","Yes","","","","","","","","","","","","","","","","",""
"Sleep","The Sciences","Album: The Sciences/ Artist: Sleep","2018","75","75","0.16%","62.6059401%","Yes","","","","","","","","","","","","","","","","",""
"Sophie","SOPHIE LIVESTREAM HEAV3N SUSPENDED","Album: SOPHIE LIVESTREAM HEAV3N SUSPENDED/ Artist: Sophie","2020","75","75","0.16%","62.7669570%","No","","","","","","","","","","","","","","","","",""
"SOPHIE","Product","Album: Product/ Artist: SOPHIE","2015","75","75","0.16%","62.9279740%","Yes","","","","","","","","","","","","","","","","",""
"TURQUOISEDEATH","Se Bueno","Album: Se Bueno/ Artist: TURQUOISEDEATH","2023","75","75","0.16%","63.0889909%","Yes","","","","","","","","","","","","","","","","",""
"Underworld","Beaucup Fish","Album: Beaucup Fish/ Artist: Underworld","1999","75","75","0.16%","63.2500079%","Yes","","","","","","","","","","","","","","","","",""
"김뜻돌 [Meaningful Stone]","꿈에서 걸려온 전화 (A Call from My Dream)","Album: 꿈에서 걸려온 전화 (A Call from My Dream)/ Artist: 김뜻돌 [Meaningful Stone]","2020","75","75","0.16%","63.4110248%","Yes","","","","","","","","","","","","","","","","",""
"The Radio Dept.","Clinging To A Scheme","Album: Clinging To A Scheme/ Artist: The Radio Dept.","2010","75","75","0.16%","63.5720418%","Yes","","","","","","","","","","","","","","","","",""
"Nurse with Wound","Soliloquuy for Lilith (CD 1)","Album: Soliloquuy for Lilith (CD 1)/ Artist: Nurse with Wound","1988","75","75","0.16%","63.7330587%","Yes","","","","","","","","","","","","","","","","",""
"Nurse with Wound","Soliloquuy for Lilith (CD 2)","Album: Soliloquuy for Lilith (CD 2)/ Artist: Nurse with Wound","1988","75","75","0.16%","63.8940757%","Yes","","","","","","","","","","","","","","","","",""
"Nurse with Wound","Soliloquuy for Lilith (CD 3)","Album: Soliloquuy for Lilith (CD 3)/ Artist: Nurse with Wound","1988","75","75","0.16%","64.0550926%","Yes","","","","","","","","","","","","","","","","",""
"Parliament","Funkentelechy vs. the Placebo Syndrome","Album: Funkentelechy vs. the Placebo Syndrome/ Artist: Parliament","1977","75","75","0.16%","64.2161096%","Yes","","","","","","","","","","","","","","","","",""
"The Dillinger Escape Plan","Option Paralysis","Album: Option Paralysis/ Artist: The Dillinger Escape Plan","2010","75","75","0.16%","64.3771265%","Yes","","","","","","","","","","","","","","","","",""
"At the Drive-In","Relationship Of Command","Album: Relationship Of Command/ Artist: At the Drive-In","2000","75","75","0.16%","64.5381435%","Yes","","","","","","","","","","","","","","","","",""
"Frank Zappa","Apostrophe","Album: Apostrophe/ Artist: Frank Zappa","1974","75","75","0.16%","64.6991604%","Yes","","","","","","","","","","","","","","","","",""
"Haru Nemuri ","Lovetheism","Album: Lovetheism/ Artist: Haru Nemuri ","2020","75","75","0.16%","64.8601774%","Yes","","","","","","","","","","","","","","","","",""
"Laurie Anderson","Big Science","Album: Big Science/ Artist: Laurie Anderson","1982","75","75","0.16%","65.0211943%","Yes","","","","","","","","","","","","","","","","",""
"Leonard Cohen","New Skin for the Old Ceremony","Album: New Skin for the Old Ceremony/ Artist: Leonard Cohen","1974","75","75","0.16%","65.1822113%","Yes","","","","","","","","","","","","","","","","",""
"Morbid Angel","Altars of Madness","Album: Altars of Madness/ Artist: Morbid Angel","1989","75","75","0.16%","65.3432282%","Yes","","","","","","","","","","","","","","","","",""
"Outkast","Atliens","Album: Atliens/ Artist: Outkast","1996","75","75","0.16%","65.5042452%","Yes","","","","","","","","","","","","","","","","",""
"Uriah Heep","Demons and Wizards","Album: Demons and Wizards/ Artist: Uriah Heep","1972","75","75","0.16%","65.6652621%","Yes","","","","","","","","","","","","","","","","",""
"Agalloch","Ashes Against the Grain","Album: Ashes Against the Grain/ Artist: Agalloch","2006","70","70","0.16%","65.8209998%","Yes","","","","","","","","","","","","","","","","",""
"Amen Dunes","Freedom","Album: Freedom/ Artist: Amen Dunes","2018","70","70","0.16%","65.9767375%","Yes","","","","","","","","","","","","","","","","",""
"Billie Eilish","HIT ME HARD AND SOFT","Album: HIT ME HARD AND SOFT/ Artist: Billie Eilish","2024","70","70","0.16%","66.1324752%","Yes","","","","","","","","","","","","","","","","",""
"Bon Iver","22, A Million","Album: 22, A Million/ Artist: Bon Iver","2016","70","70","0.16%","66.2882129%","Yes","","","","","","","","","","","","","","","","",""
"Bright Eyes","Digital Ash in a Digital Urn","Album: Digital Ash in a Digital Urn/ Artist: Bright Eyes","2005","70","70","0.16%","66.4439506%","Yes","","","","","","","","","","","","","","","","",""
"Bright Eyes","Letting Off The Happiness","Album: Letting Off The Happiness/ Artist: Bright Eyes","1998","70","70","0.16%","66.5996883%","Yes","","","","","","","","","","","","","","","","",""
"Charli XCX","Vroom Vroom","Album: Vroom Vroom/ Artist: Charli XCX","2016","70","70","0.16%","66.7554260%","Yes","","","","","","","","","","","","","","","","",""
"Chat Pile","This Dungeo Earth","Album: This Dungeo Earth/ Artist: Chat Pile","2019","70","70","0.16%","66.9111637%","Yes","","","","","","","","","","","","","","","","",""
"Chief Keef","Almighty So","Album: Almighty So/ Artist: Chief Keef","2013","70","70","0.16%","67.0669015%","Yes","","","","","","","","","","","","","","","","",""
"Gil Scott-Heron & Jamie XX","We're New Here","Album: We're New Here/ Artist: Gil Scott-Heron & Jamie XX","2011","70","70","0.16%","67.2226392%","Yes","","","","","","","","","","","","","","","","",""
"Godspeed You Black Emperor","Luciferian Towers","Album: Luciferian Towers/ Artist: Godspeed You Black Emperor","2017","70","70","0.16%","67.3783769%","Yes","","","","","","","","","","","","","","","","",""
"Have a Nice Life","The Unnatural World","Album: The Unnatural World/ Artist: Have a Nice Life","2014","70","70","0.16%","67.5341146%","Yes","","","","","","","","","","","","","","","","",""
"James Blake","Assume Form","Album: Assume Form/ Artist: James Blake","2019","70","70","0.16%","67.6898523%","Yes","","","","","","","","","","","","","","","","",""
"James Blake","James Blake","Album: James Blake/ Artist: James Blake","2011","70","70","0.16%","67.8455900%","Yes","","","","","","","","","","","","","","","","",""
"John Coltrane","Giant Steps","Album: Giant Steps/ Artist: John Coltrane","1960","70","70","0.16%","68.0013277%","Yes","","","","","","","","","","","","","","","","",""
"John Coltrane & Duke Ellington","Duke Ellington & John Coltrane","Album: Duke Ellington & John Coltrane/ Artist: John Coltrane & Duke Ellington","1963","70","70","0.16%","68.1570654%","Yes","","","","","","","","","","","","","","","","",""
"John Coltrane & Milt Jackson","Bags & Trane","Album: Bags & Trane/ Artist: John Coltrane & Milt Jackson","1961","70","70","0.16%","68.3128031%","Yes","","","","","","","","","","","","","","","","",""
"Kelly Lee Owens","Inner Song","Album: Inner Song/ Artist: Kelly Lee Owens","2017","70","70","0.16%","68.4685408%","Yes","","","","","","","","","","","","","","","","",""
"Kendrick Lamar","Section .80","Album: Section .80/ Artist: Kendrick Lamar","2011","70","70","0.16%","68.6242785%","Yes","","","","","","","","","","","","","","","","",""
"King Gizzard & The Lizard Wizard","Float Along - Fill Your Lungs","Album: Float Along - Fill Your Lungs/ Artist: King Gizzard & The Lizard Wizard","2013","70","70","0.16%","68.7800162%","Yes","","","","","","","","","","","","","","","","",""
"King Krule","The Ooz","Album: The Ooz/ Artist: King Krule","2017","70","70","0.16%","68.9357539%","Yes","","","","","","","","","","","","","","","","",""
"Laura Marling","A Creature I Don't Know","Album: A Creature I Don't Know/ Artist: Laura Marling","2011","70","70","0.16%","69.0914916%","Yes","","","","","","","","","","","","","","","","",""
"Laura Marling","Patterns in Repeat","Album: Patterns in Repeat/ Artist: Laura Marling","2024","70","70","0.16%","69.2472293%","Yes","","","","","","","","","","","","","","","","",""
"Lupe Fiasco","Lupe Fiasco's The Cool","Album: Lupe Fiasco's The Cool/ Artist: Lupe Fiasco","2007","70","70","0.16%","69.4029670%","Yes","","","","","","","","","","","","","","","","",""
"Mach Hommy","Pray For Haiti","Album: Pray For Haiti/ Artist: Mach Hommy","2021","70","70","0.16%","69.5587047%","Yes","","","","","","","","","","","","","","","","",""
"Machine Girl","WLFGRL","Album: WLFGRL/ Artist: Machine Girl","2014","70","70","0.16%","69.7144424%","Yes","","","","","","","","","","","","","","","","",""
"Misfits","Earth A.D./Wolfs Blood","Album: Earth A.D./Wolfs Blood/ Artist: Misfits","1983","70","70","0.16%","69.8701801%","Yes","","","","","","","","","","","","","","","","",""
"Nick Cave & The Bad Seeds","Dig, Lazarus, Dig!!!","Album: Dig, Lazarus, Dig!!!/ Artist: Nick Cave & The Bad Seeds","2008","70","70","0.16%","70.0259178%","Yes","","","","","","","","","","","","","","","","",""
"Nick Cave & The Bad Seeds","The Good Son","Album: The Good Son/ Artist: Nick Cave & The Bad Seeds","1990","70","70","0.16%","70.1816555%","Yes","","","","","","","","","","","","","","","","",""
"Nilufer Yanya","My Method Actor","Album: My Method Actor/ Artist: Nilufer Yanya","2024","70","70","0.16%","70.3373933%","Yes","","","","","","","","","","","","","","","","",""
"Nilufer Yanya","PAINLESS","Album: PAINLESS/ Artist: Nilufer Yanya","2022","70","70","0.16%","70.4931310%","Yes","","","","","","","","","","","","","","","","",""
"Nilufer Yanya","Miss Universe","Album: Miss Universe/ Artist: Nilufer Yanya","2019","70","70","0.16%","70.6488687%","Yes","","","","","","","","","","","","","","","","",""
"Opeth","Watershed","Album: Watershed/ Artist: Opeth","2008","70","70","0.16%","70.8046064%","Yes","","","","","","","","","","","","","","","","",""
"Parquet Courts","Sunbathing Animal","Album: Sunbathing Animal/ Artist: Parquet Courts","2013","70","70","0.16%","70.9603441%","Yes","","","","","","","","","","","","","","","","",""
"Parquet Courts","Tally All the Things that you Broke","Album: Tally All the Things that you Broke/ Artist: Parquet Courts","2013","70","70","0.16%","71.1160818%","Yes","","","","","","","","","","","","","","","","",""
"Pavement","Wowee Zowee","Album: Wowee Zowee/ Artist: Pavement","1995","70","70","0.16%","71.2718195%","Yes","","","","","","","","","","","","","","","","",""
"Sigur Rós","Með suð í eyrum við spilum endalaust","Album: Með suð í eyrum við spilum endalaust/ Artist: Sigur Rós","2008","70","70","0.16%","71.4275572%","Yes","","","","","","","","","","","","","","","","",""
"Slint","Spiderland","Album: Spiderland/ Artist: Slint","1991","70","70","0.16%","71.5832949%","Yes","","","","","","","","","","","","","","","","",""
"Songs: Ohia","Didn't It Rain","Album: Didn't It Rain/ Artist: Songs: Ohia","2002","70","70","0.16%","71.7390326%","Yes","","","","","","","","","","","","","","","","",""
"Songs: Ohia","The Lioness","Album: The Lioness/ Artist: Songs: Ohia","2000","70","70","0.16%","71.8947703%","Yes","","","","","","","","","","","","","","","","",""
"The Beatles","Love","Album: Love/ Artist: The Beatles","2013","70","70","0.16%","72.0505080%","Yes","","","","","","","","","","","","","","","","",""
"The Beatles","1962-1966 Disc 1","Album: 1962-1966 Disc 1/ Artist: The Beatles","1973","70","70","0.16%","72.2062457%","Yes","","","","","","","","","","","","","","","","",""
"The Beatles","1962-1966 Disc 2","Album: 1962-1966 Disc 2/ Artist: The Beatles","1973","70","70","0.16%","72.3619834%","Yes","","","","","","","","","","","","","","","","",""
"The Beatles","Help!","Album: Help!/ Artist: The Beatles","1965","70","70","0.16%","72.5177211%","Yes","","","","","","","","","","","","","","","","",""
"The Cure","Boys Don't Cry","Album: Boys Don't Cry/ Artist: The Cure","1980","70","70","0.16%","72.6734588%","Yes","","","","","","","","","","","","","","","","",""
"The Pogues","If I Should Fall From Grace With God","Album: If I Should Fall From Grace With God/ Artist: The Pogues","1988","70","70","0.16%","72.8291965%","Yes","","","","","","","","","","","","","","","","",""
"The Smile","Cutouts","Album: Cutouts/ Artist: The Smile","2024","70","70","0.16%","72.9849342%","Yes","","","","","","","","","","","","","","","","",""
"Tons of Sobs","Free","Album: Free/ Artist: Tons of Sobs","1969","70","70","0.16%","73.1406719%","Yes","","","","","","","","","","","","","","","","",""
"Weatherday & Asian Glow","Weather glow","Album: Weather glow/ Artist: Weatherday & Asian Glow","2022","70","70","0.16%","73.2964096%","Yes","","","","","","","","","","","","","","","","",""
"김뜻돌 [Meaningful Stone]","천사 인터뷰 (Angel interview)","Album: 천사 인터뷰 (Angel interview)/ Artist: 김뜻돌 [Meaningful Stone]","2024","70","70","0.16%","73.4521474%","Yes","","","","","","","","","","","","","","","","",""
"Elbow","Leaders Of The Free World","Album: Leaders Of The Free World/ Artist: Elbow","2005","70","70","0.16%","73.6078851%","Yes","","","","","","","","","","","","","","","","",""
"Emerson, Lake & Palmer","Trilogy","Album: Trilogy/ Artist: Emerson, Lake & Palmer","1972","70","70","0.16%","73.7636228%","Yes","","","","","","","","","","","","","","","","",""
"Prince","The Gold Experience","Album: The Gold Experience/ Artist: Prince","1995","70","70","0.16%","73.9193605%","Yes","","","","","","","","","","","","","","","","",""
"Bonnie ""Prince"" Billie","I See A Drakness","Album: I See A Drakness/ Artist: Bonnie ""Prince"" Billie","1999","70","70","0.16%","74.0750982%","No","","","","","","","","","","","","","","","","",""
"Saba","Care for Me","Album: Care for Me/ Artist: Saba","2018","70","70","0.16%","74.2308359%","Yes","","","","","","","","","","","","","","","","",""
"Slowdive","everything is alive","Album: everything is alive/ Artist: Slowdive","2023","70","70","0.16%","74.3865736%","Yes","","","","","","","","","","","","","","","","",""
"The Antlers","Familiars","Album: Familiars/ Artist: The Antlers","2014","70","70","0.16%","74.5423113%","Yes","","","","","","","","","","","","","","","","",""
"The Comet is Coming","The Afterlife","Album: The Afterlife/ Artist: The Comet is Coming","2019","70","70","0.16%","74.6980490%","Yes","","","","","","","","","","","","","","","","",""
"The Fall","Slates","Album: Slates/ Artist: The Fall","1981","70","70","0.16%","74.8537867%","Yes","","","","","","","","","","","","","","","","",""
"The Flying Burrito Brothers","The Gilded Palace of Sin","Album: The Gilded Palace of Sin/ Artist: The Flying Burrito Brothers","1969","70","70","0.16%","75.0095244%","Yes","","","","","","","","","","","","","","","","",""
"Wilco","Wilco (The Album)","Album: Wilco (The Album)/ Artist: Wilco","2009","70","70","0.16%","75.1652621%","Yes","","","","","","","","","","","","","","","","",""
"Lemon Jelly","Lost Horizons","Album: Lost Horizons/ Artist: Lemon Jelly","2002","","100","0.01%","75.1713095%","","","","","","","","","","","","","","","","","",""
"Javiera Mena","Esquemas Juveniles","Album: Esquemas Juveniles/ Artist: Javiera Mena","2006","","100","0.01%","75.1773569%","","","","","","","","","","","","","","","","","",""
"Los Planetas","Unidad de desplazamiento","Album: Unidad de desplazamiento/ Artist: Los Planetas","2000","","100","0.01%","75.1834043%","","","","","","","","","","","","","","","","","",""
"Jaime Sin Tierra","...Lo que va a encandilar es el día","Album: ...Lo que va a encandilar es el día/ Artist: Jaime Sin Tierra","2002","","100","0.01%","75.1894518%","","","","","","","","","","","","","","","","","",""
"Various Artists","The Roots of Chicha: Psychedelic Cumbias From Peru","Album: The Roots of Chicha: Psychedelic Cumbias From Peru/ Artist: Various Artists","2007","","100","0.01%","75.1954992%","","","","","","","","","","","","","","","","","",""
"Jaime Sin Tierra","Autochocador","Album: Autochocador/ Artist: Jaime Sin Tierra","2007","","100","0.01%","75.2015466%","","","","","","","","","","","","","","","","","",""
"Teleradio Donoso","Baila y Llorar","Album: Baila y Llorar/ Artist: Teleradio Donoso","2007","","100","0.01%","75.2075940%","","","","","","","","","","","","","","","","","",""
"Miranda!","El Templo del Pop","Album: El Templo del Pop/ Artist: Miranda!","2007","","100","0.01%","75.2136414%","","","","","","","","","","","","","","","","","",""
"Taller Dejao","El brillo que tiene es lo humano que le queda","Album: El brillo que tiene es lo humano que le queda/ Artist: Taller Dejao","2007","","100","0.01%","75.2196888%","","","","","","","","","","","","","","","","","",""
"Miranda!","Es Menitra","Album: Es Menitra/ Artist: Miranda!","2007","","100","0.01%","75.2257362%","","","","","","","","","","","","","","","","","",""
"Intoxicados","No es Solo Rock N' Roll","Album: No es Solo Rock N' Roll/ Artist: Intoxicados","2007","","100","0.01%","75.2317836%","","","","","","","","","","","","","","","","","",""
"Porter","Atemahawke","Album: Atemahawke/ Artist: Porter","2007","","100","0.01%","75.2378310%","","","","","","","","","","","","","","","","","",""
"Ekkaia","Manos que Estrechan Planes de Muerte y Sometiemiento","Album: Manos que Estrechan Planes de Muerte y Sometiemiento/ Artist: Ekkaia","2007","","100","0.01%","75.2438785%","","","","","","","","","","","","","","","","","",""
"Odisea","Odisea","Album: Odisea/ Artist: Odisea","2007","","100","0.01%","75.2499259%","","","","","","","","","","","","","","","","","",""
"Femi & Malibu","United in Fmales 23-10-2018","Album: United in Fmales 23-10-2018/ Artist: Femi & Malibu","2007","","100","0.01%","75.2559733%","","","","","","","","","","","","","","","","","",""
"Volahn","Aq'ab'al","Album: Aq'ab'al/ Artist: Volahn","2007","","100","0.01%","75.2620207%","","","","","","","","","","","","","","","","","",""
"Tus Amigos nuevos","Triunfo Moral","Album: Triunfo Moral/ Artist: Tus Amigos nuevos","2007","","100","0.01%","75.2680681%","","","","","","","","","","","","","","","","","",""
"Simón Campusano","Brillo","Album: Brillo/ Artist: Simón Campusano","2007","","100","0.01%","75.2741155%","","","","","","","","","","","","","","","","","",""
"Porter","Moctezuma","Album: Moctezuma/ Artist: Porter","2007","","100","0.01%","75.2801629%","","","","","","","","","","","","","","","","","",""
"Enjambre","Daltónico","Album: Daltónico/ Artist: Enjambre","2007","","100","0.01%","75.2862103%","","","","","","","","","","","","","","","","","",""
"Diego Lorenzini","De Algo hay que morir","Album: De Algo hay que morir/ Artist: Diego Lorenzini","2007","","100","0.01%","75.2922578%","","","","","","","","","","","","","","","","","",""
"Camila Moreno","Mala Madre","Album: Mala Madre/ Artist: Camila Moreno","2007","","100","0.01%","75.2983052%","","","","","","","","","","","","","","","","","",""
"Alex Anwandter","Rebeldes","Album: Rebeldes/ Artist: Alex Anwandter","2007","","100","0.01%","75.3043526%","","","","","","","","","","","","","","","","","",""
"Javiera Mena","Mena","Album: Mena/ Artist: Javiera Mena","2007","","100","0.01%","75.3104000%","","","","","","","","","","","","","","","","","",""
"Rubio","Pez","Album: Pez/ Artist: Rubio","2007","","100","0.01%","75.3164474%","","","","","","","","","","","","","","","","","",""
"Demoniac","So It Goes","Album: So It Goes/ Artist: Demoniac","2020","","100","0.01%","75.3224948%","","","","","","","","","","","","","","","","","",""
"DJ E","Chuquimamani-Condori","Album: Chuquimamani-Condori/ Artist: DJ E","2023","","100","0.01%","75.3285422%","","","","","","","","","","","","","","","","","",""
"César y su Jardín","Corre y Suelta a los Perros","Album: Corre y Suelta a los Perros/ Artist: César y su Jardín","2025","","100","0.01%","75.3345896%","","","","","","","","","","","","","","","","","",""
"Milo J","La Vida era Más Corta","Album: La Vida era Más Corta/ Artist: Milo J","2025","","100","0.01%","75.3406370%","","","","","","","","","","","","","","","","","",""
"Candelabro","Deseo, carne y Voluntad","Album: Deseo, carne y Voluntad/ Artist: Candelabro","2025","","100","0.01%","75.3466845%","","","","","","","","","","","","","","","","","",""
"Candelabro","Ahora o Nunca","Album: Ahora o Nunca/ Artist: Candelabro","2025","","100","0.01%","75.3527319%","","","","","","","","","","","","","","","","","",""
"Enola Gay","Asia Menor","Album: Asia Menor/ Artist: Enola Gay","2025","","100","0.01%","75.3587793%","","","","","","","","","","","","","","","","","",""
"Carne","Todos Mis Amigos Estan Tristes","Album: Todos Mis Amigos Estan Tristes/ Artist: Carne","2025","","100","0.01%","75.3648267%","","","","","","","","","","","","","","","","","",""
"Dillóm","Por Cesarea","Album: Por Cesarea/ Artist: Dillóm","2025","","100","0.01%","75.3708741%","","","","","","","","","","","","","","","","","",""
"Estoy Bien","Apoyo Emocional","Album: Apoyo Emocional/ Artist: Estoy Bien","2025","","100","0.01%","75.3769215%","","","","","","","","","","","","","","","","","",""
"Solo Postres","Ramper","Album: Ramper/ Artist: Solo Postres","2025","","100","0.01%","75.3829689%","","","","","","","","","","","","","","","","","",""
"AKRILLA","epistolares","Album: epistolares/ Artist: AKRILLA","2024","","100","0.01%","75.3890163%","","","","","","","","","","","","","","","","","",""
"Demoniac","Nube Negra","Album: Nube Negra/ Artist: Demoniac","2023","","100","0.01%","75.3950638%","","","","","","","","","","","","","","","","","",""
"Weed420","Amor de Enclava","Album: Amor de Enclava/ Artist: Weed420","2023","","100","0.01%","75.4011112%","","","","","","","","","","","","","","","","","",""
"2814","新しい日の誕生","Album: 新しい日の誕生/ Artist: 2814","2015","","100","0.01%","75.4071586%","Yes","","","","","","","","","","","","","","","","",""
"3776","歳時記 (Saijiki)","Album: 歳時記 (Saijiki)/ Artist: 3776","2019","","100","0.01%","75.4132060%","Yes","","","","","","","","","","","","","","","","",""
" lovesliescrushing","Bloweyelashwish","Album: Bloweyelashwish/ Artist:  lovesliescrushing","1994","","100","0.01%","75.4192534%","Yes","","","","","","","","","","","","","","","","",""
" 矢野顕子 [Akiko Yano] ","Tadaima","Album: Tadaima/ Artist:  矢野顕子 [Akiko Yano] ","1983","","100","0.01%","75.4253008%","Yes","","","","","","","","","","","","","","","","",""
"…And You Will Know Us by the Trail of Dead","Source Tags & Codes","Album: Source Tags & Codes/ Artist: …And You Will Know Us by the Trail of Dead","2002","","100","0.01%","75.4313482%","Yes","","","","","","","","","","","","","","","","",""
"$ilkmoney","I Don't Give A Fuck About This Rap Shit, Imma Just Drop Until I Don't Feel Like It Anymore","Album: I Don't Give A Fuck About This Rap Shit, Imma Just Drop Until I Don't Feel Like It Anymore/ Artist: $ilkmoney","2022","","100","0.01%","75.4373956%","Yes","","","","","","","","","","","","","","","","",""
"100 gecs","10,000 gecs","Album: 10,000 gecs/ Artist: 100 gecs","2023","","100","0.01%","75.4434430%","Yes","","","","","","","","","","","","","","","","",""
"2 Many DJ's","Despacio","Album: Despacio/ Artist: 2 Many DJ's","2013","","100","0.01%","75.4494905%","Yes","","","","","","","","","","","","","","","","",""
"Joe Jackson","Night And Day","Album: Night And Day/ Artist: Joe Jackson","1988","","100","0.01%","75.4555379%","","","","","","","","","","","","","","","","","",""
"2 Many DJ's","2X2 (3)","Album: 2X2 (3)/ Artist: 2 Many DJ's","2023","","100","0.01%","75.4615853%","","","","","","","","","","","","","","","","","",""
"2 Many DJ's","2X2 (2)","Album: 2X2 (2)/ Artist: 2 Many DJ's","2023","","100","0.01%","75.4676327%","","","","","","","","","","","","","","","","","",""
"2 Many DJ's","2X2 (1)","Album: 2X2 (1)/ Artist: 2 Many DJ's","2023","","100","0.01%","75.4736801%","","","","","","","","","","","","","","","","","",""
"2 Many DJ's","BENELUX","Album: BENELUX/ Artist: 2 Many DJ's","2022","","100","0.01%","75.4797275%","","","","","","","","","","","","","","","","","",""
"2 Many DJ's","As Produced By Soulwax 2020-2022","Album: As Produced By Soulwax 2020-2022/ Artist: 2 Many DJ's","2022","","100","0.01%","75.4857749%","","","","","","","","","","","","","","","","","",""
"2 Many DJ's","A Tribute to Keith Forsey","Album: A Tribute to Keith Forsey/ Artist: 2 Many DJ's","2016","","100","0.01%","75.4918223%","","","","","","","","","","","","","","","","","",""
"2 Many DJ's","A Tribute To Compass Point","Album: A Tribute To Compass Point/ Artist: 2 Many DJ's","2016","","100","0.01%","75.4978698%","","","","","","","","","","","","","","","","","",""
"2 Many DJ's","Hardcore Or Die","Album: Hardcore Or Die/ Artist: 2 Many DJ's","2015","","100","0.01%","75.5039172%","","","","","","","","","","","","","","","","","",""
"2 Many DJ's","Blue","Album: Blue/ Artist: 2 Many DJ's","2011","","100","0.01%","75.5099646%","","","","","","","","","","","","","","","","","",""
"2 Many DJ's","Celestial Voyage Pt. 1","Album: Celestial Voyage Pt. 1/ Artist: 2 Many DJ's","2011","","100","0.01%","75.5160120%","","","","","","","","","","","","","","","","","",""
"2 Many DJ's","The Vortex","Album: The Vortex/ Artist: 2 Many DJ's","2011","","100","0.01%","75.5220594%","","","","","","","","","","","","","","","","","",""
"2 Many DJ's","Librarian Girl","Album: Librarian Girl/ Artist: 2 Many DJ's","2011","","100","0.01%","75.5281068%","","","","","","","","","","","","","","","","","",""
"2 Many DJ's","Celestial Voyage Pt. 2","Album: Celestial Voyage Pt. 2/ Artist: 2 Many DJ's","2011","","100","0.01%","75.5341542%","","","","","","","","","","","","","","","","","",""
"2 Many DJ's","Jack In the Box","Album: Jack In the Box/ Artist: 2 Many DJ's","2011","","100","0.01%","75.5402016%","","","","","","","","","","","","","","","","","",""
"2 Many DJ's","D&SCO","Album: D&SCO/ Artist: 2 Many DJ's","2007","","100","0.01%","75.5462490%","","","","","","","","","","","","","","","","","",""
"Pulcinella & La Perla","Tatekieto","Album: Tatekieto/ Artist: Pulcinella & La Perla","2025","","100","0.01%","75.5522965%","","","","","","","","","","","","","","","","","",""
"2 Many DJ's","2ManyDJs Live at Kompass","Album: 2ManyDJs Live at Kompass/ Artist: 2 Many DJ's","2022","","100","0.01%","75.5583439%","","","","","","","","","","","","","","","","","",""
"2 Many DJ's","2ManyDJs Live at Primavera","Album: 2ManyDJs Live at Primavera/ Artist: 2 Many DJ's","2022","","100","0.01%","75.5643913%","","","","","","","","","","","","","","","","","",""
"Titanic","Hagen","Album: Hagen/ Artist: Titanic","2025","","100","0.01%","75.5704387%","","","","","","","","","","","","","","","","","",""
"2 Many DJ's","Under The Covers 2","Album: Under The Covers 2/ Artist: 2 Many DJ's","2012","","100","0.01%","75.5764861%","Yes","","","","","","","","","","","","","","","","",""
"2 Many DJ's","Under The Covers 3","Album: Under The Covers 3/ Artist: 2 Many DJ's","2012","","100","0.01%","75.5825335%","Yes","","","","","","","","","","","","","","","","",""
"2 Many DJ's","As Heard On Radio Soulwax Pt. 2","Album: As Heard On Radio Soulwax Pt. 2/ Artist: 2 Many DJ's","2002","","100","0.01%","75.5885809%","Yes","","","","","","","","","","","","","","","","",""
"2Pac","All Eyez on Me","Album: All Eyez on Me/ Artist: 2Pac","1996","","100","0.01%","75.5946283%","Yes","","","","","","","","","","","","","","","","",""
"2Pac","Me Against the World","Album: Me Against the World/ Artist: 2Pac","1995","","100","0.01%","75.6006757%","Yes","","","","","","","","","","","","","","","","",""
"65daysofstatic","Wild Light","Album: Wild Light/ Artist: 65daysofstatic","2013","","100","0.01%","75.6067232%","Yes","","","","","","","","","","","","","","","","",""
"808 State","Ninety","Album: Ninety/ Artist: 808 State","1989","","100","0.01%","75.6127706%","Yes","","","","","","","","","","","","","","","","",""
"A Place To Bury Strangers","Exploding Head","Album: Exploding Head/ Artist: A Place To Bury Strangers","2009","","100","0.01%","75.6188180%","Yes","","","","","","","","","","","","","","","","",""
"Sochi","Sochimix","Album: Sochimix/ Artist: Sochi","2025","","100","0.01%","75.6248654%","Yes","","","","","","","","","","","","","","","","",""
"A Tribe Called Quest","We Got it From Here… Thank You 4 your Services","Album: We Got it From Here… Thank You 4 your Services/ Artist: A Tribe Called Quest","2016","","100","0.01%","75.6309128%","Yes","","","","","","","","","","","","","","","","",""
"A Tribe Called Quest","The Anthology","Album: The Anthology/ Artist: A Tribe Called Quest","1999","","100","0.01%","75.6369602%","Yes","","","","","","","","","","","","","","","","",""
"A Tribe Called Quest","Midnight Marauders","Album: Midnight Marauders/ Artist: A Tribe Called Quest","1990","","100","0.01%","75.6430076%","Yes","","","","","","","","","","","","","","","","",""
"A Tribe Called Quest","People's Instinctive Travels and the Paths of Rythm","Album: People's Instinctive Travels and the Paths of Rythm/ Artist: A Tribe Called Quest","1990","","100","0.01%","75.6490550%","Yes","","","","","","","","","","","","","","","","",""
"A Tribe Called Quest","The Low End Theory","Album: The Low End Theory/ Artist: A Tribe Called Quest","1990","","100","0.01%","75.6551025%","Yes","","","","","","","","","","","","","","","","",""
"A Winged Victory for the Sullen","A Winged Victory for the Sullen","Album: A Winged Victory for the Sullen/ Artist: A Winged Victory for the Sullen","2011","","100","0.01%","75.6611499%","Yes","","","","","","","","","","","","","","","","",""
"Aaliyah","One in a Million","Album: One in a Million/ Artist: Aaliyah","2001","","100","0.01%","75.6671973%","Yes","","","","","","","","","","","","","","","","",""
"Aaliyah","Aaliyah","Album: Aaliyah/ Artist: Aaliyah","1999","","100","0.01%","75.6732447%","Yes","","","","","","","","","","","","","","","","",""
"Ab-Soul","Control System","Album: Control System/ Artist: Ab-Soul","2012","","100","0.01%","75.6792921%","Yes","","","","","","","","","","","","","","","","",""
"ABBA","Gold: Greatest Hits CD1","Album: Gold: Greatest Hits CD1/ Artist: ABBA","1992","","100","0.01%","75.6853395%","Yes","","","","","","","","","","","","","","","","",""
"ABBA","Gold: Greatest Hits CD2","Album: Gold: Greatest Hits CD2/ Artist: ABBA","1992","","100","0.01%","75.6913869%","Yes","","","","","","","","","","","","","","","","",""
"ABBA","Voules-Vouz","Album: Voules-Vouz/ Artist: ABBA","1979","","100","0.01%","75.6974343%","Yes","","","","","","","","","","","","","","","","",""
"ABC","The Lexicon of Love","Album: The Lexicon of Love/ Artist: ABC","1982","","100","0.01%","75.7034817%","Yes","","","","","","","","","","","","","","","","",""
"AC/DC","Back To Black (AC/DC)","Album: Back To Black (AC/DC)/ Artist: AC/DC","1980","","100","0.01%","75.7095292%","Yes","","","","","","","","","","","","","","","","",""
"AC/DC","Highway to Hell","Album: Highway to Hell/ Artist: AC/DC","1979","","100","0.01%","75.7155766%","Yes","","","","","","","","","","","","","","","","",""
"Acid Bath","Paegan Terrorism Tactics","Album: Paegan Terrorism Tactics/ Artist: Acid Bath","1996","","100","0.01%","75.7216240%","Yes","","","","","","","","","","","","","","","","",""
"Acid Bath","When The Kite Strings Pop","Album: When The Kite Strings Pop/ Artist: Acid Bath","1994","","100","0.01%","75.7276714%","Yes","","","","","","","","","","","","","","","","",""
"Actress","Splazsh","Album: Splazsh/ Artist: Actress","2010","","100","0.01%","75.7337188%","Yes","","","","","","","","","","","","","","","","",""
"Ad Nauseam","Imperative Imperceptible Impulse","Album: Imperative Imperceptible Impulse/ Artist: Ad Nauseam","2021","","100","0.01%","75.7397662%","No","","","","","","","","","","","","","","","","",""
"Adeem the Artist","White Trash Revelry","Album: White Trash Revelry/ Artist: Adeem the Artist","2022","","100","0.01%","75.7458136%","Yes","","","","","","","","","","","","","","","","",""
"Adrianne Lenker","i won’t let go of your hand","Album: i won’t let go of your hand/ Artist: Adrianne Lenker","2024","","100","0.01%","75.7518610%","No","","","","","","","","","","","","","","","","",""
"Adrianne Lenker","Bright Future","Album: Bright Future/ Artist: Adrianne Lenker","2024","","100","0.01%","75.7579085%","Yes","","","","","","","","","","","","","","","","",""
"Adrianne Lenker","instrumentals","Album: instrumentals/ Artist: Adrianne Lenker","2020","","100","0.01%","75.7639559%","Yes","","","","","","","","","","","","","","","","",""
"Adrianne Lenker","songs","Album: songs/ Artist: Adrianne Lenker","2020","","100","0.01%","75.7700033%","Yes","","","","","","","","","","","","","","","","",""
"Aerosmith","Rocks","Album: Rocks/ Artist: Aerosmith","1976","","100","0.01%","75.7760507%","Yes","","","","","","","","","","","","","","","","",""
"Aerosmith","Toys In The Attic","Album: Toys In The Attic/ Artist: Aerosmith","1975","","100","0.01%","75.7820981%","Yes","","","","","","","","","","","","","","","","",""
"Aesop Rock","Integrated Tech Solutions","Album: Integrated Tech Solutions/ Artist: Aesop Rock","2023","","100","0.01%","75.7881455%","Yes","","","","","","","","","","","","","","","","",""
"Aesop Rock","The Impossible Kid","Album: The Impossible Kid/ Artist: Aesop Rock","2016","","100","0.01%","75.7941929%","Yes","","","","","","","","","","","","","","","","",""
"Aesop Rock","None Shall Pass","Album: None Shall Pass/ Artist: Aesop Rock","2007","","100","0.01%","75.8002403%","Yes","","","","","","","","","","","","","","","","",""
"Aesop Rock","Labor Days","Album: Labor Days/ Artist: Aesop Rock","2001","","100","0.01%","75.8062877%","Yes","","","","","","","","","","","","","","","","",""
"AFI","Sing the Sorrow","Album: Sing the Sorrow/ Artist: AFI","2003","","100","0.01%","75.8123352%","Yes","","","","","","","","","","","","","","","","",""
"Africa Hitech","93 Million Miles","Album: 93 Million Miles/ Artist: Africa Hitech","2011","","100","0.01%","75.8183826%","Yes","","","","","","","","","","","","","","","","",""
"Afrika Bambaataa # The Soul Sonic Force","Planet Rock: The Album","Album: Planet Rock: The Album/ Artist: Afrika Bambaataa # The Soul Sonic Force","1986","","100","0.01%","75.8244300%","Yes","","","","","","","","","","","","","","","","",""
"AFX","Orphaned Deejay Selek","Album: Orphaned Deejay Selek/ Artist: AFX","2015","","100","0.01%","75.8304774%","Yes","","","","","","","","","","","","","","","","",""
"Against All Logic","2017-2019","Album: 2017-2019/ Artist: Against All Logic","2020","","100","0.01%","75.8365248%","Yes","","","","","","","","","","","","","","","","",""
"Against All Logic","2012-2017","Album: 2012-2017/ Artist: Against All Logic","2018","","100","0.01%","75.8425722%","Yes","","","","","","","","","","","","","","","","",""
"AGAINST ME!","Transgender Dysphoria Blues","Album: Transgender Dysphoria Blues/ Artist: AGAINST ME!","2014","","100","0.01%","75.8486196%","Yes","","","","","","","","","","","","","","","","",""
"Against Me!","Is Reinventing Axl Rose","Album: Is Reinventing Axl Rose/ Artist: Against Me!","2002","","100","0.01%","75.8546670%","Yes","","","","","","","","","","","","","","","","",""
"Agalloch","Faustian Echoes EP","Album: Faustian Echoes EP/ Artist: Agalloch","2012","","100","0.01%","75.8607145%","Yes","","","","","","","","","","","","","","","","",""
"Agalloch","Marrow of the Spirit","Album: Marrow of the Spirit/ Artist: Agalloch","2010","","100","0.01%","75.8667619%","Yes","","","","","","","","","","","","","","","","",""
"Agalloch","The White EP","Album: The White EP/ Artist: Agalloch","2008","","100","0.01%","75.8728093%","Yes","","","","","","","","","","","","","","","","",""
"Agent Orange","Living in Darkness","Album: Living in Darkness/ Artist: Agent Orange","1981","","100","0.01%","75.8788567%","Yes","","","","","","","","","","","","","","","","",""
"Air","Late Night Tales (Air)","Album: Late Night Tales (Air)/ Artist: Air","2006","","100","0.01%","75.8849041%","Yes","","","","","","","","","","","","","","","","",""
"Air","Talkie Walkie","Album: Talkie Walkie/ Artist: Air","2004","","100","0.01%","75.8909515%","Yes","","","","","","","","","","","","","","","","",""
"Air","The Virgin Suicides","Album: The Virgin Suicides/ Artist: Air","2000","","100","0.01%","75.8969989%","Yes","","","","","","","","","","","","","","","","",""
"Air","Moon Safari","Album: Moon Safari/ Artist: Air","1998","","100","0.01%","75.9030463%","Yes","","","","","","","","","","","","","","","","",""
"AJJ","Knife man","Album: Knife man/ Artist: AJJ","2011","","100","0.01%","75.9090937%","Yes","","","","","","","","","","","","","","","","",""
"Ajj","People That Can Eat People Are The Luckiest People in the World","Album: People That Can Eat People Are The Luckiest People in the World/ Artist: Ajj","2007","","100","0.01%","75.9151412%","Yes","","","","","","","","","","","","","","","","",""
"Akira Yamaoka","Silent Hill 2","Album: Silent Hill 2/ Artist: Akira Yamaoka","2001","","100","0.01%","75.9211886%","Yes","","","","","","","","","","","","","","","","",""
"Al Green","Call Me","Album: Call Me/ Artist: Al Green","1973","","100","0.01%","75.9272360%","Yes","","","","","","","","","","","","","","","","",""
"Al Green","I'm Still in Love with You","Album: I'm Still in Love with You/ Artist: Al Green","1972","","100","0.01%","75.9332834%","Yes","","","","","","","","","","","","","","","","",""
"Al Green","Let's Stay Together","Album: Let's Stay Together/ Artist: Al Green","1972","","100","0.01%","75.9393308%","Yes","","","","","","","","","","","","","","","","",""
"Al Green ","Greatest Hits (Al Green)","Album: Greatest Hits (Al Green)/ Artist: Al Green ","1995","","100","0.01%","75.9453782%","Yes","","","","","","","","","","","","","","","","",""
"Alabama Shakes","Sound & Color","Album: Sound & Color/ Artist: Alabama Shakes","2015","","100","0.01%","75.9514256%","Yes","","","","","","","","","","","","","","","","",""
"Alabama Shakes","Boys & Girls","Album: Boys & Girls/ Artist: Alabama Shakes","2012","","100","0.01%","75.9574730%","Yes","","","","","","","","","","","","","","","","",""
"Alain Goraguer","La Planète Sauvage","Album: La Planète Sauvage/ Artist: Alain Goraguer","1973","","100","0.01%","75.9635205%","Yes","","","","","","","","","","","","","","","","",""
"Alan Vega","It","Album: It/ Artist: Alan Vega","2017","","100","0.01%","75.9695679%","Yes","","","","","","","","","","","","","","","","",""
"Alanis Morissette","Supposed Former Infactuation","Album: Supposed Former Infactuation/ Artist: Alanis Morissette","1998","","100","0.01%","75.9756153%","Yes","","","","","","","","","","","","","","","","",""
"Air France","No Way Down","Album: No Way Down/ Artist: Air France","2008","","100","0.01%","75.9816627%","","","","","","","","","","","","","","","","","",""
"Alanis Morissette","Jagged Little Pill","Album: Jagged Little Pill/ Artist: Alanis Morissette","1995","","100","0.01%","75.9877101%","Yes","","","","","","","","","","","","","","","","",""
"Alcest","Kodama","Album: Kodama/ Artist: Alcest","2016","","100","0.01%","75.9937575%","Yes","","","","","","","","","","","","","","","","",""
"Alcest","Souvenirs d'un autre monde","Album: Souvenirs d'un autre monde/ Artist: Alcest","2007","","100","0.01%","75.9998049%","Yes","","","","","","","","","","","","","","","","",""
"Alcest","Écailles de Lune","Album: Écailles de Lune/ Artist: Alcest","2010","","100","0.01%","76.0058523%","Yes","","","","","","","","","","","","","","","","",""
"Aldous Harding","Warm Chris","Album: Warm Chris/ Artist: Aldous Harding","2022","","100","0.01%","76.0118997%","Yes","","","","","","","","","","","","","","","","",""
"Aldous Harding","Designer","Album: Designer/ Artist: Aldous Harding","2019","","100","0.01%","76.0179472%","Yes","","","","","","","","","","","","","","","","",""
"Alex Anwandter","Latinoamericana","Album: Latinoamericana/ Artist: Alex Anwandter","2018","","100","0.01%","76.0239946%","Yes","","","","","","","","","","","","","","","","",""
"Alex Cameron","Miami Memory","Album: Miami Memory/ Artist: Alex Cameron","2019","","100","0.01%","76.0300420%","Yes","","","","","","","","","","","","","","","","",""
"Alex Cameron","Forced Witness","Album: Forced Witness/ Artist: Alex Cameron","2017","","100","0.01%","76.0360894%","Yes","","","","","","","","","","","","","","","","",""
"Alex G","God Save The Animals","Album: God Save The Animals/ Artist: Alex G","2022","","100","0.01%","76.0421368%","Yes","","","","","","","","","","","","","","","","",""
"Alex G","Race","Album: Race/ Artist: Alex G","2010","","100","0.01%","76.0481842%","Yes","","","","","","","","","","","","","","","","",""
"Alex Turner","Submarine","Album: Submarine/ Artist: Alex Turner","2011","","100","0.01%","76.0542316%","Yes","","","","","","","","","","","","","","","","",""
"Algiers","The Underside of Power","Album: The Underside of Power/ Artist: Algiers","2017","","100","0.01%","76.0602790%","Yes","","","","","","","","","","","","","","","","",""
"Ali Farka Toure","Savana","Album: Savana/ Artist: Ali Farka Toure","2006","","100","0.01%","76.0663265%","Yes","","","","","","","","","","","","","","","","",""
"Alice Coltrane","Journey in Satchidananda","Album: Journey in Satchidananda/ Artist: Alice Coltrane","1971","","100","0.01%","76.0723739%","Yes","","","","","","","","","","","","","","","","",""
"Alice in Chains","Alice in Chains","Album: Alice in Chains/ Artist: Alice in Chains","1999","","100","0.01%","76.0784213%","Yes","","","","","","","","","","","","","","","","",""
"Alice in Chains","Unplugged","Album: Unplugged/ Artist: Alice in Chains","1996","","100","0.01%","76.0844687%","Yes","","","","","","","","","","","","","","","","",""
"Alice in Chains","Jar Of Files","Album: Jar Of Files/ Artist: Alice in Chains","1994","","100","0.01%","76.0905161%","Yes","","","","","","","","","","","","","","","","",""
"Alice in Chains","Dirt","Album: Dirt/ Artist: Alice in Chains","1992","","100","0.01%","76.0965635%","Yes","","","","","","","","","","","","","","","","",""
"Alice in Chains","Facelift","Album: Facelift/ Artist: Alice in Chains","1990","","100","0.01%","76.1026109%","Yes","","","","","","","","","","","","","","","","",""
"Allie X","Girl With No Face","Album: Girl With No Face/ Artist: Allie X","2024","","100","0.01%","76.1086583%","Yes","","","","","","","","","","","","","","","","",""
"Almendra","Almendra","Album: Almendra/ Artist: Almendra","1969","","100","0.01%","76.1147057%","Yes","","","","","","","","","","","","","","","","",""
"Alt-J","An Awesome Wave","Album: An Awesome Wave/ Artist: Alt-J","2012","","100","0.01%","76.1207532%","Yes","","","","","","","","","","","","","","","","",""
"Altar Plagues","Teethed Glory and Injury","Album: Teethed Glory and Injury/ Artist: Altar Plagues","2013","","100","0.01%","76.1268006%","Yes","","","","","","","","","","","","","","","","",""
"Alvvays","Blue Rev","Album: Blue Rev/ Artist: Alvvays","2022","","100","0.01%","76.1328480%","Yes","","","","","","","","","","","","","","","","",""
"Alvvays","Alvvays","Album: Alvvays/ Artist: Alvvays","2018","","100","0.01%","76.1388954%","Yes","","","","","","","","","","","","","","","","",""
"Alvvays","Antisocialites","Album: Antisocialites/ Artist: Alvvays","2017","","100","0.01%","76.1449428%","Yes","","","","","","","","","","","","","","","","",""
"AM","Flowervillain II","Album: Flowervillain II/ Artist: AM","2020","","100","0.01%","76.1509902%","No","","","","","","","","","","","","","","","","",""
"Amaarae","Fountain Baby","Album: Fountain Baby/ Artist: Amaarae","2023","","100","0.01%","76.1570376%","Yes","","","","","","","","","","","","","","","","",""
"Amber Mark","Three Dimensions Deep","Album: Three Dimensions Deep/ Artist: Amber Mark","2022","","100","0.01%","76.1630850%","Yes","","","","","","","","","","","","","","","","",""
"American Football","American Football","Album: American Football/ Artist: American Football","1999","","100","0.01%","76.1691325%","Yes","","","","","","","","","","","","","","","","",""
"Amon Düül II","Yeti","Album: Yeti/ Artist: Amon Düül II","1970","","100","0.01%","76.1751799%","Yes","","","","","","","","","","","","","","","","",""
"Amon Düül II","Phallus Dei","Album: Phallus Dei/ Artist: Amon Düül II","1969","","100","0.01%","76.1812273%","Yes","","","","","","","","","","","","","","","","",""
"Amon Tobin","Supermodified","Album: Supermodified/ Artist: Amon Tobin","2003","","100","0.01%","76.1872747%","Yes","","","","","","","","","","","","","","","","",""
"Amon Tobin","Permutation","Album: Permutation/ Artist: Amon Tobin","1998","","100","0.01%","76.1933221%","Yes","","","","","","","","","","","","","","","","",""
"Amon Tobin","Bricolage","Album: Bricolage/ Artist: Amon Tobin","1997","","100","0.01%","76.1993695%","Yes","","","","","","","","","","","","","","","","",""
"Amy Winehouse","Back To Black (Amy Winehouse)","Album: Back To Black (Amy Winehouse)/ Artist: Amy Winehouse","2006","","100","0.01%","76.2054169%","Yes","","","","","","","","","","","","","","","","",""
"Amy Winehouse","Frank","Album: Frank/ Artist: Amy Winehouse","2003","","100","0.01%","76.2114643%","Yes","","","","","","","","","","","","","","","","",""
"AmyReal & Clumsy Duckling","The Adventures of Pad Chennington and the Androgynous Swagchild","Album: The Adventures of Pad Chennington and the Androgynous Swagchild/ Artist: AmyReal & Clumsy Duckling","2023","","100","0.01%","76.2175117%","No","","","","","","","","","","","","","","","","",""
"Ana Frango Eléctrico","Me Chama De Gato Que Eu Sou Soa","Album: Me Chama De Gato Que Eu Sou Soa/ Artist: Ana Frango Eléctrico","2023","","100","0.01%","76.2235592%","Yes","","","","","","","","","","","","","","","","",""
"Ana Frango Eléctrico","Little Electric Chicken Heart","Album: Little Electric Chicken Heart/ Artist: Ana Frango Eléctrico","2019","","100","0.01%","76.2296066%","Yes","","","","","","","","","","","","","","","","",""
"Anathema","Distant Satellites","Album: Distant Satellites/ Artist: Anathema","2014","","100","0.01%","76.2356540%","Yes","","","","","","","","","","","","","","","","",""
"Anathema","Weather Systems","Album: Weather Systems/ Artist: Anathema","2012","","100","0.01%","76.2417014%","Yes","","","","","","","","","","","","","","","","",""
"Anathema","Judgement","Album: Judgement/ Artist: Anathema","1999","","100","0.01%","76.2477488%","Yes","","","","","","","","","","","","","","","","",""
"Anathema","Alternative 4","Album: Alternative 4/ Artist: Anathema","1998","","100","0.01%","76.2537962%","Yes","","","","","","","","","","","","","","","","",""
"And So I Watch You From Afar","All Hail Bright Futures","Album: All Hail Bright Futures/ Artist: And So I Watch You From Afar","2013","","100","0.01%","76.2598436%","Yes","","","","","","","","","","","","","","","","",""
"Anderson .Paak","Oxnard","Album: Oxnard/ Artist: Anderson .Paak","2018","","100","0.01%","76.2658910%","Yes","","","","","","","","","","","","","","","","",""
"Anderson .Paak","Malibu","Album: Malibu/ Artist: Anderson .Paak","2016","","100","0.01%","76.2719384%","Yes","","","","","","","","","","","","","","","","",""
"Andrew Bird","Break It Yourself","Album: Break It Yourself/ Artist: Andrew Bird","2012","","100","0.01%","76.2779859%","Yes","","","","","","","","","","","","","","","","",""
"Andrew Bird","Armchair Apocrypha","Album: Armchair Apocrypha/ Artist: Andrew Bird","2007","","100","0.01%","76.2840333%","Yes","","","","","","","","","","","","","","","","",""
"Andrew Bird","The Mysterious Production of Eggs","Album: The Mysterious Production of Eggs/ Artist: Andrew Bird","2005","","100","0.01%","76.2900807%","Yes","","","","","","","","","","","","","","","","",""
"Andrew Hill","Point of Departure","Album: Point of Departure/ Artist: Andrew Hill","1965","","100","0.01%","76.2961281%","Yes","","","","","","","","","","","","","","","","",""
"Andrew Jackson Jihad","Can't Maintain","Album: Can't Maintain/ Artist: Andrew Jackson Jihad","2009","","100","0.01%","76.3021755%","Yes","","","","","","","","","","","","","","","","",""
"Andy Stott","Never the Right Time","Album: Never the Right Time/ Artist: Andy Stott","2021","","100","0.01%","76.3082229%","Yes","","","","","","","","","","","","","","","","",""
"Andy Stott","It Should Be Us","Album: It Should Be Us/ Artist: Andy Stott","2019","","100","0.01%","76.3142703%","Yes","","","","","","","","","","","","","","","","",""
"Andy Stott","Luxury problems","Album: Luxury problems/ Artist: Andy Stott","2012","","100","0.01%","76.3203177%","Yes","","","","","","","","","","","","","","","","",""
"Andy Stott","Passed Me By / We Stay Together","Album: Passed Me By / We Stay Together/ Artist: Andy Stott","2011","","100","0.01%","76.3263652%","Yes","","","","","","","","","","","","","","","","",""
"Angel Olsen","Forever Means","Album: Forever Means/ Artist: Angel Olsen","2023","","100","0.01%","76.3324126%","Yes","","","","","","","","","","","","","","","","",""
"Angel Olsen","Big Time","Album: Big Time/ Artist: Angel Olsen","2022","","100","0.01%","76.3384600%","Yes","","","","","","","","","","","","","","","","",""
"Angel Olsen","All Mirrors","Album: All Mirrors/ Artist: Angel Olsen","2019","","100","0.01%","76.3445074%","Yes","","","","","","","","","","","","","","","","",""
"Angel Olsen","My Woman","Album: My Woman/ Artist: Angel Olsen","2016","","100","0.01%","76.3505548%","Yes","","","","","","","","","","","","","","","","",""
"Angel Olsen","Burn Your Fire for No Witness","Album: Burn Your Fire for No Witness/ Artist: Angel Olsen","2014","","100","0.01%","76.3566022%","Yes","","","","","","","","","","","","","","","","",""
"Angelo Badalamenti","Twin Peaks: Fire Walk with Me","Album: Twin Peaks: Fire Walk with Me/ Artist: Angelo Badalamenti","1992","","100","0.01%","76.3626496%","Yes","","","","","","","","","","","","","","","","",""
"Angelo Badalamenti","Soundtrack from Twin Peaks","Album: Soundtrack from Twin Peaks/ Artist: Angelo Badalamenti","1990","","100","0.01%","76.3686970%","Yes","","","","","","","","","","","","","","","","",""
"Angelo Badalamenti & David Lynch","Mulholland Dr.","Album: Mulholland Dr./ Artist: Angelo Badalamenti & David Lynch","2001","","100","0.01%","76.3747444%","No","","","","","","","","","","","","","","","","",""
"Angels of Light","How I Loved You","Album: How I Loved You/ Artist: Angels of Light","2001","","100","0.01%","76.3807919%","Yes","","","","","","","","","","","","","","","","",""
"Änglagård","Hybris","Album: Hybris/ Artist: Änglagård","1992","","100","0.01%","76.3868393%","No","","","","","","","","","","","","","","","","",""
"Animal Collective","Time Skiffs","Album: Time Skiffs/ Artist: Animal Collective","2022","","100","0.01%","76.3928867%","Yes","","","","","","","","","","","","","","","","",""
"Animal Collective","Bridge to Quiet","Album: Bridge to Quiet/ Artist: Animal Collective","2020","","100","0.01%","76.3989341%","Yes","","","","","","","","","","","","","","","","",""
"Animal Collective","Fall Be Kind","Album: Fall Be Kind/ Artist: Animal Collective","2009","","100","0.01%","76.4049815%","Yes","","","","","","","","","","","","","","","","",""
"Animal Collective","Merriweather Post Pavilion","Album: Merriweather Post Pavilion/ Artist: Animal Collective","2009","","100","0.01%","76.4110289%","Yes","","","","","","","","","","","","","","","","",""
"Camera Obscura"," Let’s Get Out of This Country","Album:  Let’s Get Out of This Country/ Artist: Camera Obscura","2006","","100","0.01%","76.4170763%","","","","","","","","","","","","","","","","","",""
"Animal Collective","Strawberry Jam","Album: Strawberry Jam/ Artist: Animal Collective","2007","","100","0.01%","76.4231237%","Yes","","","","","","","","","","","","","","","","",""
"Animal Collective","Feels","Album: Feels/ Artist: Animal Collective","2005","","100","0.01%","76.4291712%","Yes","","","","","","","","","","","","","","","","",""
"Animal Collective","Sung Tongs","Album: Sung Tongs/ Artist: Animal Collective","2004","","100","0.01%","76.4352186%","Yes","","","","","","","","","","","","","","","","",""
"Animal Collective","Spirit They're Gone, Spirit They're Vanished","Album: Spirit They're Gone, Spirit They're Vanished/ Artist: Animal Collective","2000","","100","0.01%","76.4412660%","Yes","","","","","","","","","","","","","","","","",""
"Anna von Hausswolff","Dead Magic","Album: Dead Magic/ Artist: Anna von Hausswolff","2018","","100","0.01%","76.4473134%","Yes","","","","","","","","","","","","","","","","",""
"Annahstasia","Tether","Album: Tether/ Artist: Annahstasia","2025","","100","0.01%","76.4533608%","","","","","","","","","","","","","","","","","",""
"Annie","Anniemal","Album: Anniemal/ Artist: Annie","2004","","100","0.01%","76.4594082%","Yes","","","","","","","","","","","","","","","","",""
"Anohni","Hopelessness","Album: Hopelessness/ Artist: Anohni","2016","","100","0.01%","76.4654556%","Yes","","","","","","","","","","","","","","","","",""
"ANOHNI and The Johnsons","My Back Was A Bridge For You To Cross","Album: My Back Was A Bridge For You To Cross/ Artist: ANOHNI and The Johnsons","2023","","100","0.01%","76.4715030%","Yes","","","","","","","","","","","","","","","","",""
"Anri","Timely!!","Album: Timely!!/ Artist: Anri","1983","","100","0.01%","76.4775504%","Yes","","","","","","","","","","","","","","","","",""
"Antônio Carlos Jobim","Wave","Album: Wave/ Artist: Antônio Carlos Jobim","1967","","100","0.01%","76.4835979%","Yes","","","","","","","","","","","","","","","","",""
"Antônio Carlos Jobim & Elis Regina","Elis & Tom","Album: Elis & Tom/ Artist: Antônio Carlos Jobim & Elis Regina","1974","","100","0.01%","76.4896453%","Yes","","","","","","","","","","","","","","","","",""
"Antony and the Johnsons","The Crying Light","Album: The Crying Light/ Artist: Antony and the Johnsons","2009","","100","0.01%","76.4956927%","Yes","","","","","","","","","","","","","","","","",""
"Antony and the Johnsons","I Am a Bird Now","Album: I Am a Bird Now/ Artist: Antony and the Johnsons","2005","","100","0.01%","76.5017401%","Yes","","","","","","","","","","","","","","","","",""
"Aphex Twin","Collapse","Album: Collapse/ Artist: Aphex Twin","2018","","100","0.01%","76.5077875%","Yes","","","","","","","","","","","","","","","","",""
"Aphex Twin","Syro","Album: Syro/ Artist: Aphex Twin","2014","","100","0.01%","76.5138349%","Yes","","","","","","","","","","","","","","","","",""
"Aphex Twin","DrukQs","Album: DrukQs/ Artist: Aphex Twin","2001","","100","0.01%","76.5198823%","Yes","","","","","","","","","","","","","","","","",""
"Aphex Twin","Come to Daddy","Album: Come to Daddy/ Artist: Aphex Twin","1997","","100","0.01%","76.5259297%","Yes","","","","","","","","","","","","","","","","",""
"Aphex Twin","The Richard D. James Album","Album: The Richard D. James Album/ Artist: Aphex Twin","1996","","100","0.01%","76.5319772%","Yes","","","","","","","","","","","","","","","","",""
"Aphex Twin","… I Care Because You Do","Album: … I Care Because You Do/ Artist: Aphex Twin","1995","","100","0.01%","76.5380246%","Yes","","","","","","","","","","","","","","","","",""
"Aphex Twin","Classics","Album: Classics/ Artist: Aphex Twin","1995","","100","0.01%","76.5440720%","Yes","","","","","","","","","","","","","","","","",""
"Aphex Twin","Selected Ambient Works 85-92","Album: Selected Ambient Works 85-92/ Artist: Aphex Twin","1992","","100","0.01%","76.5501194%","Yes","","","","","","","","","","","","","","","","",""
"Aphrodite's Child","666","Album: 666/ Artist: Aphrodite's Child","1972","","100","0.01%","76.5561668%","Yes","","","","","","","","","","","","","","","","",""
"Arca","KicK iii","Album: KicK iii/ Artist: Arca","2021","","100","0.01%","76.5622142%","Yes","","","","","","","","","","","","","","","","",""
"Arca","Arca","Album: Arca/ Artist: Arca","2017","","100","0.01%","76.5682616%","Yes","","","","","","","","","","","","","","","","",""
"Arca","Entrañas","Album: Entrañas/ Artist: Arca","2016","","100","0.01%","76.5743090%","Yes","","","","","","","","","","","","","","","","",""
"Arca","Mutant","Album: Mutant/ Artist: Arca","2015","","100","0.01%","76.5803564%","Yes","","","","","","","","","","","","","","","","",""
"Arca","Zen","Album: Zen/ Artist: Arca","2014","","100","0.01%","76.5864039%","Yes","","","","","","","","","","","","","","","","",""
"Arcade Fire","Reflektor","Album: Reflektor/ Artist: Arcade Fire","2013","","100","0.01%","76.5924513%","Yes","","","","","","","","","","","","","","","","",""
"Arcade Fire","The Suburbs","Album: The Suburbs/ Artist: Arcade Fire","2010","","100","0.01%","76.5984987%","Yes","","","","","","","","","","","","","","","","",""
"Arcade Fire","Neon Bible","Album: Neon Bible/ Artist: Arcade Fire","2007","","100","0.01%","76.6045461%","Yes","","","","","","","","","","","","","","","","",""
"Arcade Fire","Funeral","Album: Funeral/ Artist: Arcade Fire","2004","","100","0.01%","76.6105935%","Yes","","","","","","","","","","","","","","","","",""
"Arcade Fire and Owen Pallett","Her Original Motion Picture Score","Album: Her Original Motion Picture Score/ Artist: Arcade Fire and Owen Pallett","2013","","100","0.01%","76.6166409%","Yes","","","","","","","","","","","","","","","","",""
"Archers of Loaf","Icky Mettle","Album: Icky Mettle/ Artist: Archers of Loaf","1993","","100","0.01%","76.6226883%","Yes","","","","","","","","","","","","","","","","",""
"Architects","All Our Gods Have Abandoned Us","Album: All Our Gods Have Abandoned Us/ Artist: Architects","2016","","100","0.01%","76.6287357%","Yes","","","","","","","","","","","","","","","","",""
"Architects","Lost Forever // Lost Together","Album: Lost Forever // Lost Together/ Artist: Architects","2014","","100","0.01%","76.6347832%","Yes","","","","","","","","","","","","","","","","",""
"Arctic Monkeys","The Car","Album: The Car/ Artist: Arctic Monkeys","2022","","100","0.01%","76.6408306%","Yes","","","","","","","","","","","","","","","","",""
"Arctic Monkeys","A.M","Album: A.M/ Artist: Arctic Monkeys","2015","","100","0.01%","76.6468780%","Yes","","","","","","","","","","","","","","","","",""
"Arctic Monkeys","Humbug","Album: Humbug/ Artist: Arctic Monkeys","2009","","100","0.01%","76.6529254%","Yes","","","","","","","","","","","","","","","","",""
"Arctic Monkeys","Favourite Worst Nightmare","Album: Favourite Worst Nightmare/ Artist: Arctic Monkeys","2007","","100","0.01%","76.6589728%","Yes","","","","","","","","","","","","","","","","",""
"Arctic Monkeys","Whatever People Say I Am, That's What I'm Not","Album: Whatever People Say I Am, That's What I'm Not/ Artist: Arctic Monkeys","2006","","100","0.01%","76.6650202%","Yes","","","","","","","","","","","","","","","","",""
"Ari Lennox","age/sex/location","Album: age/sex/location/ Artist: Ari Lennox","2022","","100","0.01%","76.6710676%","Yes","","","","","","","","","","","","","","","","",""
"Ariana Grande","thank u, next","Album: thank u, next/ Artist: Ariana Grande","2019","","100","0.01%","76.6771150%","Yes","","","","","","","","","","","","","","","","",""
"Ariel Pink","Dedicated to Bobby Jameson","Album: Dedicated to Bobby Jameson/ Artist: Ariel Pink","2017","","100","0.01%","76.6831624%","Yes","","","","","","","","","","","","","","","","",""
"Ariel Pink","Pom Pom","Album: Pom Pom/ Artist: Ariel Pink","2014","","100","0.01%","76.6892099%","Yes","","","","","","","","","","","","","","","","",""
"Ariel Pink's Haunted Graffiti","Before Today","Album: Before Today/ Artist: Ariel Pink's Haunted Graffiti","2010","","100","0.01%","76.6952573%","Yes","","","","","","","","","","","","","","","","",""
"Armand Hammer","Parafin","Album: Parafin/ Artist: Armand Hammer","2018","","100","0.01%","76.7013047%","Yes","","","","","","","","","","","","","","","","",""
"Armand Hammer & The Alchemist","Haram","Album: Haram/ Artist: Armand Hammer & The Alchemist","2021","","100","0.01%","76.7073521%","Yes","","","","","","","","","","","","","","","","",""
"Armand Hammer, billy woods & E U C L I D","We Buy Diabetic Test Strips","Album: We Buy Diabetic Test Strips/ Artist: Armand Hammer, billy woods & E U C L I D","2023","","100","0.01%","76.7133995%","Yes","","","","","","","","","","","","","","","","",""
"Arrested Development","3 Years, 5 Months & 2 Days in the Life Of…","Album: 3 Years, 5 Months & 2 Days in the Life Of…/ Artist: Arrested Development","1992","","100","0.01%","76.7194469%","Yes","","","","","","","","","","","","","","","","",""
"Art Bakely & The Jazz Messengers","Free for All","Album: Free for All/ Artist: Art Bakely & The Jazz Messengers","1965","","100","0.01%","76.7254943%","Yes","","","","","","","","","","","","","","","","",""
"Art Bakely & The Jazz Messengers","Mosaic","Album: Mosaic/ Artist: Art Bakely & The Jazz Messengers","1962","","100","0.01%","76.7315417%","Yes","","","","","","","","","","","","","","","","",""
"Art Blakey & The Jazz Messengers","Moanin'","Album: Moanin'/ Artist: Art Blakey & The Jazz Messengers","1958","","100","0.01%","76.7375892%","Yes","","","","","","","","","","","","","","","","",""
"Arthur Verocai","Arthur Verocai","Album: Arthur Verocai/ Artist: Arthur Verocai","1972","","100","0.01%","76.7436366%","Yes","","","","","","","","","","","","","","","","",""
"Artificial Brain","Artificial Brain","Album: Artificial Brain/ Artist: Artificial Brain","2022","","100","0.01%","76.7496840%","Yes","","","","","","","","","","","","","","","","",""
"Artillery","By Inheritance","Album: By Inheritance/ Artist: Artillery","1990","","100","0.01%","76.7557314%","Yes","","","","","","","","","","","","","","","","",""
"Asap Rocky","Live. Love. Asap","Album: Live. Love. Asap/ Artist: Asap Rocky","2011","","100","0.01%","76.7617788%","Yes","","","","","","","","","","","","","","","","",""
"Ashenspire","Hostile Architecture","Album: Hostile Architecture/ Artist: Ashenspire","2022","","100","0.01%","76.7678262%","Yes","","","","","","","","","","","","","","","","",""
"Asobi Seksu","Citrus","Album: Citrus/ Artist: Asobi Seksu","2006","","100","0.01%","76.7738736%","Yes","","","","","","","","","","","","","","","","",""
"At The Gates","Slaughter of the Soul","Album: Slaughter of the Soul/ Artist: At The Gates","1995","","100","0.01%","76.7799210%","Yes","","","","","","","","","","","","","","","","",""
"Atheist","Unquestionable Presence","Album: Unquestionable Presence/ Artist: Atheist","1991","","100","0.01%","76.7859684%","Yes","","","","","","","","","","","","","","","","",""
"Atlas Sounds","Parallax","Album: Parallax/ Artist: Atlas Sounds","2011","","100","0.01%","76.7920159%","Yes","","","","","","","","","","","","","","","","",""
"Atlas Sounds","Logos","Album: Logos/ Artist: Atlas Sounds","2009","","100","0.01%","76.7980633%","Yes","","","","","","","","","","","","","","","","",""
"Atmosphere","God Loves Ugly","Album: God Loves Ugly/ Artist: Atmosphere","2002","","100","0.01%","76.8041107%","Yes","","","","","","","","","","","","","","","","",""
"Atoms For Peace","Amok","Album: Amok/ Artist: Atoms For Peace","2013","","100","0.01%","76.8101581%","Yes","","","","","","","","","","","","","","","","",""
"Augustus Pablo","King Tubbys Meets Rockers Uptown","Album: King Tubbys Meets Rockers Uptown/ Artist: Augustus Pablo","1977","","100","0.01%","76.8162055%","Yes","","","","","","","","","","","","","","","","",""
"Austra","Feel It Break","Album: Feel It Break/ Artist: Austra","2011","","100","0.01%","76.8222529%","Yes","","","","","","","","","","","","","","","","",""
"Autechre","Exai","Album: Exai/ Artist: Autechre","2013","","100","0.01%","76.8283003%","Yes","","","","","","","","","","","","","","","","",""
"Autechre","Draft 7.30","Album: Draft 7.30/ Artist: Autechre","2003","","100","0.01%","76.8343477%","Yes","","","","","","","","","","","","","","","","",""
"Autechre","Confield","Album: Confield/ Artist: Autechre","2001","","100","0.01%","76.8403951%","Yes","","","","","","","","","","","","","","","","",""
"Autechre","LP5","Album: LP5/ Artist: Autechre","1998","","100","0.01%","76.8464426%","Yes","","","","","","","","","","","","","","","","",""
"Autechre","Chiastic Slide","Album: Chiastic Slide/ Artist: Autechre","1997","","100","0.01%","76.8524900%","Yes","","","","","","","","","","","","","","","","",""
"Autechre","Tri Repetae","Album: Tri Repetae/ Artist: Autechre","1995","","100","0.01%","76.8585374%","Yes","","","","","","","","","","","","","","","","",""
"Autechre","Amber","Album: Amber/ Artist: Autechre","1994","","100","0.01%","76.8645848%","Yes","","","","","","","","","","","","","","","","",""
"Autopsy","Ashes, Organs, Blood and Crypts","Album: Ashes, Organs, Blood and Crypts/ Artist: Autopsy","2023","","100","0.01%","76.8706322%","Yes","","","","","","","","","","","","","","","","",""
"Autopsy","Morbidly Triumphant","Album: Morbidly Triumphant/ Artist: Autopsy","2022","","100","0.01%","76.8766796%","Yes","","","","","","","","","","","","","","","","",""
"Autopsy","Mental Funeral","Album: Mental Funeral/ Artist: Autopsy","1991","","100","0.01%","76.8827270%","Yes","","","","","","","","","","","","","","","","",""
"Autopsy","Severed Survival","Album: Severed Survival/ Artist: Autopsy","1989","","100","0.01%","76.8887744%","Yes","","","","","","","","","","","","","","","","",""
"Avenade","viceversa In Such Things","Album: viceversa In Such Things/ Artist: Avenade","2020","","100","0.01%","76.8948219%","Yes","","","","","","","","","","","","","","","","",""
"Avenged Sevenfold","Avenged Sevenfold","Album: Avenged Sevenfold/ Artist: Avenged Sevenfold","2007","","100","0.01%","76.9008693%","Yes","","","","","","","","","","","","","","","","",""
"Axel Boman","Luz","Album: Luz/ Artist: Axel Boman","2022","","100","0.01%","76.9069167%","Yes","","","","","","","","","","","","","","","","",""
"Axel Boman","Quest of Fire","Album: Quest of Fire/ Artist: Axel Boman","2022","","100","0.01%","76.9129641%","Yes","","","","","","","","","","","","","","","","",""
"Ayreon","Into the Electric Castle","Album: Into the Electric Castle/ Artist: Ayreon","1998","","100","0.01%","76.9190115%","Yes","","","","","","","","","","","","","","","","",""
"Bikini Kill","The C.D. Version of the First Two Records","Album: The C.D. Version of the First Two Records/ Artist: Bikini Kill","1994","","100","0.01%","76.9250589%","","","","","","","","","","","","","","","","","",""
"Ayreon","The Human Equation","Album: The Human Equation/ Artist: Ayreon","1998","","100","0.01%","76.9311063%","Yes","","","","","","","","","","","","","","","","",""
"The Chicks","Fly","Album: Fly/ Artist: The Chicks","1999","","100","0.01%","76.9371537%","","","","","","","","","","","","","","","","","",""
"The Chicks","Home","Album: Home/ Artist: The Chicks","2001","","100","0.01%","76.9432011%","","","","","","","","","","","","","","","","","",""
"Ayreon ","The Source","Album: The Source/ Artist: Ayreon ","2017","","100","0.01%","76.9492486%","Yes","","","","","","","","","","","","","","","","",""
"Ayreon ","The Theory of Everything","Album: The Theory of Everything/ Artist: Ayreon ","2013","","100","0.01%","76.9552960%","Yes","","","","","","","","","","","","","","","","",""
"Ayreon ","01011001","Album: 01011001/ Artist: Ayreon ","2008","","100","0.01%","76.9613434%","Yes","","","","","","","","","","","","","","","","",""
"Azealia Banks","Broke With Expensive Taste","Album: Broke With Expensive Taste/ Artist: Azealia Banks","2014","","100","0.01%","76.9673908%","Yes","","","","","","","","","","","","","","","","",""
"Azealia Banks","1991","Album: 1991/ Artist: Azealia Banks","2012","","100","0.01%","76.9734382%","Yes","","","","","","","","","","","","","","","","",""
"Azealia Banks","1992","Album: 1992/ Artist: Azealia Banks","2012","","100","0.01%","76.9794856%","Yes","","","","","","","","","","","","","","","","",""
"B.B. King","Live at Thhe Regal","Album: Live at Thhe Regal/ Artist: B.B. King","1965","","100","0.01%","76.9855330%","Yes","","","","","","","","","","","","","","","","",""
"Babasónicos","Infame","Album: Infame/ Artist: Babasónicos","2003","","100","0.01%","76.9915804%","Yes","","","","","","","","","","","","","","","","",""
"Babasónicos","Jessico","Album: Jessico/ Artist: Babasónicos","2002","","100","0.01%","76.9976279%","Yes","","","","","","","","","","","","","","","","",""
"Backxwash","God Has Nothing To Do With This Leave Him Out of It","Album: God Has Nothing To Do With This Leave Him Out of It/ Artist: Backxwash","2021","","100","0.01%","77.0036753%","Yes","","","","","","","","","","","","","","","","",""
"Backxwash","I Lay Here Buried with my Rings and My Dresses","Album: I Lay Here Buried with my Rings and My Dresses/ Artist: Backxwash","2021","","100","0.01%","77.0097227%","Yes","","","","","","","","","","","","","","","","",""
"Bad Brains","Bad Brains","Album: Bad Brains/ Artist: Bad Brains","1982","","100","0.01%","77.0157701%","Yes","","","","","","","","","","","","","","","","",""
"Bad Bunny","DeBÍ TiRAR MáS FOToS","Album: DeBÍ TiRAR MáS FOToS/ Artist: Bad Bunny","2025","","100","0.01%","77.0218175%","Yes","","","","","","","","","","","","","","","","",""
"Bad Bunny","Un Verano sin Ti","Album: Un Verano sin Ti/ Artist: Bad Bunny","2022","","100","0.01%","77.0278649%","Yes","","","","","","","","","","","","","","","","",""
"Bad Bunny","YHLQSMDLG","Album: YHLQSMDLG/ Artist: Bad Bunny","2020","","100","0.01%","77.0339123%","Yes","","","","","","","","","","","","","","","","",""
"Bad Religion","Stranger than Fiction","Album: Stranger than Fiction/ Artist: Bad Religion","1994","","100","0.01%","77.0399597%","Yes","","","","","","","","","","","","","","","","",""
"BADBADNOTGOOD","Late Night Tales (BADBADNOTGOOD)","Album: Late Night Tales (BADBADNOTGOOD)/ Artist: BADBADNOTGOOD","2017","","100","0.01%","77.0460071%","Yes","","","","","","","","","","","","","","","","",""
"BADBADNOTGOOD","III","Album: III/ Artist: BADBADNOTGOOD","2014","","100","0.01%","77.0520546%","Yes","","","","","","","","","","","","","","","","",""
"BADBADNOTGOOD","BBNG2","Album: BBNG2/ Artist: BADBADNOTGOOD","2012","","100","0.01%","77.0581020%","Yes","","","","","","","","","","","","","","","","",""
"Badly Drawn Boy","The Hour of Bewilderbeast","Album: The Hour of Bewilderbeast/ Artist: Badly Drawn Boy","2000","","100","0.01%","77.0641494%","Yes","","","","","","","","","","","","","","","","",""
"Band of Horses","Everything All the Time","Album: Everything All the Time/ Artist: Band of Horses","2006","","100","0.01%","77.0701968%","Yes","","","","","","","","","","","","","","","","",""
"Bark Psychosis","///Codename: Dustsucker","Album: ///Codename: Dustsucker/ Artist: Bark Psychosis","2004","","100","0.01%","77.0762442%","Yes","","","","","","","","","","","","","","","","",""
"Bark Psychosis","Hex","Album: Hex/ Artist: Bark Psychosis","1994","","100","0.01%","77.0822916%","Yes","","","","","","","","","","","","","","","","",""
"Bark Psychosis","Independency","Album: Independency/ Artist: Bark Psychosis","1994","","100","0.01%","77.0883390%","Yes","","","","","","","","","","","","","","","","",""
"Baroness","Purple","Album: Purple/ Artist: Baroness","2015","","100","0.01%","77.0943864%","Yes","","","","","","","","","","","","","","","","",""
"Baroness","Yellow & Green","Album: Yellow & Green/ Artist: Baroness","2012","","100","0.01%","77.1004339%","Yes","","","","","","","","","","","","","","","","",""
"Baroness","Blue Record","Album: Blue Record/ Artist: Baroness","2009","","100","0.01%","77.1064813%","Yes","","","","","","","","","","","","","","","","",""
"Baroness","Red Album","Album: Red Album/ Artist: Baroness","2007","","100","0.01%","77.1125287%","Yes","","","","","","","","","","","","","","","","",""
"Basement Jazz","Remedy","Album: Remedy/ Artist: Basement Jazz","1999","","100","0.01%","77.1185761%","Yes","","","","","","","","","","","","","","","","",""
"Basic Channel","BCD-2","Album: BCD-2/ Artist: Basic Channel","2008","","100","0.01%","77.1246235%","Yes","","","","","","","","","","","","","","","","",""
"Basic Channel","Quadrant Dub","Album: Quadrant Dub/ Artist: Basic Channel","1994","","100","0.01%","77.1306709%","Yes","","","","","","","","","","","","","","","","",""
"Basic Channel","Phylyps Trak","Album: Phylyps Trak/ Artist: Basic Channel","1993","","100","0.01%","77.1367183%","Yes","","","","","","","","","","","","","","","","",""
"Bat For Lashes","Two Suns","Album: Two Suns/ Artist: Bat For Lashes","2009","","100","0.01%","77.1427657%","Yes","","","","","","","","","","","","","","","","",""
"Bathory","Hammerheart","Album: Hammerheart/ Artist: Bathory","1990","","100","0.01%","77.1488131%","Yes","","","","","","","","","","","","","","","","",""
"Bathory","Blood Fire Death","Album: Blood Fire Death/ Artist: Bathory","1988","","100","0.01%","77.1548606%","Yes","","","","","","","","","","","","","","","","",""
"Bathory","Under the Sign of the Black Mark","Album: Under the Sign of the Black Mark/ Artist: Bathory","1987","","100","0.01%","77.1609080%","Yes","","","","","","","","","","","","","","","","",""
"Battles","Gloss Drop","Album: Gloss Drop/ Artist: Battles","2011","","100","0.01%","77.1669554%","Yes","","","","","","","","","","","","","","","","",""
"Battles","Mirrored","Album: Mirrored/ Artist: Battles","2007","","100","0.01%","77.1730028%","Yes","","","","","","","","","","","","","","","","",""
"Battles","EP C / B EP","Album: EP C / B EP/ Artist: Battles","2006","","100","0.01%","77.1790502%","Yes","","","","","","","","","","","","","","","","",""
"Bauhaus","In The Flat Field","Album: In The Flat Field/ Artist: Bauhaus","1980","","100","0.01%","77.1850976%","Yes","","","","","","","","","","","","","","","","",""
"Beach Bunny","Blame Game","Album: Blame Game/ Artist: Beach Bunny","2021","","100","0.01%","77.1911450%","Yes","","","","","","","","","","","","","","","","",""
"Beach House","Once Twice Melody","Album: Once Twice Melody/ Artist: Beach House","2021","","100","0.01%","77.1971924%","Yes","","","","","","","","","","","","","","","","",""
"Beach House","7","Album: 7/ Artist: Beach House","2018","","100","0.01%","77.2032399%","Yes","","","","","","","","","","","","","","","","",""
"Beach House","Depression Cherry","Album: Depression Cherry/ Artist: Beach House","2015","","100","0.01%","77.2092873%","Yes","","","","","","","","","","","","","","","","",""
"Beach House","Thank You Lucky Stars","Album: Thank You Lucky Stars/ Artist: Beach House","2015","","100","0.01%","77.2153347%","Yes","","","","","","","","","","","","","","","","",""
"Beach House","Bloom","Album: Bloom/ Artist: Beach House","2012","","100","0.01%","77.2213821%","Yes","","","","","","","","","","","","","","","","",""
"Beach House","Teen Dream","Album: Teen Dream/ Artist: Beach House","2010","","100","0.01%","77.2274295%","Yes","","","","","","","","","","","","","","","","",""
"Beach House","Devotion","Album: Devotion/ Artist: Beach House","2008","","100","0.01%","77.2334769%","Yes","","","","","","","","","","","","","","","","",""
"Beak>",">>>","Album: >>>/ Artist: Beak>","2018","","100","0.01%","77.2395243%","Yes","","","","","","","","","","","","","","","","",""
"Beastie Boys","Beastie Boys Anthology: The Sounds of Science","Album: Beastie Boys Anthology: The Sounds of Science/ Artist: Beastie Boys","1999","","100","0.01%","77.2455717%","Yes","","","","","","","","","","","","","","","","",""
"Beastie Boys","Hello Nasty","Album: Hello Nasty/ Artist: Beastie Boys","1998","","100","0.01%","77.2516191%","Yes","","","","","","","","","","","","","","","","",""
"Beastie Boys","Ill Communication","Album: Ill Communication/ Artist: Beastie Boys","1994","","100","0.01%","77.2576666%","Yes","","","","","","","","","","","","","","","","",""
"Beastie Boys","Licensed To Ill","Album: Licensed To Ill/ Artist: Beastie Boys","1992","","100","0.01%","77.2637140%","Yes","","","","","","","","","","","","","","","","",""
"Beastie Boys","Paul's Boutique","Album: Paul's Boutique/ Artist: Beastie Boys","1989","","100","0.01%","77.2697614%","Yes","","","","","","","","","","","","","","","","",""
"Beastie Boys","Check Your Head","Album: Check Your Head/ Artist: Beastie Boys","1986","","100","0.01%","77.2758088%","Yes","","","","","","","","","","","","","","","","",""
"Beck","Morning Phase","Album: Morning Phase/ Artist: Beck","2014","","100","0.01%","77.2818562%","Yes","","","","","","","","","","","","","","","","",""
"Beck","Modern Guilt","Album: Modern Guilt/ Artist: Beck","2008","","100","0.01%","77.2879036%","Yes","","","","","","","","","","","","","","","","",""
"Beck","Guero","Album: Guero/ Artist: Beck","2005","","100","0.01%","77.2939510%","Yes","","","","","","","","","","","","","","","","",""
"Beck","Sea Change","Album: Sea Change/ Artist: Beck","2002","","100","0.01%","77.2999984%","Yes","","","","","","","","","","","","","","","","",""
"Beck","Midnite Vultures","Album: Midnite Vultures/ Artist: Beck","1999","","100","0.01%","77.3060459%","Yes","","","","","","","","","","","","","","","","",""
"Beck","Mutations","Album: Mutations/ Artist: Beck","1998","","100","0.01%","77.3120933%","Yes","","","","","","","","","","","","","","","","",""
"Beck","Mellow Gold","Album: Mellow Gold/ Artist: Beck","1994","","100","0.01%","77.3181407%","Yes","","","","","","","","","","","","","","","","",""
"Bee Thousand","Guided by Voices","Album: Guided by Voices/ Artist: Bee Thousand","1994","","100","0.01%","77.3241881%","Yes","","","","","","","","","","","","","","","","",""
"Behemoth","The Satanist","Album: The Satanist/ Artist: Behemoth","2014","","100","0.01%","77.3302355%","Yes","","","","","","","","","","","","","","","","",""
"Beirut","No No No","Album: No No No/ Artist: Beirut","2015","","100","0.01%","77.3362829%","Yes","","","","","","","","","","","","","","","","",""
"Beirut","The Rip Tide","Album: The Rip Tide/ Artist: Beirut","2011","","100","0.01%","77.3423303%","Yes","","","","","","","","","","","","","","","","",""
"Beirut","The Flying Club Cup","Album: The Flying Club Cup/ Artist: Beirut","2007","","100","0.01%","77.3483777%","Yes","","","","","","","","","","","","","","","","",""
"Beirut","Gulag Orkestar","Album: Gulag Orkestar/ Artist: Beirut","2006","","100","0.01%","77.3544251%","Yes","","","","","","","","","","","","","","","","",""
"Belchior","Alucinação","Album: Alucinação/ Artist: Belchior","1976","","100","0.01%","77.3604726%","Yes","","","","","","","","","","","","","","","","",""
"Bell Witch","Mirror Reaper","Album: Mirror Reaper/ Artist: Bell Witch","2017","","100","0.01%","77.3665200%","Yes","","","","","","","","","","","","","","","","",""
"Belle & Sebastian","3.. 6.. 9 Seconds of Light","Album: 3.. 6.. 9 Seconds of Light/ Artist: Belle & Sebastian","1997","","100","0.01%","77.3725674%","Yes","","","","","","","","","","","","","","","","",""
"Belle and Sebastian","Girls in Peacetime Want to Dance","Album: Girls in Peacetime Want to Dance/ Artist: Belle and Sebastian","2015","","100","0.01%","77.3786148%","Yes","","","","","","","","","","","","","","","","",""
"Belle And Sebastian","The Life Pursuit","Album: The Life Pursuit/ Artist: Belle And Sebastian","2006","","100","0.01%","77.3846622%","Yes","","","","","","","","","","","","","","","","",""
"Belle and Sebastian","Push Barman to Open Old Wounds","Album: Push Barman to Open Old Wounds/ Artist: Belle and Sebastian","2005","","100","0.01%","77.3907096%","Yes","","","","","","","","","","","","","","","","",""
"Belle and Sebastian","Dear Catastrophe Waitress","Album: Dear Catastrophe Waitress/ Artist: Belle and Sebastian","2003","","100","0.01%","77.3967570%","Yes","","","","","","","","","","","","","","","","",""
"Belle and Sebastian","The Boy with the Arab Strap","Album: The Boy with the Arab Strap/ Artist: Belle and Sebastian","1998","","100","0.01%","77.4028044%","Yes","","","","","","","","","","","","","","","","",""
"Belle and Sebastian","Dog on Wheels","Album: Dog on Wheels/ Artist: Belle and Sebastian","1997","","100","0.01%","77.4088519%","Yes","","","","","","","","","","","","","","","","",""
"Belle and Sebastian","If You're Feeling Sinister","Album: If You're Feeling Sinister/ Artist: Belle and Sebastian","1996","","100","0.01%","77.4148993%","Yes","","","","","","","","","","","","","","","","",""
"Belle and Sebastian","Tigermilk","Album: Tigermilk/ Artist: Belle and Sebastian","1996","","100","0.01%","77.4209467%","Yes","","","","","","","","","","","","","","","","",""
"Ben Folds Five","Whatever and Ever Amen","Album: Whatever and Ever Amen/ Artist: Ben Folds Five","1997","","100","0.01%","77.4269941%","Yes","","","","","","","","","","","","","","","","",""
"Ben Howard","I Forgot We Were","Album: I Forgot We Were/ Artist: Ben Howard","2014","","100","0.01%","77.4330415%","Yes","","","","","","","","","","","","","","","","",""
"Benjamin Booker","LOWER","Album: LOWER/ Artist: Benjamin Booker","2025","","100","0.01%","77.4390889%","Yes","","","","","","","","","","","","","","","","",""
"Benjamine Clementine","At Least for Now","Album: At Least for Now/ Artist: Benjamine Clementine","2015","","100","0.01%","77.4451363%","Yes","","","","","","","","","","","","","","","","",""
"Benny The Butcher","Tana Talk 3","Album: Tana Talk 3/ Artist: Benny The Butcher","2018","","100","0.01%","77.4511837%","Yes","","","","","","","","","","","","","","","","",""
"Benny the Butcher","Tana Talk 4","Album: Tana Talk 4/ Artist: Benny the Butcher","2022","","100","0.01%","77.4572311%","Yes","","","","","","","","","","","","","","","","",""
"Benny the Butcher","Pyrex Picasso","Album: Pyrex Picasso/ Artist: Benny the Butcher","2021","","100","0.01%","77.4632786%","Yes","","","","","","","","","","","","","","","","",""
"Betcover!!","時間","Album: 時間/ Artist: Betcover!!","2021","","100","0.01%","77.4693260%","Yes","","","","","","","","","","","","","","","","",""
"Betcover!!","Yuki","Album: Yuki/ Artist: Betcover!!","2025","","100","0.01%","77.4753734%","","","","","","","","","","","","","","","","","",""
"Beth Orton","Weather Alive","Album: Weather Alive/ Artist: Beth Orton","2022","","100","0.01%","77.4814208%","Yes","","","","","","","","","","","","","","","","",""
"Between the Buried and Me","Automata II","Album: Automata II/ Artist: Between the Buried and Me","2018","","100","0.01%","77.4874682%","Yes","","","","","","","","","","","","","","","","",""
"Between the Buried and Me","Coma Ecliptic","Album: Coma Ecliptic/ Artist: Between the Buried and Me","2015","","100","0.01%","77.4935156%","Yes","","","","","","","","","","","","","","","","",""
"Between the Buried and Me","The Parallax II: Future Sequence","Album: The Parallax II: Future Sequence/ Artist: Between the Buried and Me","2012","","100","0.01%","77.4995630%","Yes","","","","","","","","","","","","","","","","",""
"Between The Buried And Me","The Parallax: Hypersleep Dialogues","Album: The Parallax: Hypersleep Dialogues/ Artist: Between The Buried And Me","2011","","100","0.01%","77.5056104%","Yes","","","","","","","","","","","","","","","","",""
"Between The Buried And Me","The Great Misdirect","Album: The Great Misdirect/ Artist: Between The Buried And Me","2009","","100","0.01%","77.5116578%","Yes","","","","","","","","","","","","","","","","",""
"Between the Buried and Me","Colors","Album: Colors/ Artist: Between the Buried and Me","2007","","100","0.01%","77.5177053%","Yes","","","","","","","","","","","","","","","","",""
"Between the Buried and Me","Alaska","Album: Alaska/ Artist: Between the Buried and Me","2005","","100","0.01%","77.5237527%","Yes","","","","","","","","","","","","","","","","",""
"Beyonce","Renaissance","Album: Renaissance/ Artist: Beyonce","2022","","100","0.01%","77.5298001%","Yes","","","","","","","","","","","","","","","","",""
"Beyoncé","Homecoming","Album: Homecoming/ Artist: Beyoncé","2019","","100","0.01%","77.5358475%","Yes","","","","","","","","","","","","","","","","",""
"Beyoncé","Lemonade","Album: Lemonade/ Artist: Beyoncé","2016","","100","0.01%","77.5418949%","Yes","","","","","","","","","","","","","","","","",""
"Beyoncé","BEYONCÉ","Album: BEYONCÉ/ Artist: Beyoncé","2013","","100","0.01%","77.5479423%","Yes","","","","","","","","","","","","","","","","",""
"Big Black","Songs About Fucking","Album: Songs About Fucking/ Artist: Big Black","1987","","100","0.01%","77.5539897%","Yes","","","","","","","","","","","","","","","","",""
"Big Black","Atomizer","Album: Atomizer/ Artist: Big Black","1986","","100","0.01%","77.5600371%","Yes","","","","","","","","","","","","","","","","",""
"Big Boi","Sir Lucious Left Foot: The Son of Chico Dusty","Album: Sir Lucious Left Foot: The Son of Chico Dusty/ Artist: Big Boi","2010","","100","0.01%","77.5660846%","Yes","","","","","","","","","","","","","","","","",""
"Big Brother and The Holding Company ","Cheap Thrills","Album: Cheap Thrills/ Artist: Big Brother and The Holding Company ","1968","","100","0.01%","77.5721320%","Yes","","","","","","","","","","","","","","","","",""
"Big K.R.I.T.","4eva Is A Mighty Long Time ","Album: 4eva Is A Mighty Long Time / Artist: Big K.R.I.T.","2017","","100","0.01%","77.5781794%","Yes","","","","","","","","","","","","","","","","",""
"Big K.R.I.T.","4eva N a Day","Album: 4eva N a Day/ Artist: Big K.R.I.T.","2012","","100","0.01%","77.5842268%","Yes","","","","","","","","","","","","","","","","",""
"Big K.R.I.T.","Return of 4eva","Album: Return of 4eva/ Artist: Big K.R.I.T.","2011","","100","0.01%","77.5902742%","Yes","","","","","","","","","","","","","","","","",""
"Big K.R.I.T.","K.R.I.T. Wuz Here","Album: K.R.I.T. Wuz Here/ Artist: Big K.R.I.T.","2010","","100","0.01%","77.5963216%","Yes","","","","","","","","","","","","","","","","",""
"Big L","Lifestylez & ov da Poor & Dangerous","Album: Lifestylez & ov da Poor & Dangerous/ Artist: Big L","1995","","100","0.01%","77.6023690%","Yes","","","","","","","","","","","","","","","","",""
"Big Pun","Capital Punishment","Album: Capital Punishment/ Artist: Big Pun","1998","","100","0.01%","77.6084164%","Yes","","","","","","","","","","","","","","","","",""
"Big Star","Third/Sister Lovers","Album: Third/Sister Lovers/ Artist: Big Star","1978","","100","0.01%","77.6144638%","Yes","","","","","","","","","","","","","","","","",""
"Big Star","Radio City","Album: Radio City/ Artist: Big Star","1974","","100","0.01%","77.6205113%","Yes","","","","","","","","","","","","","","","","",""
"Big Star","#1 Record","Album: #1 Record/ Artist: Big Star","1972","","100","0.01%","77.6265587%","Yes","","","","","","","","","","","","","","","","",""
"Big Thief","Dragon New Warm Mountain I bElieve In You","Album: Dragon New Warm Mountain I bElieve In You/ Artist: Big Thief","2022","","100","0.01%","77.6326061%","Yes","","","","","","","","","","","","","","","","",""
"Big Thief","Two Hands","Album: Two Hands/ Artist: Big Thief","2019","","100","0.01%","77.6386535%","Yes","","","","","","","","","","","","","","","","",""
"Big Thief","U.F.O.F","Album: U.F.O.F/ Artist: Big Thief","2019","","100","0.01%","77.6447009%","Yes","","","","","","","","","","","","","","","","",""
"Big Thief","Capacity","Album: Capacity/ Artist: Big Thief","2017","","100","0.01%","77.6507483%","Yes","","","","","","","","","","","","","","","","",""
"Bill Calahan","Dream River","Album: Dream River/ Artist: Bill Calahan","2013","","100","0.01%","77.6567957%","Yes","","","","","","","","","","","","","","","","",""
"Bill Calahan","Sometimes I Wish We Were An Eagle","Album: Sometimes I Wish We Were An Eagle/ Artist: Bill Calahan","2009","","100","0.01%","77.6628431%","Yes","","","","","","","","","","","","","","","","",""
"Bill Callahan","Apocalypse","Album: Apocalypse/ Artist: Bill Callahan","2011","","100","0.01%","77.6688906%","Yes","","","","","","","","","","","","","","","","",""
"Bill Evans Trio","Sunday at the Village Vanguard","Album: Sunday at the Village Vanguard/ Artist: Bill Evans Trio","1961","","100","0.01%","77.6749380%","Yes","","","","","","","","","","","","","","","","",""
"Bill Withers","Still Bill","Album: Still Bill/ Artist: Bill Withers","1972","","100","0.01%","77.6809854%","Yes","","","","","","","","","","","","","","","","",""
"Bill Withers","Just As I Am","Album: Just As I Am/ Artist: Bill Withers","1971","","100","0.01%","77.6870328%","Yes","","","","","","","","","","","","","","","","",""
"Billie Holiday","Lady in Satin","Album: Lady in Satin/ Artist: Billie Holiday","1958","","100","0.01%","77.6930802%","Yes","","","","","","","","","","","","","","","","",""
"Billy Cobham","Spectrum","Album: Spectrum/ Artist: Billy Cobham","1973","","100","0.01%","77.6991276%","Yes","","","","","","","","","","","","","","","","",""
"Billy Joel","Greatest Hits: Volume I ","Album: Greatest Hits: Volume I / Artist: Billy Joel","1985","","100","0.01%","77.7051750%","Yes","","","","","","","","","","","","","","","","",""
"Billy Joel","Greatest Hits: Volume II","Album: Greatest Hits: Volume II/ Artist: Billy Joel","1985","","100","0.01%","77.7112224%","Yes","","","","","","","","","","","","","","","","",""
"Billy Joel","52nd Street","Album: 52nd Street/ Artist: Billy Joel","1978","","100","0.01%","77.7172698%","Yes","","","","","","","","","","","","","","","","",""
"Billy Joel","The Stranger","Album: The Stranger/ Artist: Billy Joel","1977","","100","0.01%","77.7233173%","Yes","","","","","","","","","","","","","","","","",""
"Billy Woods","Hiding Places","Album: Hiding Places/ Artist: Billy Woods","2019","","100","0.01%","77.7293647%","Yes","","","","","","","","","","","","","","","","",""
"Billy Woods","History Will Absolve Me","Album: History Will Absolve Me/ Artist: Billy Woods","2012","","100","0.01%","77.7354121%","Yes","","","","","","","","","","","","","","","","",""
"billy woods","Aethiopes","Album: Aethiopes/ Artist: billy woods","1998","","100","0.01%","77.7414595%","Yes","","","","","","","","","","","","","","","","",""
"billy woods & kenny segall","Maps","Album: Maps/ Artist: billy woods & kenny segall","2023","","100","0.01%","77.7475069%","Yes","","","","","","","","","","","","","","","","",""
"Biosphere","Substrata","Album: Substrata/ Artist: Biosphere","1997","","100","0.01%","77.7535543%","Yes","","","","","","","","","","","","","","","","",""
"Bjork","Selmasongs","Album: Selmasongs/ Artist: Bjork","2000","","100","0.01%","77.7596017%","Yes","","","","","","","","","","","","","","","","",""
"Bjork","Debut","Album: Debut/ Artist: Bjork","1993","","100","0.01%","77.7656491%","Yes","","","","","","","","","","","","","","","","",""
"Björk","Vulnicura","Album: Vulnicura/ Artist: Björk","2015","","100","0.01%","77.7716966%","Yes","","","","","","","","","","","","","","","","",""
"Björk","Medula","Album: Medula/ Artist: Björk","2004","","100","0.01%","77.7777440%","Yes","","","","","","","","","","","","","","","","",""
"Björk","Greatest Hits","Album: Greatest Hits/ Artist: Björk","2002","","100","0.01%","77.7837914%","Yes","","","","","","","","","","","","","","","","",""
"Björk","Vespertine","Album: Vespertine/ Artist: Björk","2001","","100","0.01%","77.7898388%","Yes","","","","","","","","","","","","","","","","",""
"Björk","Homogenic","Album: Homogenic/ Artist: Björk","1997","","100","0.01%","77.7958862%","Yes","","","","","","","","","","","","","","","","",""
"Björk","Post","Album: Post/ Artist: Björk","1995","","100","0.01%","77.8019336%","Yes","","","","","","","","","","","","","","","","",""
"bl4ck m4rcket c4rt","Today I Laid Down","Album: Today I Laid Down/ Artist: bl4ck m4rcket c4rt","2023","","100","0.01%","77.8079810%","Yes","","","","","","","","","","","","","","","","",""
"Black Country New Road","Ants From Up There","Album: Ants From Up There/ Artist: Black Country New Road","2022","","100","0.01%","77.8140284%","Yes","","","","","","","","","","","","","","","","",""
"Black Country, New Road","Live at the Bush Hall","Album: Live at the Bush Hall/ Artist: Black Country, New Road","2023","","100","0.01%","77.8200758%","Yes","","","","","","","","","","","","","","","","",""
"Black Country, New Road","For the first time","Album: For the first time/ Artist: Black Country, New Road","2021","","100","0.01%","77.8261233%","Yes","","","","","","","","","","","","","","","","",""
"Black Dresses","Dreams Come True 2019","Album: Dreams Come True 2019/ Artist: Black Dresses","2019","","100","0.01%","77.8321707%","Yes","","","","","","","","","","","","","","","","",""
"Black Dresses","Forget Your Own Face","Album: Forget Your Own Face/ Artist: Black Dresses","2022","","100","0.01%","77.8382181%","Yes","","","","","","","","","","","","","","","","",""
"Black Dresses","Forever in your Heart","Album: Forever in your Heart/ Artist: Black Dresses","2021","","100","0.01%","77.8442655%","Yes","","","","","","","","","","","","","","","","",""
"Black Flag","My War","Album: My War/ Artist: Black Flag","1984","","100","0.01%","77.8503129%","Yes","","","","","","","","","","","","","","","","",""
"Black Flag","Damaged","Album: Damaged/ Artist: Black Flag","1981","","100","0.01%","77.8563603%","Yes","","","","","","","","","","","","","","","","",""
"Black Flag","Nervous Breakdown","Album: Nervous Breakdown/ Artist: Black Flag","1979","","100","0.01%","77.8624077%","Yes","","","","","","","","","","","","","","","","",""
"Black Kray","Crack Cloud$ Over Arts Kitchen","Album: Crack Cloud$ Over Arts Kitchen/ Artist: Black Kray","2013","","100","0.01%","77.8684551%","No","","","","","","","","","","","","","","","","",""
"Black Kray","700 Dagreez","Album: 700 Dagreez/ Artist: Black Kray","2014","","100","0.01%","77.8745026%","Yes","","","","","","","","","","","","","","","","",""
"black midi","Hellfire","Album: Hellfire/ Artist: black midi","2022","","100","0.01%","77.8805500%","Yes","","","","","","","","","","","","","","","","",""
"Black Moon","Enta da Stage","Album: Enta da Stage/ Artist: Black Moon","1993","","100","0.01%","77.8865974%","Yes","","","","","","","","","","","","","","","","",""
"Black Sabbath","Heaven and Hell","Album: Heaven and Hell/ Artist: Black Sabbath","1980","","100","0.01%","77.8926448%","Yes","","","","","","","","","","","","","","","","",""
"Black Sabbath","Sabotage","Album: Sabotage/ Artist: Black Sabbath","1975","","100","0.01%","77.8986922%","Yes","","","","","","","","","","","","","","","","",""
"Black Sabbath","We Sold Our Soul for Rock 'n' Roll","Album: We Sold Our Soul for Rock 'n' Roll/ Artist: Black Sabbath","1975","","100","0.01%","77.9047396%","Yes","","","","","","","","","","","","","","","","",""
"Black Sabbath","Black Sabbath Vol. 4","Album: Black Sabbath Vol. 4/ Artist: Black Sabbath","1972","","100","0.01%","77.9107870%","Yes","","","","","","","","","","","","","","","","",""
"Black Sabbath","Master of Reality","Album: Master of Reality/ Artist: Black Sabbath","1971","","100","0.01%","77.9168344%","Yes","","","","","","","","","","","","","","","","",""
"Black Sabbath","Black Sabbath","Album: Black Sabbath/ Artist: Black Sabbath","1970","","100","0.01%","77.9228818%","Yes","","","","","","","","","","","","","","","","",""
"Black Sabbath","Paranoid","Album: Paranoid/ Artist: Black Sabbath","1970","","100","0.01%","77.9289293%","Yes","","","","","","","","","","","","","","","","",""
"Black Sabbath ","Sabbath Bloody Sabbath","Album: Sabbath Bloody Sabbath/ Artist: Black Sabbath ","1973","","100","0.01%","77.9349767%","Yes","","","","","","","","","","","","","","","","",""
"Black Star","Mos Def & Talib Kweli Are Black Star","Album: Mos Def & Talib Kweli Are Black Star/ Artist: Black Star","1998","","100","0.01%","77.9410241%","Yes","","","","","","","","","","","","","","","","",""
"Black Thought","Streams of Thought Vol. 1","Album: Streams of Thought Vol. 1/ Artist: Black Thought","2018","","100","0.01%","77.9470715%","Yes","","","","","","","","","","","","","","","","",""
"Black Thought & Salaam Remi","Streams of Thought Vol. 2","Album: Streams of Thought Vol. 2/ Artist: Black Thought & Salaam Remi","2018","","100","0.01%","77.9531189%","Yes","","","","","","","","","","","","","","","","",""
"Bladee, Ecco2k","Crest","Album: Crest/ Artist: Bladee, Ecco2k","2022","","100","0.01%","77.9591663%","Yes","","","","","","","","","","","","","","","","",""
"Blind Faith","Blind Faith","Album: Blind Faith/ Artist: Blind Faith","1969","","100","0.01%","77.9652137%","Yes","","","","","","","","","","","","","","","","",""
"TOMORA","COME CLOSER","Album: COME CLOSER/ Artist: TOMORA","2026","","85","0.21%","78.1748911%","Yes","","","","","","","","","","","","","","","","",""
"Blind Guardian","Nightfall in Middle-Earth","Album: Nightfall in Middle-Earth/ Artist: Blind Guardian","1998","","100","0.01%","78.1809386%","Yes","","","","","","","","","","","","","","","","",""
"Blind Guardian","Imaginations From the Other Side","Album: Imaginations From the Other Side/ Artist: Blind Guardian","1995","","100","0.01%","78.1869860%","Yes","","","","","","","","","","","","","","","","",""
"Blind Guardian","Somewhere Far Beyond","Album: Somewhere Far Beyond/ Artist: Blind Guardian","1992","","100","0.01%","78.1930334%","Yes","","","","","","","","","","","","","","","","",""
"Blink-182","Greatest Hits (Blink-182)","Album: Greatest Hits (Blink-182)/ Artist: Blink-182","2005","","100","0.01%","78.1990808%","Yes","","","","","","","","","","","","","","","","",""
"Blink-182","Blink-182","Album: Blink-182/ Artist: Blink-182","2003","","100","0.01%","78.2051282%","Yes","","","","","","","","","","","","","","","","",""
"Blink-182","Take Off Your Pants and Jacket","Album: Take Off Your Pants and Jacket/ Artist: Blink-182","2001","","100","0.01%","78.2111756%","Yes","","","","","","","","","","","","","","","","",""
"Blink-182","Enema of the State","Album: Enema of the State/ Artist: Blink-182","1999","","100","0.01%","78.2172230%","Yes","","","","","","","","","","","","","","","","",""
"Bloc Party","Silent Alarm","Album: Silent Alarm/ Artist: Bloc Party","2005","","100","0.01%","78.2232704%","Yes","","","","","","","","","","","","","","","","",""
"Blonde Redhead","Melody of Certain Damaged Lemons","Album: Melody of Certain Damaged Lemons/ Artist: Blonde Redhead","2000","","100","0.01%","78.2293179%","Yes","","","","","","","","","","","","","","","","",""
"Blondie","The Best of Blondie","Album: The Best of Blondie/ Artist: Blondie","1981","","100","0.01%","78.2353653%","Yes","","","","","","","","","","","","","","","","",""
"Blondie","Eat to the Beat","Album: Eat to the Beat/ Artist: Blondie","1979","","100","0.01%","78.2414127%","Yes","","","","","","","","","","","","","","","","",""
"Blondie","Parallel Lines","Album: Parallel Lines/ Artist: Blondie","1978","","100","0.01%","78.2474601%","Yes","","","","","","","","","","","","","","","","",""
"Blood Orange","Negro Swan","Album: Negro Swan/ Artist: Blood Orange","2018","","100","0.01%","78.2535075%","Yes","","","","","","","","","","","","","","","","",""
"Blu","""The Color Blu(e)""","Album: ""The Color Blu(e)""/ Artist: Blu","2021","","100","0.01%","78.2595549%","Yes","","","","","","","","","","","","","","","","",""
"Blu & Exile","Miles","Album: Miles/ Artist: Blu & Exile","2020","","100","0.01%","78.2656023%","Yes","","","","","","","","","","","","","","","","",""
"Blu & Exile","Give Me My Flowers While I Can Still Smell Them","Album: Give Me My Flowers While I Can Still Smell Them/ Artist: Blu & Exile","2012","","100","0.01%","78.2716497%","Yes","","","","","","","","","","","","","","","","",""
"Blu & Exile","Below the Heavens","Album: Below the Heavens/ Artist: Blu & Exile","2007","","100","0.01%","78.2776971%","Yes","","","","","","","","","","","","","","","","",""
"Blu & Real Bad Man","Bad News","Album: Bad News/ Artist: Blu & Real Bad Man","2023","","100","0.01%","78.2837446%","Yes","","","","","","","","","","","","","","","","",""
"Blu & Sirplus","For Sale","Album: For Sale/ Artist: Blu & Sirplus","2021","","100","0.01%","78.2897920%","Yes","","","","","","","","","","","","","","","","",""
"Blue Cheer","Vincebus Eruptum","Album: Vincebus Eruptum/ Artist: Blue Cheer","1968","","100","0.01%","78.2958394%","Yes","","","","","","","","","","","","","","","","",""
"Blue Öyster Cult","Fire of Unknown Origin","Album: Fire of Unknown Origin/ Artist: Blue Öyster Cult","1981","","100","0.01%","78.3018868%","Yes","","","","","","","","","","","","","","","","",""
"Blue Öyster Cult","Secret Treaties","Album: Secret Treaties/ Artist: Blue Öyster Cult","1974","","100","0.01%","78.3079342%","Yes","","","","","","","","","","","","","","","","",""
"Blur","The Magic Whip","Album: The Magic Whip/ Artist: Blur","2015","","100","0.01%","78.3139816%","Yes","","","","","","","","","","","","","","","","",""
"Blur","Think Tank","Album: Think Tank/ Artist: Blur","2003","","100","0.01%","78.3200290%","Yes","","","","","","","","","","","","","","","","",""
"Blur","The Best of Blur","Album: The Best of Blur/ Artist: Blur","2000","","100","0.01%","78.3260764%","Yes","","","","","","","","","","","","","","","","",""
"Blur","13","Album: 13/ Artist: Blur","1999","","100","0.01%","78.3321239%","Yes","","","","","","","","","","","","","","","","",""
"Blur","Blur","Album: Blur/ Artist: Blur","1997","","100","0.01%","78.3381713%","Yes","","","","","","","","","","","","","","","","",""
"Blur","The Great Escape","Album: The Great Escape/ Artist: Blur","1995","","100","0.01%","78.3442187%","Yes","","","","","","","","","","","","","","","","",""
"Blur","Parklife","Album: Parklife/ Artist: Blur","1994","","100","0.01%","78.3502661%","Yes","","","","","","","","","","","","","","","","",""
"Blur","Modern Life Is Rubbish","Album: Modern Life Is Rubbish/ Artist: Blur","1993","","100","0.01%","78.3563135%","Yes","","","","","","","","","","","","","","","","",""
"Blut aus Nord","Memoria Vetusta II: Dialogue With the Stars","Album: Memoria Vetusta II: Dialogue With the Stars/ Artist: Blut aus Nord","2009","","100","0.01%","78.3623609%","Yes","","","","","","","","","","","","","","","","",""
"Bo Burnham","Make Happy","Album: Make Happy/ Artist: Bo Burnham","2016","","100","0.01%","78.3684083%","No","","","","","","","","","","","","","","","","",""
"Bo Burnham","Inside","Album: Inside/ Artist: Bo Burnham","2021","","100","0.01%","78.3744557%","Yes","","","","","","","","","","","","","","","","",""
"Bo Burnham","what.","Album: what./ Artist: Bo Burnham","2013","","100","0.01%","78.3805031%","Yes","","","","","","","","","","","","","","","","",""
"Boards of Canada","Societas X Tape","Album: Societas X Tape/ Artist: Boards of Canada","2019","","100","0.01%","78.3865506%","Yes","","","","","","","","","","","","","","","","",""
"Boards Of Canada","Tomorrow's Harvest","Album: Tomorrow's Harvest/ Artist: Boards Of Canada","2013","","100","0.01%","78.3925980%","Yes","","","","","","","","","","","","","","","","",""
"Boards Of Canada","The Campfire Headphase","Album: The Campfire Headphase/ Artist: Boards Of Canada","2005","","100","0.01%","78.3986454%","Yes","","","","","","","","","","","","","","","","",""
"Boards Of Canada","Geogaddi","Album: Geogaddi/ Artist: Boards Of Canada","2002","","100","0.01%","78.4046928%","Yes","","","","","","","","","","","","","","","","",""
"Boards Of Canada","In a Beautiful Place Out in the Country","Album: In a Beautiful Place Out in the Country/ Artist: Boards Of Canada","2000","","100","0.01%","78.4107402%","Yes","","","","","","","","","","","","","","","","",""
"Boards Of Canada","Music Has The Right To Children","Album: Music Has The Right To Children/ Artist: Boards Of Canada","1998","","100","0.01%","78.4167876%","Yes","","","","","","","","","","","","","","","","",""
"Boards Of Canada","Hi Scores","Album: Hi Scores/ Artist: Boards Of Canada","1996","","100","0.01%","78.4228350%","Yes","","","","","","","","","","","","","","","","",""
"Bob Dylan","Modern Times","Album: Modern Times/ Artist: Bob Dylan","2006","","100","0.01%","78.4288824%","Yes","","","","","","","","","","","","","","","","",""
"Bob Dylan","Love and Theft","Album: Love and Theft/ Artist: Bob Dylan","2001","","100","0.01%","78.4349299%","Yes","","","","","","","","","","","","","","","","",""
"Bob Dylan","Time Out of Mind","Album: Time Out of Mind/ Artist: Bob Dylan","1997","","100","0.01%","78.4409773%","Yes","","","","","","","","","","","","","","","","",""
"Bob Dylan","Greatest Hits Volume 3 (Bob Dylan)","Album: Greatest Hits Volume 3 (Bob Dylan)/ Artist: Bob Dylan","1994","","100","0.01%","78.4470247%","Yes","","","","","","","","","","","","","","","","",""
"Bob Dylan","Desire","Album: Desire/ Artist: Bob Dylan","1976","","100","0.01%","78.4530721%","Yes","","","","","","","","","","","","","","","","",""
"Bob Dylan","Blood on th Tracks","Album: Blood on th Tracks/ Artist: Bob Dylan","1975","","100","0.01%","78.4591195%","Yes","","","","","","","","","","","","","","","","",""
"Bob Dylan","Greatest Hits Volume 2 (Bob Dylan)","Album: Greatest Hits Volume 2 (Bob Dylan)/ Artist: Bob Dylan","1971","","100","0.01%","78.4651669%","Yes","","","","","","","","","","","","","","","","",""
"Bob Dylan","John Wesley Harding","Album: John Wesley Harding/ Artist: Bob Dylan","1969","","100","0.01%","78.4712143%","Yes","","","","","","","","","","","","","","","","",""
"Bob Dylan","Nashville Skyline","Album: Nashville Skyline/ Artist: Bob Dylan","1969","","100","0.01%","78.4772617%","Yes","","","","","","","","","","","","","","","","",""
"Bob Dylan","Greatest Hits Volume 1 (Bob Dylan)","Album: Greatest Hits Volume 1 (Bob Dylan)/ Artist: Bob Dylan","1967","","100","0.01%","78.4833091%","Yes","","","","","","","","","","","","","","","","",""
"Bob Dylan","Blonde on Blonde","Album: Blonde on Blonde/ Artist: Bob Dylan","1966","","100","0.01%","78.4893566%","Yes","","","","","","","","","","","","","","","","",""
"Bob Dylan","Bringing It All Back Home","Album: Bringing It All Back Home/ Artist: Bob Dylan","1965","","100","0.01%","78.4954040%","Yes","","","","","","","","","","","","","","","","",""
"Bob Dylan","Highway 61 Revisited","Album: Highway 61 Revisited/ Artist: Bob Dylan","1965","","100","0.01%","78.5014514%","Yes","","","","","","","","","","","","","","","","",""
"Bob Dylan","The Times They Are a-Changin'","Album: The Times They Are a-Changin'/ Artist: Bob Dylan","1964","","100","0.01%","78.5074988%","Yes","","","","","","","","","","","","","","","","",""
"Bob Dylan","The Freewheelin' Bob Dylan","Album: The Freewheelin' Bob Dylan/ Artist: Bob Dylan","1963","","100","0.01%","78.5135462%","Yes","","","","","","","","","","","","","","","","",""
"Bob Dylan & The Band","The Basement Tapes","Album: The Basement Tapes/ Artist: Bob Dylan & The Band","1975","","100","0.01%","78.5195936%","Yes","","","","","","","","","","","","","","","","",""
"Bobby Bland","Two Steps from the Blues","Album: Two Steps from the Blues/ Artist: Bobby Bland","1961","","100","0.01%","78.5256410%","Yes","","","","","","","","","","","","","","","","",""
"Bolt Thrower","Those Once Loyal","Album: Those Once Loyal/ Artist: Bolt Thrower","2005","","100","0.01%","78.5316884%","Yes","","","","","","","","","","","","","","","","",""
"Bolt Thrower","...For Victory","Album: ...For Victory/ Artist: Bolt Thrower","1994","","100","0.01%","78.5377358%","Yes","","","","","","","","","","","","","","","","",""
"Bolt Thrower","The IVth Crusade","Album: The IVth Crusade/ Artist: Bolt Thrower","1992","","100","0.01%","78.5437833%","Yes","","","","","","","","","","","","","","","","",""
"Bolt Thrower","Realm of Chaos","Album: Realm of Chaos/ Artist: Bolt Thrower","1989","","100","0.01%","78.5498307%","Yes","","","","","","","","","","","","","","","","",""
"Bolzer","Aura","Album: Aura/ Artist: Bolzer","2013","","100","0.01%","78.5558781%","Yes","","","","","","","","","","","","","","","","",""
"Bomb the Music Industry!","Adults!!!... Smart!!! Shithammered!!! And Excited by Nothing!!!!!!!","Album: Adults!!!... Smart!!! Shithammered!!! And Excited by Nothing!!!!!!!/ Artist: Bomb the Music Industry!","2010","","100","0.01%","78.5619255%","Yes","","","","","","","","","","","","","","","","",""
"Bonded by Blood","Exodus","Album: Exodus/ Artist: Bonded by Blood","1985","","100","0.01%","78.5679729%","Yes","","","","","","","","","","","","","","","","",""
"Bone Thugs-N-Harmony","E. 1999 Eternal","Album: E. 1999 Eternal/ Artist: Bone Thugs-N-Harmony","1996","","100","0.01%","78.5740203%","Yes","","","","","","","","","","","","","","","","",""
"Bongzilla","Gateway","Album: Gateway/ Artist: Bongzilla","2002","","100","0.01%","78.5800677%","Yes","","","","","","","","","","","","","","","","",""
"Booka Shade","Movements 10","Album: Movements 10/ Artist: Booka Shade","2006","","100","0.01%","78.5861151%","Yes","","","","","","","","","","","","","","","","",""
"Booker T & The MGs","Green Onions","Album: Green Onions/ Artist: Booker T & The MGs","1962","","100","0.01%","78.5921626%","Yes","","","","","","","","","","","","","","","","",""
"Boredoms","Super ae","Album: Super ae/ Artist: Boredoms","2022","","100","0.01%","78.5982100%","No","","","","","","","","","","","","","","","","",""
"Boredoms","Vision Creation Newsun","Album: Vision Creation Newsun/ Artist: Boredoms","1999","","100","0.01%","78.6042574%","No","","","","","","","","","","","","","","","","",""
"Boris","Flood","Album: Flood/ Artist: Boris","2000","","100","0.01%","78.6103048%","No","","","","","","","","","","","","","","","","",""
"Boris","Boris At Last - Feedback","Album: Boris At Last - Feedback/ Artist: Boris","2003","","100","0.01%","78.6163522%","Yes","","","","","","","","","","","","","","","","",""
"Boris","あくまのうた (Akuma no uta)","Album: あくまのうた (Akuma no uta)/ Artist: Boris","2003","","100","0.01%","78.6223996%","Yes","","","","","","","","","","","","","","","","",""
"Boris","Heavy Rocks","Album: Heavy Rocks/ Artist: Boris","2002","","100","0.01%","78.6284470%","Yes","","","","","","","","","","","","","","","","",""
"Boris","Amplifier Worship","Album: Amplifier Worship/ Artist: Boris","1998","","100","0.01%","78.6344944%","Yes","","","","","","","","","","","","","","","","",""
"Boris","Pink","Album: Pink/ Artist: Boris","1992","","100","0.01%","78.6405418%","Yes","","","","","","","","","","","","","","","","",""
"Boris & Merzbow","Rock Dream","Album: Rock Dream/ Artist: Boris & Merzbow","2007","","100","0.01%","78.6465893%","No","","","","","","","","","","","","","","","","",""
"Botch","We Are the Romans","Album: We Are the Romans/ Artist: Botch","1999","","100","0.01%","78.6526367%","Yes","","","","","","","","","","","","","","","","",""
"Bowery Electric","Beat","Album: Beat/ Artist: Bowery Electric","1996","","100","0.01%","78.6586841%","Yes","","","","","","","","","","","","","","","","",""
"boygenius","The Record","Album: The Record/ Artist: boygenius","2023","","100","0.01%","78.6647315%","Yes","","","","","","","","","","","","","","","","",""
"boygenius","boygenius EP","Album: boygenius EP/ Artist: boygenius","2018","","100","0.01%","78.6707789%","Yes","","","","","","","","","","","","","","","","",""
"Brand New","Science Fiction","Album: Science Fiction/ Artist: Brand New","2017","","100","0.01%","78.6768263%","Yes","","","","","","","","","","","","","","","","",""
"Brand New","Daisy","Album: Daisy/ Artist: Brand New","2009","","100","0.01%","78.6828737%","Yes","","","","","","","","","","","","","","","","",""
"Brand New","The Devil And God Are Raging Inside Me","Album: The Devil And God Are Raging Inside Me/ Artist: Brand New","2006","","100","0.01%","78.6889211%","Yes","","","","","","","","","","","","","","","","",""
"Brand New","Deja Entendu","Album: Deja Entendu/ Artist: Brand New","2003","","100","0.01%","78.6949686%","Yes","","","","","","","","","","","","","","","","",""
"Brandy","Never Say Never","Album: Never Say Never/ Artist: Brandy","1998","","100","0.01%","78.7010160%","Yes","","","","","","","","","","","","","","","","",""
"Brave Little Abacus","Okumay","Album: Okumay/ Artist: Brave Little Abacus","2012","","100","0.01%","78.7070634%","Yes","","","","","","","","","","","","","","","","",""
"Brave Little Abacus","Just Got Back From the Discomfort—We're Alright","Album: Just Got Back From the Discomfort—We're Alright/ Artist: Brave Little Abacus","2010","","100","0.01%","78.7131108%","Yes","","","","","","","","","","","","","","","","",""
"Brave Little Abacus","Masked Dancers: Concern in So Many Things You Forget Where You Are","Album: Masked Dancers: Concern in So Many Things You Forget Where You Are/ Artist: Brave Little Abacus","2009","","100","0.01%","78.7191582%","Yes","","","","","","","","","","","","","","","","",""
"Brian Eno","Apollo: Atmospheres and Sountracks","Album: Apollo: Atmospheres and Sountracks/ Artist: Brian Eno","1983","","100","0.01%","78.7252056%","Yes","","","","","","","","","","","","","","","","",""
"Brian Eno","Ambient 4: On Land","Album: Ambient 4: On Land/ Artist: Brian Eno","1982","","100","0.01%","78.7312530%","Yes","","","","","","","","","","","","","","","","",""
"Brian Eno","Ambient 1: Music for Airports","Album: Ambient 1: Music for Airports/ Artist: Brian Eno","1978","","100","0.01%","78.7373004%","Yes","","","","","","","","","","","","","","","","",""
"Brian Eno","Before And After Science","Album: Before And After Science/ Artist: Brian Eno","1977","","100","0.01%","78.7433478%","Yes","","","","","","","","","","","","","","","","",""
"Brian Eno","Another Green World","Album: Another Green World/ Artist: Brian Eno","1975","","100","0.01%","78.7493953%","Yes","","","","","","","","","","","","","","","","",""
"Brian Eno","Here Come the Warm Jets","Album: Here Come the Warm Jets/ Artist: Brian Eno","1974","","100","0.01%","78.7554427%","Yes","","","","","","","","","","","","","","","","",""
"Brian Eno","Taking Tiger Mountain (By Strategy)","Album: Taking Tiger Mountain (By Strategy)/ Artist: Brian Eno","1974","","100","0.01%","78.7614901%","Yes","","","","","","","","","","","","","","","","",""
"Brian Eno","Discreet Music","Album: Discreet Music/ Artist: Brian Eno","1971","","100","0.01%","78.7675375%","Yes","","","","","","","","","","","","","","","","",""
"Brian Eno & David Byrne","My Life in the Bush of Ghosts","Album: My Life in the Bush of Ghosts/ Artist: Brian Eno & David Byrne","1981","","100","0.01%","78.7735849%","Yes","","","","","","","","","","","","","","","","",""
"Brian Eno & Harold Budd","The Pearl","Album: The Pearl/ Artist: Brian Eno & Harold Budd","1984","","100","0.01%","78.7796323%","Yes","","","","","","","","","","","","","","","","",""
"Brian Eno & Harold Budd","Ambient 2: The Plateaux of Mirror","Album: Ambient 2: The Plateaux of Mirror/ Artist: Brian Eno & Harold Budd","1980","","100","0.01%","78.7856797%","Yes","","","","","","","","","","","","","","","","",""
"Brian Wilson","Smile","Album: Smile/ Artist: Brian Wilson","2004","","100","0.01%","78.7917271%","Yes","","","","","","","","","","","","","","","","",""
"Bridgit Mendler","Nemesis","Album: Nemesis/ Artist: Bridgit Mendler","2016","","100","0.01%","78.7977746%","Yes","","","","","","","","","","","","","","","","",""
"Bring Me the Horizon","POST HUMAN: SURVIVAL HORROR","Album: POST HUMAN: SURVIVAL HORROR/ Artist: Bring Me the Horizon","2020","","100","0.01%","78.8038220%","Yes","","","","","","","","","","","","","","","","",""
"Britney Spears","Greatest Hits: My Prerogative","Album: Greatest Hits: My Prerogative/ Artist: Britney Spears","2004","","100","0.01%","78.8098694%","Yes","","","","","","","","","","","","","","","","",""
"Brittany Howard","What Now","Album: What Now/ Artist: Brittany Howard","2024","","100","0.01%","78.8159168%","Yes","","","","","","","","","","","","","","","","",""
"Brittany Howard","Jamie","Album: Jamie/ Artist: Brittany Howard","2019","","100","0.01%","78.8219642%","Yes","","","","","","","","","","","","","","","","",""
"Broadcast","Tender Buttons","Album: Tender Buttons/ Artist: Broadcast","2005","","100","0.01%","78.8280116%","Yes","","","","","","","","","","","","","","","","",""
"Broadcast","Haha Sound","Album: Haha Sound/ Artist: Broadcast","2003","","100","0.01%","78.8340590%","Yes","","","","","","","","","","","","","","","","",""
"Broadcast","The Noise Made By People","Album: The Noise Made By People/ Artist: Broadcast","2000","","100","0.01%","78.8401064%","Yes","","","","","","","","","","","","","","","","",""
"Broadcast","Work and Non Work","Album: Work and Non Work/ Artist: Broadcast","1997","","100","0.01%","78.8461538%","Yes","","","","","","","","","","","","","","","","",""
"Brockhampton","ROADRUNNER: NEW LIGHT, NEW MACHINE","Album: ROADRUNNER: NEW LIGHT, NEW MACHINE/ Artist: Brockhampton","2021","","100","0.01%","78.8522013%","Yes","","","","","","","","","","","","","","","","",""
"Brockhampton","Iridescence","Album: Iridescence/ Artist: Brockhampton","2020","","100","0.01%","78.8582487%","Yes","","","","","","","","","","","","","","","","",""
"Brockhampton","Saturation ","Album: Saturation / Artist: Brockhampton","2017","","100","0.01%","78.8642961%","Yes","","","","","","","","","","","","","","","","",""
"Brockhampton","Saturation II","Album: Saturation II/ Artist: Brockhampton","2017","","100","0.01%","78.8703435%","Yes","","","","","","","","","","","","","","","","",""
"Brockhampton","Saturation III","Album: Saturation III/ Artist: Brockhampton","2017","","100","0.01%","78.8763909%","Yes","","","","","","","","","","","","","","","","",""
"Broken Social Scene","Hug of Thunder","Album: Hug of Thunder/ Artist: Broken Social Scene","2017","","100","0.01%","78.8824383%","Yes","","","","","","","","","","","","","","","","",""
"Broken Social Scene","Broken Social Scene","Album: Broken Social Scene/ Artist: Broken Social Scene","2005","","100","0.01%","78.8884857%","Yes","","","","","","","","","","","","","","","","",""
"Broken Social Scene","You Forgot It In People","Album: You Forgot It In People/ Artist: Broken Social Scene","2002","","100","0.01%","78.8945331%","Yes","","","","","","","","","","","","","","","","",""
"Brother Ali","Shadows on the Sun","Album: Shadows on the Sun/ Artist: Brother Ali","2011","","100","0.01%","78.9005806%","Yes","","","","","","","","","","","","","","","","",""
"Bruce Dickinson","The Chemical Wedding","Album: The Chemical Wedding/ Artist: Bruce Dickinson","1998","","100","0.01%","78.9066280%","Yes","","","","","","","","","","","","","","","","",""
"Bruce Springsteen","Greatest Hits CD1","Album: Greatest Hits CD1/ Artist: Bruce Springsteen","1995","","100","0.01%","78.9126754%","Yes","","","","","","","","","","","","","","","","",""
"Bruce Springsteen","Greatest Hits CD2","Album: Greatest Hits CD2/ Artist: Bruce Springsteen","1995","","100","0.01%","78.9187228%","Yes","","","","","","","","","","","","","","","","",""
"Bruce Springsteen","Born in the U.S.A","Album: Born in the U.S.A/ Artist: Bruce Springsteen","1984","","100","0.01%","78.9247702%","Yes","","","","","","","","","","","","","","","","",""
"Bruce Springsteen","Nebraska","Album: Nebraska/ Artist: Bruce Springsteen","1982","","100","0.01%","78.9308176%","Yes","","","","","","","","","","","","","","","","",""
"Bruce Springsteen","The River","Album: The River/ Artist: Bruce Springsteen","1980","","100","0.01%","78.9368650%","Yes","","","","","","","","","","","","","","","","",""
"Bruce Springsteen","Darkness on the Edge of Town","Album: Darkness on the Edge of Town/ Artist: Bruce Springsteen","1978","","100","0.01%","78.9429124%","Yes","","","","","","","","","","","","","","","","",""
"Bruce Springsteen","Born to Run","Album: Born to Run/ Artist: Bruce Springsteen","1975","","100","0.01%","78.9489598%","Yes","","","","","","","","","","","","","","","","",""
"Bruce Springsteen","The Wild, The Innocent, & The E Street Shuffle","Album: The Wild, The Innocent, & The E Street Shuffle/ Artist: Bruce Springsteen","1973","","100","0.01%","78.9550073%","Yes","","","","","","","","","","","","","","","","",""
"Bruno Pernadas","Those Who Throw Objects at the Crocodiles Will Be Asked to Retrieve Them","Album: Those Who Throw Objects at the Crocodiles Will Be Asked to Retrieve Them/ Artist: Bruno Pernadas","2016","","100","0.01%","78.9610547%","Yes","","","","","","","","","","","","","","","","",""
"Bubu","Anabelas","Album: Anabelas/ Artist: Bubu","1978","","100","0.01%","78.9671021%","Yes","","","","","","","","","","","","","","","","",""
"Buckethead","Crime Slunk Scene","Album: Crime Slunk Scene/ Artist: Buckethead","2006","","100","0.01%","78.9731495%","Yes","","","","","","","","","","","","","","","","",""
"Buckethead","Electric Tears","Album: Electric Tears/ Artist: Buckethead","2002","","100","0.01%","78.9791969%","Yes","","","","","","","","","","","","","","","","",""
"Buckethead","Colma","Album: Colma/ Artist: Buckethead","1998","","100","0.01%","78.9852443%","Yes","","","","","","","","","","","","","","","","",""
"Buena Vista Social Club","Buena Vista Social Club","Album: Buena Vista Social Club/ Artist: Buena Vista Social Club","1997","","100","0.01%","78.9912917%","Yes","","","","","","","","","","","","","","","","",""
"Buffalo Springfield","Buffalo Springfield Again","Album: Buffalo Springfield Again/ Artist: Buffalo Springfield","1967","","100","0.01%","78.9973391%","Yes","","","","","","","","","","","","","","","","",""
"Buffy Sainte-Marie","Illuminations","Album: Illuminations/ Artist: Buffy Sainte-Marie","1969","","100","0.01%","79.0033866%","Yes","","","","","","","","","","","","","","","","",""
"Built to Spill","Keep It Like a Secret","Album: Keep It Like a Secret/ Artist: Built to Spill","1999","","100","0.01%","79.0094340%","Yes","","","","","","","","","","","","","","","","",""
"Built to Spill","Perfect From Now On","Album: Perfect From Now On/ Artist: Built to Spill","1997","","100","0.01%","79.0154814%","Yes","","","","","","","","","","","","","","","","",""
"Built to Spill","There's Nothing Wrong with Love","Album: There's Nothing Wrong with Love/ Artist: Built to Spill","1994","","100","0.01%","79.0215288%","Yes","","","","","","","","","","","","","","","","",""
"Burial","Tunes 2011-2019","Album: Tunes 2011-2019/ Artist: Burial","2019","","100","0.01%","79.0275762%","Yes","","","","","","","","","","","","","","","","",""
"Burial","Rival Dealer","Album: Rival Dealer/ Artist: Burial","2013","","100","0.01%","79.0336236%","Yes","","","","","","","","","","","","","","","","",""
"Burial","Kindred","Album: Kindred/ Artist: Burial","2012","","100","0.01%","79.0396710%","Yes","","","","","","","","","","","","","","","","",""
"Burial","Truant / Rough Sleeper","Album: Truant / Rough Sleeper/ Artist: Burial","2012","","100","0.01%","79.0457184%","Yes","","","","","","","","","","","","","","","","",""
"Burial","Street Halo","Album: Street Halo/ Artist: Burial","2011","","100","0.01%","79.0517658%","Yes","","","","","","","","","","","","","","","","",""
"Burial","Untrue","Album: Untrue/ Artist: Burial","2007","","100","0.01%","79.0578133%","Yes","","","","","","","","","","","","","","","","",""
"Burzum","Filosofem","Album: Filosofem/ Artist: Burzum","1996","","100","0.01%","79.0638607%","Yes","","","","","","","","","","","","","","","","",""
"Burzum","Hvis lyset tar oss","Album: Hvis lyset tar oss/ Artist: Burzum","1994","","100","0.01%","79.0699081%","Yes","","","","","","","","","","","","","","","","",""
"Buscabulla","Regresa","Album: Regresa/ Artist: Buscabulla","2020","","100","0.01%","79.0759555%","Yes","","","","","","","","","","","","","","","","",""
"Busdriver","Perfect Hair","Album: Perfect Hair/ Artist: Busdriver","2014","","100","0.01%","79.0820029%","Yes","","","","","","","","","","","","","","","","",""
"Busdriver","Temporary Forever","Album: Temporary Forever/ Artist: Busdriver","2002","","100","0.01%","79.0880503%","Yes","","","","","","","","","","","","","","","","",""
"Butthole Surfers","Locust Abortion Technicians","Album: Locust Abortion Technicians/ Artist: Butthole Surfers","1987","","100","0.01%","79.0940977%","Yes","","","","","","","","","","","","","","","","",""
"Buzzcocks","Singles Going Steady","Album: Singles Going Steady/ Artist: Buzzcocks","1979","","100","0.01%","79.1001451%","Yes","","","","","","","","","","","","","","","","",""
"C. Tangana","El Madrileño","Album: El Madrileño/ Artist: C. Tangana","2021","","100","0.01%","79.1061925%","Yes","","","","","","","","","","","","","","","","",""
"c418","Minecraft - Volume Beta","Album: Minecraft - Volume Beta/ Artist: c418","2012","","100","0.01%","79.1122400%","Yes","","","","","","","","","","","","","","","","",""
"c418","Minecraft - Volume Alpha","Album: Minecraft - Volume Alpha/ Artist: c418","2011","","100","0.01%","79.1182874%","Yes","","","","","","","","","","","","","","","","",""
"Cacola","Amy Rose","Album: Amy Rose/ Artist: Cacola","2020","","100","0.01%","79.1243348%","No","","","","","","","","","","","","","","","","",""
"Caetano Veloso","Transa","Album: Transa/ Artist: Caetano Veloso","1972","","100","0.01%","79.1303822%","Yes","","","","","","","","","","","","","","","","",""
"Caetano Veloso","Caetano Veloso","Album: Caetano Veloso/ Artist: Caetano Veloso","1968","","100","0.01%","79.1364296%","Yes","","","","","","","","","","","","","","","","",""
"Café Tacvba","El Objeto Antes Llamado Disco","Album: El Objeto Antes Llamado Disco/ Artist: Café Tacvba","2012","","100","0.01%","79.1424770%","Yes","","","","","","","","","","","","","","","","",""
"Café Tacvba","Cuatro Caminos","Album: Cuatro Caminos/ Artist: Café Tacvba","2003","","100","0.01%","79.1485244%","Yes","","","","","","","","","","","","","","","","",""
"Café Tacvba","Revés","Album: Revés/ Artist: Café Tacvba","1999","","100","0.01%","79.1545718%","Yes","","","","","","","","","","","","","","","","",""
"Café Tacvba","Yo Soy","Album: Yo Soy/ Artist: Café Tacvba","1999","","100","0.01%","79.1606193%","Yes","","","","","","","","","","","","","","","","",""
"Café Tacvba","Avalancha de Exitos","Album: Avalancha de Exitos/ Artist: Café Tacvba","1996","","100","0.01%","79.1666667%","Yes","","","","","","","","","","","","","","","","",""
"Café Tacvba","Re","Album: Re/ Artist: Café Tacvba","1994","","100","0.01%","79.1727141%","Yes","","","","","","","","","","","","","","","","",""
"Caifanes","El Nervio del Volcán","Album: El Nervio del Volcán/ Artist: Caifanes","1994","","100","0.01%","79.1787615%","Yes","","","","","","","","","","","","","","","","",""
"Caifanes","El silencio","Album: El silencio/ Artist: Caifanes","1992","","100","0.01%","79.1848089%","Yes","","","","","","","","","","","","","","","","",""
"Cakes da Killa","Muvaland","Album: Muvaland/ Artist: Cakes da Killa","2020","","100","0.01%","79.1908563%","Yes","","","","","","","","","","","","","","","","",""
"Calexico","Feast of Wire","Album: Feast of Wire/ Artist: Calexico","2003","","100","0.01%","79.1969037%","Yes","","","","","","","","","","","","","","","","",""
"Calexico","The Black Light","Album: The Black Light/ Artist: Calexico","1998","","100","0.01%","79.2029511%","Yes","","","","","","","","","","","","","","","","",""
"Calle 13","MultiViral","Album: MultiViral/ Artist: Calle 13","2014","","100","0.01%","79.2089985%","Yes","","","","","","","","","","","","","","","","",""
"Calle 13","Entren Los Que Quieran","Album: Entren Los Que Quieran/ Artist: Calle 13","2010","","100","0.01%","79.2150460%","Yes","","","","","","","","","","","","","","","","",""
"Calle 13","Los de atrás vienen conmigo","Album: Los de atrás vienen conmigo/ Artist: Calle 13","2008","","100","0.01%","79.2210934%","Yes","","","","","","","","","","","","","","","","",""
"Camarón de la Isla","La Leyenda del Tiempo","Album: La Leyenda del Tiempo/ Artist: Camarón de la Isla","1979","","100","0.01%","79.2271408%","Yes","","","","","","","","","","","","","","","","",""
"Camel","Moonmadness","Album: Moonmadness/ Artist: Camel","1976","","100","0.01%","79.2331882%","Yes","","","","","","","","","","","","","","","","",""
"Camel","The Snow Goose","Album: The Snow Goose/ Artist: Camel","1975","","100","0.01%","79.2392356%","Yes","","","","","","","","","","","","","","","","",""
"Camel","Mirage","Album: Mirage/ Artist: Camel","1974","","100","0.01%","79.2452830%","Yes","","","","","","","","","","","","","","","","",""
"Cameron Winter","Heavy Metal","Album: Heavy Metal/ Artist: Cameron Winter","2024","","100","0.01%","79.2513304%","Yes","","","","","","","","","","","","","","","","",""
"Camp Lo","Uptown Saturday Night","Album: Uptown Saturday Night/ Artist: Camp Lo","1997","","100","0.01%","79.2573778%","Yes","","","","","","","","","","","","","","","","",""
"Can","Future Days","Album: Future Days/ Artist: Can","1973","","100","0.01%","79.2634253%","Yes","","","","","","","","","","","","","","","","",""
"Can","Ege Bamyasi","Album: Ege Bamyasi/ Artist: Can","1972","","100","0.01%","79.2694727%","Yes","","","","","","","","","","","","","","","","",""
"Can","Tago Mago","Album: Tago Mago/ Artist: Can","1971","","100","0.01%","79.2755201%","Yes","","","","","","","","","","","","","","","","",""
"Can","Monster Movie","Album: Monster Movie/ Artist: Can","1969","","100","0.01%","79.2815675%","Yes","","","","","","","","","","","","","","","","",""
"Candy Claws","Ceres & Calypso in the Deep Time","Album: Ceres & Calypso in the Deep Time/ Artist: Candy Claws","2013","","100","0.01%","79.2876149%","Yes","","","","","","","","","","","","","","","","",""
"Candy Claws","Two Airships / Exploder Falls","Album: Two Airships / Exploder Falls/ Artist: Candy Claws","2008","","100","0.01%","79.2936623%","Yes","","","","","","","","","","","","","","","","",""
"Cannibal Ox","The Cold Vein","Album: The Cold Vein/ Artist: Cannibal Ox","2001","","100","0.01%","79.2997097%","Yes","","","","","","","","","","","","","","","","",""
"Cap'n'Jazz","Burritos, Inspiration Point, Fork Balloon Sports","Album: Burritos, Inspiration Point, Fork Balloon Sports/ Artist: Cap'n'Jazz","1995","","100","0.01%","79.3057571%","Yes","","","","","","","","","","","","","","","","",""
"Capital Steez","AmeriKKKan Korruption","Album: AmeriKKKan Korruption/ Artist: Capital Steez","2012","","100","0.01%","79.3118045%","Yes","","","","","","","","","","","","","","","","",""
"Capone-n-Noreaga","The War Report","Album: The War Report/ Artist: Capone-n-Noreaga","1997","","100","0.01%","79.3178520%","Yes","","","","","","","","","","","","","","","","",""
"Captain Beefheart and His Magic Band","Trout Mask Replica","Album: Trout Mask Replica/ Artist: Captain Beefheart and His Magic Band","1969","","100","0.01%","79.3238994%","Yes","","","","","","","","","","","","","","","","",""
"Captain Beefheart and His Magic Band","Safe as Milk","Album: Safe as Milk/ Artist: Captain Beefheart and His Magic Band","1967","","100","0.01%","79.3299468%","Yes","","","","","","","","","","","","","","","","",""
"Captain Beyond","Captain Beyond","Album: Captain Beyond/ Artist: Captain Beyond","1972","","100","0.01%","79.3359942%","Yes","","","","","","","","","","","","","","","","",""
"Car Seat Headrest","Twin Fantasy","Album: Twin Fantasy/ Artist: Car Seat Headrest","2018","","100","0.01%","79.3420416%","Yes","","","","","","","","","","","","","","","","",""
"Car Seat Headrest","Teens of Denial","Album: Teens of Denial/ Artist: Car Seat Headrest","2016","","100","0.01%","79.3480890%","Yes","","","","","","","","","","","","","","","","",""
"Car Seat Headrest","How to Leave Town","Album: How to Leave Town/ Artist: Car Seat Headrest","2014","","100","0.01%","79.3541364%","Yes","","","","","","","","","","","","","","","","",""
"Car Seat Headrest","Nervous Young Man","Album: Nervous Young Man/ Artist: Car Seat Headrest","2013","","100","0.01%","79.3601838%","Yes","","","","","","","","","","","","","","","","",""
"Car Seat Headrest","Monomania","Album: Monomania/ Artist: Car Seat Headrest","2012","","100","0.01%","79.3662313%","Yes","","","","","","","","","","","","","","","","",""
"Caravan","If I Could Do It All Over Again, I'd Do It All Over You","Album: If I Could Do It All Over Again, I'd Do It All Over You/ Artist: Caravan","1970","","100","0.01%","79.3722787%","No","","","","","","","","","","","","","","","","",""
"Caravan","In the Land of Grey and Pink","Album: In the Land of Grey and Pink/ Artist: Caravan","1971","","100","0.01%","79.3783261%","Yes","","","","","","","","","","","","","","","","",""
"Carcass","Heartwork","Album: Heartwork/ Artist: Carcass","1993","","100","0.01%","79.3843735%","Yes","","","","","","","","","","","","","","","","",""
"Carcass","Necroticism: Descanting the Insalubrious","Album: Necroticism: Descanting the Insalubrious/ Artist: Carcass","1991","","100","0.01%","79.3904209%","Yes","","","","","","","","","","","","","","","","",""
"Carissa's Wierd","Songs About Leaving","Album: Songs About Leaving/ Artist: Carissa's Wierd","2002","","100","0.01%","79.3964683%","Yes","","","","","","","","","","","","","","","","",""
"Carly Rae Jepsen","EMOTION: Side B","Album: EMOTION: Side B/ Artist: Carly Rae Jepsen","2016","","100","0.01%","79.4025157%","Yes","","","","","","","","","","","","","","","","",""
"Carly Rae Jepsen","EMOTION","Album: EMOTION/ Artist: Carly Rae Jepsen","2015","","100","0.01%","79.4085631%","Yes","","","","","","","","","","","","","","","","",""
"Carole King","Tapestry","Album: Tapestry/ Artist: Carole King","1971","","100","0.01%","79.4146105%","Yes","","","","","","","","","","","","","","","","",""
"Caroline Polachek","Desire, I Want To Turn Into You","Album: Desire, I Want To Turn Into You/ Artist: Caroline Polachek","2023","","100","0.01%","79.4206580%","Yes","","","","","","","","","","","","","","","","",""
"Caroline Polachek","Pang","Album: Pang/ Artist: Caroline Polachek","2019","","100","0.01%","79.4267054%","Yes","","","","","","","","","","","","","","","","",""
"Carpenter Brut","Trilogy","Album: Trilogy/ Artist: Carpenter Brut","2015","","100","0.01%","79.4327528%","Yes","","","","","","","","","","","","","","","","",""
"Casiopea","Mint Jams","Album: Mint Jams/ Artist: Casiopea","1982","","100","0.01%","79.4388002%","Yes","","","","","","","","","","","","","","","","",""
"Casiopea","Casiopea","Album: Casiopea/ Artist: Casiopea","1979","","100","0.01%","79.4448476%","Yes","","","","","","","","","","","","","","","","",""
"Cat Power","Moon Pix","Album: Moon Pix/ Artist: Cat Power","2022","","100","0.01%","79.4508950%","Yes","","","","","","","","","","","","","","","","",""
"Cat Power","The Greatest","Album: The Greatest/ Artist: Cat Power","2006","","100","0.01%","79.4569424%","Yes","","","","","","","","","","","","","","","","",""
"Cat Power","You Are Free","Album: You Are Free/ Artist: Cat Power","2003","","100","0.01%","79.4629898%","Yes","","","","","","","","","","","","","","","","",""
"Cat Stevens","Tea For the Tillerman","Album: Tea For the Tillerman/ Artist: Cat Stevens","1970","","100","0.01%","79.4690373%","Yes","","","","","","","","","","","","","","","","",""
"Cate Le Bon","Pompeii","Album: Pompeii/ Artist: Cate Le Bon","2022","","100","0.01%","79.4750847%","Yes","","","","","","","","","","","","","","","","",""
"Cate le Bon","Reward","Album: Reward/ Artist: Cate le Bon","2019","","100","0.01%","79.4811321%","Yes","","","","","","","","","","","","","","","","",""
"CCCP Fedeli alla Linea","Affinità-divergenze fra il compagno Togliatti e noi: Del conseguimento della maggiore età","Album: Affinità-divergenze fra il compagno Togliatti e noi: Del conseguimento della maggiore età/ Artist: CCCP Fedeli alla Linea","1986","","100","0.01%","79.4871795%","Yes","","","","","","","","","","","","","","","","",""
"Cecil Taylor","At the Café Montmartré","Album: At the Café Montmartré/ Artist: Cecil Taylor","1962","","100","0.01%","79.4932269%","Yes","","","","","","","","","","","","","","","","",""
"Celtic Frost","Monotheist","Album: Monotheist/ Artist: Celtic Frost","2006","","100","0.01%","79.4992743%","Yes","","","","","","","","","","","","","","","","",""
"Celtic Frost","To Mega Therion","Album: To Mega Therion/ Artist: Celtic Frost","1985","","100","0.01%","79.5053217%","Yes","","","","","","","","","","","","","","","","",""
"Celtic Frost","Morbid Tales","Album: Morbid Tales/ Artist: Celtic Frost","1984","","100","0.01%","79.5113691%","Yes","","","","","","","","","","","","","","","","",""
"Cerce","Cerce EP","Album: Cerce EP/ Artist: Cerce","2012","","100","0.01%","79.5174165%","Yes","","","","","","","","","","","","","","","","",""
"CHAI","PUNK","Album: PUNK/ Artist: CHAI","2019","","100","0.01%","79.5234640%","Yes","","","","","","","","","","","","","","","","",""
"Chairlift","Something","Album: Something/ Artist: Chairlift","2012","","100","0.01%","79.5295114%","Yes","","","","","","","","","","","","","","","","",""
"Chance The Rapper","Coloring Book","Album: Coloring Book/ Artist: Chance The Rapper","2016","","100","0.01%","79.5355588%","Yes","","","","","","","","","","","","","","","","",""
"Chance The Rapper","Acid Rap","Album: Acid Rap/ Artist: Chance The Rapper","2013","","100","0.01%","79.5416062%","Yes","","","","","","","","","","","","","","","","",""
"Chancha Vía Circuito","Bienaventuranza","Album: Bienaventuranza/ Artist: Chancha Vía Circuito","2018","","100","0.01%","79.5476536%","Yes","","","","","","","","","","","","","","","","",""
"Chapterhouse","Whirlpool","Album: Whirlpool/ Artist: Chapterhouse","1991","","100","0.01%","79.5537010%","Yes","","","","","","","","","","","","","","","","",""
"Charles Mingus","Let My Children Hear Music","Album: Let My Children Hear Music/ Artist: Charles Mingus","1972","","100","0.01%","79.5597484%","Yes","","","","","","","","","","","","","","","","",""
"Charles Mingus","Mingus Mingus Mingus Mingus Mingus","Album: Mingus Mingus Mingus Mingus Mingus/ Artist: Charles Mingus","1965","","100","0.01%","79.5657958%","Yes","","","","","","","","","","","","","","","","",""
"Charles Mingus","The Black Saint and the Sinner Lady","Album: The Black Saint and the Sinner Lady/ Artist: Charles Mingus","1963","","100","0.01%","79.5718433%","Yes","","","","","","","","","","","","","","","","",""
"Charles Mingus","Oh Yeah","Album: Oh Yeah/ Artist: Charles Mingus","1962","","100","0.01%","79.5778907%","Yes","","","","","","","","","","","","","","","","",""
"Scientist","Scientist Rids the World of the Evil Curse of the Vampires","Album: Scientist Rids the World of the Evil Curse of the Vampires/ Artist: Scientist","1981","","100","0.01%","79.5839381%","","","","","","","","","","","","","","","","","",""
"Horace Andy","Dance Hall Style","Album: Dance Hall Style/ Artist: Horace Andy","1982","","100","0.01%","79.5899855%","","","","","","","","","","","","","","","","","",""
"The Durutti Column","Vini Reilly","Album: Vini Reilly/ Artist: The Durutti Column","1989","","100","0.01%","79.5960329%","","","","","","","","","","","","","","","","","",""
"Charles Mingus","Tijuana Moods","Album: Tijuana Moods/ Artist: Charles Mingus","1962","","100","0.01%","79.6020803%","Yes","","","","","","","","","","","","","","","","",""
"Charles Mingus","Mingus Ah Um","Album: Mingus Ah Um/ Artist: Charles Mingus","1959","","100","0.01%","79.6081277%","Yes","","","","","","","","","","","","","","","","",""
"Charles Mingus, Max Roach & Duke Ellington","Money Jungle","Album: Money Jungle/ Artist: Charles Mingus, Max Roach & Duke Ellington","1969","","100","0.01%","79.6141751%","Yes","","","","","","","","","","","","","","","","",""
"Charlie Parker","Bird: The Original Recordings of Charlie Parker","Album: Bird: The Original Recordings of Charlie Parker/ Artist: Charlie Parker","1980","","100","0.01%","79.6202225%","Yes","","","","","","","","","","","","","","","","",""
"Charlotte Gainsbourg","Rest","Album: Rest/ Artist: Charlotte Gainsbourg","2017","","100","0.01%","79.6262700%","Yes","","","","","","","","","","","","","","","","",""
"Charlotte Gainsbourg","IRM","Album: IRM/ Artist: Charlotte Gainsbourg","2009","","100","0.01%","79.6323174%","Yes","","","","","","","","","","","","","","","","",""
"Charly Garcia","Yendo de la Cama al Living","Album: Yendo de la Cama al Living/ Artist: Charly Garcia","1982","","100","0.01%","79.6383648%","Yes","","","","","","","","","","","","","","","","",""
"Charrly García","Clics Modernos","Album: Clics Modernos/ Artist: Charrly García","1983","","100","0.01%","79.6444122%","Yes","","","","","","","","","","","","","","","","",""
"Chat Pile & Nerver","Brothers in Christ","Album: Brothers in Christ/ Artist: Chat Pile & Nerver","2023","","100","0.01%","79.6504596%","Yes","","","","","","","","","","","","","","","","",""
"Cheekface","Too Much Ask","Album: Too Much Ask/ Artist: Cheekface","2022","","100","0.01%","79.6565070%","Yes","","","","","","","","","","","","","","","","",""
"Chelsea Wolfe","Abyss","Album: Abyss/ Artist: Chelsea Wolfe","2015","","100","0.01%","79.6625544%","Yes","","","","","","","","","","","","","","","","",""
"Chelsea Wolfe","Pain is Beauty","Album: Pain is Beauty/ Artist: Chelsea Wolfe","2013","","100","0.01%","79.6686018%","Yes","","","","","","","","","","","","","","","","",""
"Chelsea Wolfe","Ἀποκάλυψις [Apokalypsis]","Album: Ἀποκάλυψις [Apokalypsis]/ Artist: Chelsea Wolfe","2011","","100","0.01%","79.6746493%","Yes","","","","","","","","","","","","","","","","",""
"Chicago Transit Authority","Chicago Transit Authority","Album: Chicago Transit Authority/ Artist: Chicago Transit Authority","1969","","100","0.01%","79.6806967%","Yes","","","","","","","","","","","","","","","","",""
"Chicano Batman","Freedom is Free","Album: Freedom is Free/ Artist: Chicano Batman","2017","","100","0.01%","79.6867441%","Yes","","","","","","","","","","","","","","","","",""
"Chico Buarque","Construcao","Album: Construcao/ Artist: Chico Buarque","1971","","100","0.01%","79.6927915%","Yes","","","","","","","","","","","","","","","","",""
"Childish Gambino","Atavista","Album: Atavista/ Artist: Childish Gambino","2024","","100","0.01%","79.6988389%","Yes","","","","","","","","","","","","","","","","",""
"Childish Gambino","""Awaken, My Love!""","Album: ""Awaken, My Love!""/ Artist: Childish Gambino","2016","","100","0.01%","79.7048863%","Yes","","","","","","","","","","","","","","","","",""
"Chivo Negro","Volume Death","Album: Volume Death/ Artist: Chivo Negro","2017","","100","0.01%","79.7109337%","Yes","","","","","","","","","","","","","","","","",""
"Chris Travis","Pizza and Codeine","Album: Pizza and Codeine/ Artist: Chris Travis","2012","","100","0.01%","79.7169811%","Yes","","","","","","","","","","","","","","","","",""
"Christoph de Babalon","If You're Into It, I'm Out of It","Album: If You're Into It, I'm Out of It/ Artist: Christoph de Babalon","1997","","100","0.01%","79.7230285%","Yes","","","","","","","","","","","","","","","","",""
"Christopher Larkin","Hollow Knight (Original Soundtrack)","Album: Hollow Knight (Original Soundtrack)/ Artist: Christopher Larkin","2017","","100","0.01%","79.7290760%","Yes","","","","","","","","","","","","","","","","",""
"Chromatics","Kill For Love","Album: Kill For Love/ Artist: Chromatics","2012","","100","0.01%","79.7351234%","Yes","","","","","","","","","","","","","","","","",""
"Chuck Berry","The Great Twenty-Eight (1-14)","Album: The Great Twenty-Eight (1-14)/ Artist: Chuck Berry","1982","","100","0.01%","79.7411708%","Yes","","","","","","","","","","","","","","","","",""
"Chuck Berry","The Great Twenty-Eight (14-28)","Album: The Great Twenty-Eight (14-28)/ Artist: Chuck Berry","1982","","100","0.01%","79.7472182%","Yes","","","","","","","","","","","","","","","","",""
"Chuck Person","Eccojams Vol. 1","Album: Eccojams Vol. 1/ Artist: Chuck Person","2010","","100","0.01%","79.7532656%","No","","","","","","","","","","","","","","","","",""
"Cibo Matto","Stereo Type A","Album: Stereo Type A/ Artist: Cibo Matto","1999","","100","0.01%","79.7593130%","Yes","","","","","","","","","","","","","","","","",""
"Cibo Matto","Viva! La Woman","Album: Viva! La Woman/ Artist: Cibo Matto","1996","","100","0.01%","79.7653604%","Yes","","","","","","","","","","","","","","","","",""
"Cindy Lee","Diamond Jubilee","Album: Diamond Jubilee/ Artist: Cindy Lee","2024","","100","0.01%","79.7714078%","No","","","","","","","","","","","","","","","","",""
"Ciśnienie","JazzArt Underground","Album: JazzArt Underground/ Artist: Ciśnienie","2019","","100","0.01%","79.7774552%","Yes","","","","","","","","","","","","","","","","",""
"Civerous","Maze Envy","Album: Maze Envy/ Artist: Civerous","2024","","100","0.01%","79.7835027%","Yes","","","","","","","","","","","","","","","","",""
"Clairo","Charm","Album: Charm/ Artist: Clairo","2024","","100","0.01%","79.7895501%","Yes","","","","","","","","","","","","","","","","",""
"Clairo","Live al Electric Lady","Album: Live al Electric Lady/ Artist: Clairo","2023","","100","0.01%","79.7955975%","Yes","","","","","","","","","","","","","","","","",""
"Clams Casino","Instrumental Relics","Album: Instrumental Relics/ Artist: Clams Casino","2020","","100","0.01%","79.8016449%","Yes","","","","","","","","","","","","","","","","",""
"Clap Your Hands Say Yeah","Clap Your Hands Say Yeah","Album: Clap Your Hands Say Yeah/ Artist: Clap Your Hands Say Yeah","2005","","100","0.01%","79.8076923%","Yes","","","","","","","","","","","","","","","","",""
"Clarence Clarity","Vanishing Act I: No Nouns","Album: Vanishing Act I: No Nouns/ Artist: Clarence Clarity","2021","","100","0.01%","79.8137397%","Yes","","","","","","","","","","","","","","","","",""
"Clarence Clarity","LEAVE EARTH","Album: LEAVE EARTH/ Artist: Clarence Clarity","2018","","100","0.01%","79.8197871%","Yes","","","","","","","","","","","","","","","","",""
"Clarence Clarity","NO NOW","Album: NO NOW/ Artist: Clarence Clarity","2016","","100","0.01%","79.8258345%","Yes","","","","","","","","","","","","","","","","",""
"clipping.","Visions of Bodies Being Burned","Album: Visions of Bodies Being Burned/ Artist: clipping.","2020","","100","0.01%","79.8318820%","Yes","","","","","","","","","","","","","","","","",""
"clipping.","There Existed an Addiction to Blood","Album: There Existed an Addiction to Blood/ Artist: clipping.","2019","","100","0.01%","79.8379294%","Yes","","","","","","","","","","","","","","","","",""
"clipping.","Wriggle.","Album: Wriggle./ Artist: clipping.","2016","","100","0.01%","79.8439768%","Yes","","","","","","","","","","","","","","","","",""
"clipping.","CLPPNG","Album: CLPPNG/ Artist: clipping.","2014","","100","0.01%","79.8500242%","Yes","","","","","","","","","","","","","","","","",""
"Clipse","Hell Hath No Fury","Album: Hell Hath No Fury/ Artist: Clipse","2006","","100","0.01%","79.8560716%","Yes","","","","","","","","","","","","","","","","",""
"Clipse","Lord Willin'","Album: Lord Willin'/ Artist: Clipse","2002","","100","0.01%","79.8621190%","Yes","","","","","","","","","","","","","","","","",""
"Clipse","Let God Sort Em Out","Album: Let God Sort Em Out/ Artist: Clipse","2025","","100","0.01%","79.8681664%","Yes","","","","","","","","","","","","","","","","",""
"Clockwork Indigo","Clockwork Indigo","Album: Clockwork Indigo/ Artist: Clockwork Indigo","2014","","100","0.01%","79.8742138%","No","","","","","","","","","","","","","","","","",""
"Cloud Nothings","Here and Nowhere Else","Album: Here and Nowhere Else/ Artist: Cloud Nothings","2014","","100","0.01%","79.8802612%","Yes","","","","","","","","","","","","","","","","",""
"Cloud Nothings","Attack on Memory","Album: Attack on Memory/ Artist: Cloud Nothings","2012","","100","0.01%","79.8863087%","Yes","","","","","","","","","","","","","","","","",""
"Clouddead","Clouddead","Album: Clouddead/ Artist: Clouddead","2001","","100","0.01%","79.8923561%","Yes","","","","","","","","","","","","","","","","",""
"Cobalt","Slow Forever","Album: Slow Forever/ Artist: Cobalt","2016","","100","0.01%","79.8984035%","Yes","","","","","","","","","","","","","","","","",""
"Cocteau Twins","Heaven or Las Vegas","Album: Heaven or Las Vegas/ Artist: Cocteau Twins","1990","","100","0.01%","79.9044509%","Yes","","","","","","","","","","","","","","","","",""
"Cocteau Twins","Blue Bell Knoll","Album: Blue Bell Knoll/ Artist: Cocteau Twins","1988","","100","0.01%","79.9104983%","Yes","","","","","","","","","","","","","","","","",""
"Cocteau Twins","Love's Easy Tears","Album: Love's Easy Tears/ Artist: Cocteau Twins","1986","","100","0.01%","79.9165457%","Yes","","","","","","","","","","","","","","","","",""
"Cocteau Twins","Victorialand","Album: Victorialand/ Artist: Cocteau Twins","1986","","100","0.01%","79.9225931%","Yes","","","","","","","","","","","","","","","","",""
"Cocteau Twins","The Pink Opaque","Album: The Pink Opaque/ Artist: Cocteau Twins","1985","","100","0.01%","79.9286405%","Yes","","","","","","","","","","","","","","","","",""
"Cocteau Twins","The Spangle Maker","Album: The Spangle Maker/ Artist: Cocteau Twins","1984","","100","0.01%","79.9346880%","Yes","","","","","","","","","","","","","","","","",""
"Cocteau Twins","Treasure","Album: Treasure/ Artist: Cocteau Twins","1984","","100","0.01%","79.9407354%","Yes","","","","","","","","","","","","","","","","",""
"Cocteau Twins","Head Over Heels","Album: Head Over Heels/ Artist: Cocteau Twins","1983","","100","0.01%","79.9467828%","Yes","","","","","","","","","","","","","","","","",""
"Code Orange","Forever","Album: Forever/ Artist: Code Orange","2020","","100","0.01%","79.9528302%","Yes","","","","","","","","","","","","","","","","",""
"Code Orange","Underneath","Album: Underneath/ Artist: Code Orange","2020","","100","0.01%","79.9588776%","Yes","","","","","","","","","","","","","","","","",""
"Codeine","Frigid Stars LP","Album: Frigid Stars LP/ Artist: Codeine","1990","","100","0.01%","79.9649250%","Yes","","","","","","","","","","","","","","","","",""
"Coheed and Cambria","Good Apollo, I'm Burning Star IV, Volume Two: No World for Tomorrow","Album: Good Apollo, I'm Burning Star IV, Volume Two: No World for Tomorrow/ Artist: Coheed and Cambria","2007","","100","0.01%","79.9709724%","Yes","","","","","","","","","","","","","","","","",""
"Coheed and Cambria","Good Apollo, I'm Burning Star IV, Volume One: From Fear Through the Eyes of Madness","Album: Good Apollo, I'm Burning Star IV, Volume One: From Fear Through the Eyes of Madness/ Artist: Coheed and Cambria","2005","","100","0.01%","79.9770198%","Yes","","","","","","","","","","","","","","","","",""
"Coheed and Cambria","The Second Stage Turbine Blade","Album: The Second Stage Turbine Blade/ Artist: Coheed and Cambria","2001","","100","0.01%","79.9830672%","Yes","","","","","","","","","","","","","","","","",""
"Coil","Black Antlers","Album: Black Antlers/ Artist: Coil","2004","","100","0.01%","79.9891147%","Yes","","","","","","","","","","","","","","","","",""
"Coil","Moon's Milk (In Four Phases)","Album: Moon's Milk (In Four Phases)/ Artist: Coil","2002","","100","0.01%","79.9951621%","Yes","","","","","","","","","","","","","","","","",""
"Coil","The Ape of Naples","Album: The Ape of Naples/ Artist: Coil","2005","","100","0.01%","80.0012095%","Yes","","","","","","","","","","","","","","","","",""
"Coil","Musick to Play in the Dark²","Album: Musick to Play in the Dark²/ Artist: Coil","2000","","100","0.01%","80.0072569%","Yes","","","","","","","","","","","","","","","","",""
"Coil","Musick to Play in the Dark","Album: Musick to Play in the Dark/ Artist: Coil","1999","","100","0.01%","80.0133043%","Yes","","","","","","","","","","","","","","","","",""
"Coil","Horse Rotorvator","Album: Horse Rotorvator/ Artist: Coil","1986","","100","0.01%","80.0193517%","Yes","","","","","","","","","","","","","","","","",""
"Colin Stetson","When we were that what wept for the sea","Album: When we were that what wept for the sea/ Artist: Colin Stetson","2023","","100","0.01%","80.0253991%","Yes","","","","","","","","","","","","","","","","",""
"Colin Stetson","New History Warfare Vol. 3: To See More Light","Album: New History Warfare Vol. 3: To See More Light/ Artist: Colin Stetson","2013","","100","0.01%","80.0314465%","Yes","","","","","","","","","","","","","","","","",""
"Colin Stetson","New History Warfare Vol. 2","Album: New History Warfare Vol. 2/ Artist: Colin Stetson","2011","","100","0.01%","80.0374940%","Yes","","","","","","","","","","","","","","","","",""
"Colin Stetson","New History Warfare Vol. 2: Judges","Album: New History Warfare Vol. 2: Judges/ Artist: Colin Stetson","2011","","100","0.01%","80.0435414%","Yes","","","","","","","","","","","","","","","","",""
"Colosseum","Valentyne Suit","Album: Valentyne Suit/ Artist: Colosseum","1969","","100","0.01%","80.0495888%","Yes","","","","","","","","","","","","","","","","",""
"Common","Be","Album: Be/ Artist: Common","2005","","100","0.01%","80.0556362%","Yes","","","","","","","","","","","","","","","","",""
"Common","Like Water for Chocolate","Album: Like Water for Chocolate/ Artist: Common","2000","","100","0.01%","80.0616836%","Yes","","","","","","","","","","","","","","","","",""
"Common","One Day It'll Make Sense","Album: One Day It'll Make Sense/ Artist: Common","1997","","100","0.01%","80.0677310%","Yes","","","","","","","","","","","","","","","","",""
"Common","Resurrection","Album: Resurrection/ Artist: Common","1994","","100","0.01%","80.0737784%","Yes","","","","","","","","","","","","","","","","",""
"Common Sense","Resurrection","Album: Resurrection/ Artist: Common Sense","1994","","100","0.01%","80.0798258%","No","","","","","","","","","","","","","","","","",""
"Company Flow","Funcrusher Plus","Album: Funcrusher Plus/ Artist: Company Flow","1997","","100","0.01%","80.0858732%","Yes","","","","","","","","","","","","","","","","",""
"Comus","First Utterance","Album: First Utterance/ Artist: Comus","1971","","100","0.01%","80.0919207%","Yes","","","","","","","","","","","","","","","","",""
"Connan Mockasin","Forever Dolphin Love","Album: Forever Dolphin Love/ Artist: Connan Mockasin","2011","","100","0.01%","80.0979681%","Yes","","","","","","","","","","","","","","","","",""
"Converge","The Dusk In Us","Album: The Dusk In Us/ Artist: Converge","2017","","100","0.01%","80.1040155%","Yes","","","","","","","","","","","","","","","","",""
"Converge","All We Love We Leave Behind","Album: All We Love We Leave Behind/ Artist: Converge","2012","","100","0.01%","80.1100629%","Yes","","","","","","","","","","","","","","","","",""
"Converge","Axe To Fall","Album: Axe To Fall/ Artist: Converge","2009","","100","0.01%","80.1161103%","Yes","","","","","","","","","","","","","","","","",""
"Converge","No Heroes","Album: No Heroes/ Artist: Converge","2006","","100","0.01%","80.1221577%","Yes","","","","","","","","","","","","","","","","",""
"Converge","You Fail Me","Album: You Fail Me/ Artist: Converge","2004","","100","0.01%","80.1282051%","Yes","","","","","","","","","","","","","","","","",""
"Converge","Jane Doe","Album: Jane Doe/ Artist: Converge","2001","","100","0.01%","80.1342525%","Yes","","","","","","","","","","","","","","","","",""
"Converge","When Forever Comes Crashing","Album: When Forever Comes Crashing/ Artist: Converge","1998","","100","0.01%","80.1403000%","Yes","","","","","","","","","","","","","","","","",""
"Aliyah's Interlude","KUNTOLOGY 101 EP","Album: KUNTOLOGY 101 EP/ Artist: Aliyah's Interlude","1998","","100","0.01%","80.1690821%","Yes","","","","","","","","","","","","","","","","",""
"Converge","Petitioning the Empty Sky","Album: Petitioning the Empty Sky/ Artist: Converge","1996","","100","0.01%","80.1523860%","Yes","","","","","","","","","","","","","","","","",""
"Westside Cowboy","So Much Country ‘Till We Get There EP","Album: So Much Country ‘Till We Get There EP/ Artist: Westside Cowboy","1996","","100","0.01%","80.1799097%","Yes","","","","","","","","","","","","","","","","",""
"hemlocke springs","the apple tree under the sea","Album: the apple tree under the sea/ Artist: hemlocke springs","1996","","100","0.01%","80.1644706%","Yes","","","","","","","","","","","","","","","","",""
"IDK","e.t.d.s","Album: e.t.d.s/ Artist: IDK","1996","","100","0.01%","80.1705180%","Yes","","","","","","","","","","","","","","","","",""
"Converge","Love Is Not Enough","Album: Love Is Not Enough/ Artist: Converge","2025","","100","0.01%","80.1765654%","Yes","","","","","","","","","","","","","","","","",""
"Conway the Machine","God Don't Make Mistakes","Album: God Don't Make Mistakes/ Artist: Conway the Machine","2022","","100","0.01%","80.1826128%","Yes","","","","","","","","","","","","","","","","",""
"Cookin Soul","DOOM XMAS","Album: DOOM XMAS/ Artist: Cookin Soul","2020","","100","0.01%","80.1886603%","Yes","","","","","","","","","","","","","","","","",""
"Corea","Los peores 7 km de mi vida","Album: Los peores 7 km de mi vida/ Artist: Corea","2004","","100","0.01%","80.1947077%","Yes","","","","","","","","","","","","","","","","",""
"Cornelius","Point","Album: Point/ Artist: Cornelius","2001","","100","0.01%","80.2007551%","Yes","","","","","","","","","","","","","","","","",""
"Cornelius","Fantasma","Album: Fantasma/ Artist: Cornelius","1997","","100","0.01%","80.2068025%","Yes","","","","","","","","","","","","","","","","",""
"Cornershop","Handcream for A Generation","Album: Handcream for A Generation/ Artist: Cornershop","2002","","100","0.01%","80.2128499%","Yes","","","","","","","","","","","","","","","","",""
"Cornershop","When I Was Born for the 7th Time","Album: When I Was Born for the 7th Time/ Artist: Cornershop","1997","","100","0.01%","80.2188973%","Yes","","","","","","","","","","","","","","","","",""
"Coroner","Mental Vortex","Album: Mental Vortex/ Artist: Coroner","1991","","100","0.01%","80.2249447%","Yes","","","","","","","","","","","","","","","","",""
"Coroner","No More Color","Album: No More Color/ Artist: Coroner","1989","","100","0.01%","80.2309921%","Yes","","","","","","","","","","","","","","","","",""
"Coroner","Punishment for Decadence","Album: Punishment for Decadence/ Artist: Coroner","1988","","100","0.01%","80.2370396%","Yes","","","","","","","","","","","","","","","","",""
"Cortex","Troupeau bleu","Album: Troupeau bleu/ Artist: Cortex","1975","","100","0.01%","80.2430870%","Yes","","","","","","","","","","","","","","","","",""
"Courtney Barnett","Sometimes I Sit And Think, And Sometimes I Just Sit","Album: Sometimes I Sit And Think, And Sometimes I Just Sit/ Artist: Courtney Barnett","2015","","100","0.01%","80.2491344%","Yes","","","","","","","","","","","","","","","","",""
"Courtney Barnett","The Double EP: The Sea of Split Peas","Album: The Double EP: The Sea of Split Peas/ Artist: Courtney Barnett","2013","","100","0.01%","80.2551818%","Yes","","","","","","","","","","","","","","","","",""
"Cream","Disraeli Gears","Album: Disraeli Gears/ Artist: Cream","1967","","100","0.01%","80.2612292%","Yes","","","","","","","","","","","","","","","","",""
"Creedence Clearwater Revival","Chronicle","Album: Chronicle/ Artist: Creedence Clearwater Revival","1976","","100","0.01%","80.2672766%","Yes","","","","","","","","","","","","","","","","",""
"Creedence Clearwater Revival","Cosmo's Factory","Album: Cosmo's Factory/ Artist: Creedence Clearwater Revival","1970","","100","0.01%","80.2733240%","Yes","","","","","","","","","","","","","","","","",""
"Creedence Clearwater Revival","Green River","Album: Green River/ Artist: Creedence Clearwater Revival","1969","","100","0.01%","80.2793714%","Yes","","","","","","","","","","","","","","","","",""
"Creedence Clearwater Revival","Willy and the Poor Boys","Album: Willy and the Poor Boys/ Artist: Creedence Clearwater Revival","1969","","100","0.01%","80.2854188%","Yes","","","","","","","","","","","","","","","","",""
"Crosby, Still & Nash","Crosby, Still & Nash","Album: Crosby, Still & Nash/ Artist: Crosby, Still & Nash","1969","","100","0.01%","80.2914663%","Yes","","","","","","","","","","","","","","","","",""
"Crosby, Stills, Nash & Young","Déja Vü","Album: Déja Vü/ Artist: Crosby, Stills, Nash & Young","1970","","100","0.01%","80.2975137%","Yes","","","","","","","","","","","","","","","","",""
"Crumb","Jinx","Album: Jinx/ Artist: Crumb","2020","","100","0.01%","80.3035611%","Yes","","","","","","","","","","","","","","","","",""
"Crumb","Locket","Album: Locket/ Artist: Crumb","2017","","100","0.01%","80.3096085%","Yes","","","","","","","","","","","","","","","","",""
"Crying","Beyond the Fleeting Gales","Album: Beyond the Fleeting Gales/ Artist: Crying","2016","","100","0.01%","80.3156559%","Yes","","","","","","","","","","","","","","","","",""
"Cryptopsy","None So Vile","Album: None So Vile/ Artist: Cryptopsy","1996","","100","0.01%","80.3217033%","Yes","","","","","","","","","","","","","","","","",""
"Crystal Castles","(iii)","Album: (iii)/ Artist: Crystal Castles","2014","","100","0.01%","80.3277507%","Yes","","","","","","","","","","","","","","","","",""
"Crystal Castles","Crystal Castles (Second One)","Album: Crystal Castles (Second One)/ Artist: Crystal Castles","2010","","100","0.01%","80.3337981%","Yes","","","","","","","","","","","","","","","","",""
"Crystal Castles","Crystal Castles","Album: Crystal Castles/ Artist: Crystal Castles","2008","","100","0.01%","80.3398456%","Yes","","","","","","","","","","","","","","","","",""
"Crystal Stilts","In Love With Oblivion","Album: In Love With Oblivion/ Artist: Crystal Stilts","2011","","100","0.01%","80.3458930%","Yes","","","","","","","","","","","","","","","","",""
"Cult of Luna","Somewhere Along the Highway","Album: Somewhere Along the Highway/ Artist: Cult of Luna","2006","","100","0.01%","80.3519404%","Yes","","","","","","","","","","","","","","","","",""
"Culture","Two Sevens Clash","Album: Two Sevens Clash/ Artist: Culture","1977","","100","0.01%","80.3579878%","Yes","","","","","","","","","","","","","","","","",""
"CunninLynguists","Oneirology","Album: Oneirology/ Artist: CunninLynguists","2011","","100","0.01%","80.3640352%","Yes","","","","","","","","","","","","","","","","",""
"CunninLynguists","A Piece of Strange","Album: A Piece of Strange/ Artist: CunninLynguists","2006","","100","0.01%","80.3700826%","Yes","","","","","","","","","","","","","","","","",""
"Curren$y & The Alchemist","Covert Coup","Album: Covert Coup/ Artist: Curren$y & The Alchemist","2011","","100","0.01%","80.3761300%","Yes","","","","","","","","","","","","","","","","",""
"Current 93","Thunder Perfect Mind","Album: Thunder Perfect Mind/ Artist: Current 93","1992","","100","0.01%","80.3821774%","Yes","","","","","","","","","","","","","","","","",""
"Curtis Mayfield","Superfly","Album: Superfly/ Artist: Curtis Mayfield","1972","","100","0.01%","80.3882248%","Yes","","","","","","","","","","","","","","","","",""
"Curtis Mayfield","Curtis","Album: Curtis/ Artist: Curtis Mayfield","1970","","100","0.01%","80.3942723%","Yes","","","","","","","","","","","","","","","","",""
"Curtis Mayfield & The Impressions","The Anthology 1961 - 1977 CD1","Album: The Anthology 1961 - 1977 CD1/ Artist: Curtis Mayfield & The Impressions","1992","","100","0.01%","80.4003197%","Yes","","","","","","","","","","","","","","","","",""
"Curtis Mayfield & The Impressions","The Anthology 1961 - 1977 CD2","Album: The Anthology 1961 - 1977 CD2/ Artist: Curtis Mayfield & The Impressions","1992","","100","0.01%","80.4063671%","Yes","","","","","","","","","","","","","","","","",""
"Cut Copy","Zonoscope","Album: Zonoscope/ Artist: Cut Copy","2011","","100","0.01%","80.4124145%","Yes","","","","","","","","","","","","","","","","",""
"Cut Copy","In Ghost Colours","Album: In Ghost Colours/ Artist: Cut Copy","2007","","100","0.01%","80.4184619%","Yes","","","","","","","","","","","","","","","","",""
"Cyndi Lauper","She's So Unusual","Album: She's So Unusual/ Artist: Cyndi Lauper","1983","","100","0.01%","80.4245093%","Yes","","","","","","","","","","","","","","","","",""
"Cypress Hill","Black Sunday","Album: Black Sunday/ Artist: Cypress Hill","1993","","100","0.01%","80.4305567%","Yes","","","","","","","","","","","","","","","","",""
"Cypress Hill","Cypress Hill","Album: Cypress Hill/ Artist: Cypress Hill","1991","","100","0.01%","80.4366041%","Yes","","","","","","","","","","","","","","","","",""
"CZARFACE","Every Hero Needs A Villain","Album: Every Hero Needs A Villain/ Artist: CZARFACE","2015","","100","0.01%","80.4426516%","Yes","","","","","","","","","","","","","","","","",""
"D'angelo","Voodoo","Album: Voodoo/ Artist: D'angelo","2000","","100","0.01%","80.4486990%","Yes","","","","","","","","","","","","","","","","",""
"D'Angelo","Brown Sugar","Album: Brown Sugar/ Artist: D'Angelo","1995","","100","0.01%","80.4547464%","Yes","","","","","","","","","","","","","","","","",""
"D'angelo and The Vanguard","Black Messiah","Album: Black Messiah/ Artist: D'angelo and The Vanguard","2014","","100","0.01%","80.4607938%","Yes","","","","","","","","","","","","","","","","",""
"Daft Punk","Random Access Memories","Album: Random Access Memories/ Artist: Daft Punk","2013","","100","0.01%","80.4668412%","Yes","","","","","","","","","","","","","","","","",""
"Daft Punk","Alive 2007","Album: Alive 2007/ Artist: Daft Punk","2007","","100","0.01%","80.4728886%","Yes","","","","","","","","","","","","","","","","",""
"Daft Punk","Human After All","Album: Human After All/ Artist: Daft Punk","2006","","100","0.01%","80.4789360%","Yes","","","","","","","","","","","","","","","","",""
"Daft Punk","Discovery","Album: Discovery/ Artist: Daft Punk","2001","","100","0.01%","80.4849834%","Yes","","","","","","","","","","","","","","","","",""
"Daft Punk","Homework","Album: Homework/ Artist: Daft Punk","1997","","100","0.01%","80.4910308%","Yes","","","","","","","","","","","","","","","","",""
"dalek","Absence","Album: Absence/ Artist: dalek","2005","","100","0.01%","80.4970783%","Yes","","","","","","","","","","","","","","","","",""
"dalek","From Filthy Tongues of Gods and Griots","Album: From Filthy Tongues of Gods and Griots/ Artist: dalek","2002","","100","0.01%","80.5031257%","Yes","","","","","","","","","","","","","","","","",""
"Damien Rice","My Favourite Faded Fantasy","Album: My Favourite Faded Fantasy/ Artist: Damien Rice","2014","","100","0.01%","80.5091731%","Yes","","","","","","","","","","","","","","","","",""
"Damien Rice","O","Album: O/ Artist: Damien Rice","2002","","100","0.01%","80.5152205%","Yes","","","","","","","","","","","","","","","","",""
"Dan Deacon","Mystic Familiar","Album: Mystic Familiar/ Artist: Dan Deacon","2020","","100","0.01%","80.5212679%","Yes","","","","","","","","","","","","","","","","",""
"Danger Mouse","The Grey Album","Album: The Grey Album/ Artist: Danger Mouse","2004","","100","0.01%","80.5273153%","Yes","","","","","","","","","","","","","","","","",""
"DANGERDOOM","The Mouse and the Mask","Album: The Mouse and the Mask/ Artist: DANGERDOOM","2005","","100","0.01%","80.5333627%","Yes","","","","","","","","","","","","","","","","",""
"Daniel Avery","Drone Logic","Album: Drone Logic/ Artist: Daniel Avery","2013","","100","0.01%","80.5394101%","Yes","","","","","","","","","","","","","","","","",""
"Daniel Caesar","NEVER ENOUGH","Album: NEVER ENOUGH/ Artist: Daniel Caesar","2023","","100","0.01%","80.5454575%","Yes","","","","","","","","","","","","","","","","",""
"Daniel Johnston","1990","Album: 1990/ Artist: Daniel Johnston","1990","","100","0.01%","80.5515050%","Yes","","","","","","","","","","","","","","","","",""
"Daniel Johnston","Hi, How Are You","Album: Hi, How Are You/ Artist: Daniel Johnston","1983","","100","0.01%","80.5575524%","Yes","","","","","","","","","","","","","","","","",""
"Daniel Johnston","Yip/Jump Music","Album: Yip/Jump Music/ Artist: Daniel Johnston","1983","","100","0.01%","80.5635998%","Yes","","","","","","","","","","","","","","","","",""
"Daniel Johnston","Songs of Pain","Album: Songs of Pain/ Artist: Daniel Johnston","1981","","100","0.01%","80.5696472%","Yes","","","","","","","","","","","","","","","","",""
"Daniel Lopatin","Uncut Gems - Original Motion Picture Soundtrack","Album: Uncut Gems - Original Motion Picture Soundtrack/ Artist: Daniel Lopatin","2019","","100","0.01%","80.5756946%","Yes","","","","","","","","","","","","","","","","",""
"Daniel Pemberton","Across the Spider'verse","Album: Across the Spider'verse/ Artist: Daniel Pemberton","2023","","100","0.01%","80.5817420%","Yes","","","","","","","","","","","","","","","","",""
"Daniel Rossen","You Belong There","Album: You Belong There/ Artist: Daniel Rossen","2022","","100","0.01%","80.5877894%","Yes","","","","","","","","","","","","","","","","",""
"Daniel Rossen","Silent Hour/ Golden Mile EP","Album: Silent Hour/ Golden Mile EP/ Artist: Daniel Rossen","2012","","100","0.01%","80.5938368%","Yes","","","","","","","","","","","","","","","","",""
"Danny Brown","Atrocity Exhibition","Album: Atrocity Exhibition/ Artist: Danny Brown","2016","","100","0.01%","80.5998843%","Yes","","","","","","","","","","","","","","","","",""
"Danny Brown","XXX","Album: XXX/ Artist: Danny Brown","2011","","100","0.01%","80.6059317%","Yes","","","","","","","","","","","","","","","","",""
"Daphni","Cherry","Album: Cherry/ Artist: Daphni","2022","","100","0.01%","80.6119791%","Yes","","","","","","","","","","","","","","","","",""
"Dark Angel","Darkness Descends","Album: Darkness Descends/ Artist: Dark Angel","1986","","100","0.01%","80.6180265%","Yes","","","","","","","","","","","","","","","","",""
"DARKSIDE","Spiral","Album: Spiral/ Artist: DARKSIDE","2021","","100","0.01%","80.6240739%","Yes","","","","","","","","","","","","","","","","",""
"Darkside","Psychic","Album: Psychic/ Artist: Darkside","2013","","100","0.01%","80.6301213%","Yes","","","","","","","","","","","","","","","","",""
"Darkspace","Dark Space III","Album: Dark Space III/ Artist: Darkspace","2008","","100","0.01%","80.6361687%","Yes","","","","","","","","","","","","","","","","",""
"Darkthrone","Panzerfaust","Album: Panzerfaust/ Artist: Darkthrone","1995","","100","0.01%","80.6422161%","Yes","","","","","","","","","","","","","","","","",""
"Darkthrone","Transilvanian Hunger","Album: Transilvanian Hunger/ Artist: Darkthrone","1994","","100","0.01%","80.6482635%","Yes","","","","","","","","","","","","","","","","",""
"Darkthrone","Under a Funeral Moon","Album: Under a Funeral Moon/ Artist: Darkthrone","1993","","100","0.01%","80.6543110%","Yes","","","","","","","","","","","","","","","","",""
"Darkthrone","A Blaze In the Northern Sky","Album: A Blaze In the Northern Sky/ Artist: Darkthrone","1992","","100","0.01%","80.6603584%","Yes","","","","","","","","","","","","","","","","",""
"Daughter","The Wild Youth","Album: The Wild Youth/ Artist: Daughter","2011","","100","0.01%","80.6664058%","Yes","","","","","","","","","","","","","","","","",""
"Daughters","You Won't Get What You Want","Album: You Won't Get What You Want/ Artist: Daughters","2018","","100","0.01%","80.6724532%","Yes","","","","","","","","","","","","","","","","",""
"David Bowie","No Plan","Album: No Plan/ Artist: David Bowie","2017","","100","0.01%","80.6785006%","Yes","","","","","","","","","","","","","","","","",""
"David Bowie","Blackstar","Album: Blackstar/ Artist: David Bowie","2016","","100","0.01%","80.6845480%","Yes","","","","","","","","","","","","","","","","",""
"David Bowie","The Next Day","Album: The Next Day/ Artist: David Bowie","2013","","100","0.01%","80.6905954%","Yes","","","","","","","","","","","","","","","","",""
"David Bowie","Changesbowie","Album: Changesbowie/ Artist: David Bowie","1990","","100","0.01%","80.6966428%","Yes","","","","","","","","","","","","","","","","",""
"David Bowie","Let's Dance","Album: Let's Dance/ Artist: David Bowie","1983","","100","0.01%","80.7026903%","Yes","","","","","","","","","","","","","","","","",""
"David Bowie","Scary Monsters (and Super Creeps)","Album: Scary Monsters (and Super Creeps)/ Artist: David Bowie","1980","","100","0.01%","80.7087377%","Yes","","","","","","","","","","","","","","","","",""
"David Bowie","Lodger","Album: Lodger/ Artist: David Bowie","1979","","100","0.01%","80.7147851%","Yes","","","","","","","","","","","","","","","","",""
"David Bowie","""Heroes""","Album: ""Heroes""/ Artist: David Bowie","1977","","100","0.01%","80.7208325%","Yes","","","","","","","","","","","","","","","","",""
"David Bowie","Low","Album: Low/ Artist: David Bowie","1977","","100","0.01%","80.7268799%","Yes","","","","","","","","","","","","","","","","",""
"David Bowie","Station to Station","Album: Station to Station/ Artist: David Bowie","1976","","100","0.01%","80.7329273%","Yes","","","","","","","","","","","","","","","","",""
"David Bowie","Young Americans","Album: Young Americans/ Artist: David Bowie","1975","","100","0.01%","80.7389747%","Yes","","","","","","","","","","","","","","","","",""
"David Bowie","Diamond Dogs","Album: Diamond Dogs/ Artist: David Bowie","1974","","100","0.01%","80.7450221%","Yes","","","","","","","","","","","","","","","","",""
"David Bowie","Aladdin Sane","Album: Aladdin Sane/ Artist: David Bowie","1973","","100","0.01%","80.7510695%","Yes","","","","","","","","","","","","","","","","",""
"David Bowie","The Rise and Fall of Ziggy Stardust and the Spiders From Mars","Album: The Rise and Fall of Ziggy Stardust and the Spiders From Mars/ Artist: David Bowie","1972","","100","0.01%","80.7571170%","Yes","","","","","","","","","","","","","","","","",""
"David Bowie","Hunky Dory","Album: Hunky Dory/ Artist: David Bowie","1971","","100","0.01%","80.7631644%","Yes","","","","","","","","","","","","","","","","",""
"David Kauffman & Eric Caboor","Songs From Suicide Bridge","Album: Songs From Suicide Bridge/ Artist: David Kauffman & Eric Caboor","1984","","100","0.01%","80.7692118%","Yes","","","","","","","","","","","","","","","","",""
"David Sylvian","Secrets of the Beehive","Album: Secrets of the Beehive/ Artist: David Sylvian","1987","","100","0.01%","80.7752592%","Yes","","","","","","","","","","","","","","","","",""
"David Wise","Donkey Kong Country 2: Diddy's Kong Quest","Album: Donkey Kong Country 2: Diddy's Kong Quest/ Artist: David Wise","1995","","100","0.01%","80.7813066%","No","","","","","","","","","","","","","","","","",""
"De La Soul","The Grind Date","Album: The Grind Date/ Artist: De La Soul","2004","","100","0.01%","80.7873540%","Yes","","","","","","","","","","","","","","","","",""
"De la Soul","Timeless: The Singles Collection","Album: Timeless: The Singles Collection/ Artist: De la Soul","2003","","100","0.01%","80.7934014%","Yes","","","","","","","","","","","","","","","","",""
"De la Soul","Stakes is High","Album: Stakes is High/ Artist: De la Soul","1994","","100","0.01%","80.7994488%","Yes","","","","","","","","","","","","","","","","",""
"De la Soul","Buhloone Mindstate","Album: Buhloone Mindstate/ Artist: De la Soul","1993","","100","0.01%","80.8054963%","Yes","","","","","","","","","","","","","","","","",""
"De la Soul","De La Soul Is Dead","Album: De La Soul Is Dead/ Artist: De la Soul","1991","","100","0.01%","80.8115437%","Yes","","","","","","","","","","","","","","","","",""
"De la Soul","3 Feet High and Rising","Album: 3 Feet High and Rising/ Artist: De la Soul","1989","","100","0.01%","80.8175911%","Yes","","","","","","","","","","","","","","","","",""
"Dead can Dance","Within the Realm of a Dying Sun","Album: Within the Realm of a Dying Sun/ Artist: Dead can Dance","1987","","100","0.01%","80.8236385%","Yes","","","","","","","","","","","","","","","","",""
"Dead can Dance","Spleen and Ideal","Album: Spleen and Ideal/ Artist: Dead can Dance","1985","","100","0.01%","80.8296859%","Yes","","","","","","","","","","","","","","","","",""
"Dead Congregation","Graves of the Archangels","Album: Graves of the Archangels/ Artist: Dead Congregation","2008","","100","0.01%","80.8357333%","Yes","","","","","","","","","","","","","","","","",""
"Dead Kennedys","Give Me Convenience or Give Me Death","Album: Give Me Convenience or Give Me Death/ Artist: Dead Kennedys","1987","","100","0.01%","80.8417807%","Yes","","","","","","","","","","","","","","","","",""
"Dead Kennedys","Plastic Surgery Disasters","Album: Plastic Surgery Disasters/ Artist: Dead Kennedys","1982","","100","0.01%","80.8478281%","Yes","","","","","","","","","","","","","","","","",""
"Dead Kennedys","In God We Trust, Inc.","Album: In God We Trust, Inc./ Artist: Dead Kennedys","1981","","100","0.01%","80.8538755%","Yes","","","","","","","","","","","","","","","","",""
"Dead Kennedys","Fresh Fruit for Rotting Vegetables","Album: Fresh Fruit for Rotting Vegetables/ Artist: Dead Kennedys","1980","","100","0.01%","80.8599230%","Yes","","","","","","","","","","","","","","","","",""
"Deafheaven","New Bermuda","Album: New Bermuda/ Artist: Deafheaven","2015","","100","0.01%","80.8659704%","Yes","","","","","","","","","","","","","","","","",""
"Deafheaven","Sunbather","Album: Sunbather/ Artist: Deafheaven","2013","","100","0.01%","80.8720178%","Yes","","","","","","","","","","","","","","","","",""
"Deakin","Sleep Cycle","Album: Sleep Cycle/ Artist: Deakin","2016","","100","0.01%","80.8780652%","Yes","","","","","","","","","","","","","","","","",""
"DEAN","130 Mood: TRBL","Album: 130 Mood: TRBL/ Artist: DEAN","2016","","100","0.01%","80.8841126%","Yes","","","","","","","","","","","","","","","","",""
"Dean Blunt","Black Metal 2","Album: Black Metal 2/ Artist: Dean Blunt","2021","","100","0.01%","80.8901600%","Yes","","","","","","","","","","","","","","","","",""
"Dean Blunt","Black Metal","Album: Black Metal/ Artist: Dean Blunt","2014","","100","0.01%","80.8962074%","Yes","","","","","","","","","","","","","","","","",""
"Death","...For the Whole World to See","Album: ...For the Whole World to See/ Artist: Death","2009","","100","0.01%","80.9022548%","Yes","","","","","","","","","","","","","","","","",""
"Death","The Sound of Perseverance","Album: The Sound of Perseverance/ Artist: Death","1998","","100","0.01%","80.9083023%","Yes","","","","","","","","","","","","","","","","",""
"Death","Symbolic","Album: Symbolic/ Artist: Death","1995","","100","0.01%","80.9143497%","Yes","","","","","","","","","","","","","","","","",""
"Death","Individual Thought Patterns","Album: Individual Thought Patterns/ Artist: Death","1993","","100","0.01%","80.9203971%","Yes","","","","","","","","","","","","","","","","",""
"Death","Human","Album: Human/ Artist: Death","1991","","100","0.01%","80.9264445%","Yes","","","","","","","","","","","","","","","","",""
"Death","Leprosy","Album: Leprosy/ Artist: Death","1988","","100","0.01%","80.9324919%","Yes","","","","","","","","","","","","","","","","",""
"Death","Scream Bloody Gore","Album: Scream Bloody Gore/ Artist: Death","1987","","100","0.01%","80.9385393%","Yes","","","","","","","","","","","","","","","","",""
"Death Cab For Cutie","Narrow Stairs","Album: Narrow Stairs/ Artist: Death Cab For Cutie","2008","","100","0.01%","80.9445867%","Yes","","","","","","","","","","","","","","","","",""
"Death Cab For Cutie","Plans","Album: Plans/ Artist: Death Cab For Cutie","2005","","100","0.01%","80.9506341%","Yes","","","","","","","","","","","","","","","","",""
"Death Cab For Cutie","The Photo Album","Album: The Photo Album/ Artist: Death Cab For Cutie","2001","","100","0.01%","80.9566815%","Yes","","","","","","","","","","","","","","","","",""
"Death Cab For Cutie","We Have the Facts and We're Voting Yes","Album: We Have the Facts and We're Voting Yes/ Artist: Death Cab For Cutie","2000","","100","0.01%","80.9627290%","Yes","","","","","","","","","","","","","","","","",""
"Death Cab for Cuties","Transatlanticism","Album: Transatlanticism/ Artist: Death Cab for Cuties","2003","","100","0.01%","80.9687764%","Yes","","","","","","","","","","","","","","","","",""
"Death from Above 1979","You're A Woman, I'm A Machine","Album: You're A Woman, I'm A Machine/ Artist: Death from Above 1979","2004","","100","0.01%","80.9748238%","Yes","","","","","","","","","","","","","","","","",""
"Death Grips","Year Of The Snitch","Album: Year Of The Snitch/ Artist: Death Grips","2018","","100","0.01%","80.9808712%","Yes","","","","","","","","","","","","","","","","",""
"Death Grips","Steroids","Album: Steroids/ Artist: Death Grips","2017","","100","0.01%","80.9869186%","Yes","","","","","","","","","","","","","","","","",""
"Death Grips","Bottomless Pit","Album: Bottomless Pit/ Artist: Death Grips","2016","","100","0.01%","80.9929660%","Yes","","","","","","","","","","","","","","","","",""
"Death Grips","Jenny Death","Album: Jenny Death/ Artist: Death Grips","2015","","100","0.01%","80.9990134%","Yes","","","","","","","","","","","","","","","","",""
"Death Grips","The Powers That B","Album: The Powers That B/ Artist: Death Grips","2015","","100","0.01%","81.0050608%","Yes","","","","","","","","","","","","","","","","",""
"Death Grips","Niggas on the Moon","Album: Niggas on the Moon/ Artist: Death Grips","2014","","100","0.01%","81.0111083%","Yes","","","","","","","","","","","","","","","","",""
"Death Grips","No Love Deep Web","Album: No Love Deep Web/ Artist: Death Grips","2012","","100","0.01%","81.0171557%","Yes","","","","","","","","","","","","","","","","",""
"Death Grips","The Money Store","Album: The Money Store/ Artist: Death Grips","2012","","100","0.01%","81.0232031%","Yes","","","","","","","","","","","","","","","","",""
"Death Grips ","Interview 2016","Album: Interview 2016/ Artist: Death Grips ","2016","","100","0.01%","81.0292505%","Yes","","","","","","","","","","","","","","","","",""
"death's dynamic shroud","You Like Music","Album: You Like Music/ Artist: death's dynamic shroud","2024","","100","0.01%","81.0352979%","Yes","","","","","","","","","","","","","","","","",""
"death's dynamic shroud","Darklife","Album: Darklife/ Artist: death's dynamic shroud","2022","","100","0.01%","81.0413453%","Yes","","","","","","","","","","","","","","","","",""
"death's dynamic shroud","I'll Try Living Like This","Album: I'll Try Living Like This/ Artist: death's dynamic shroud","2015","","100","0.01%","81.0473927%","Yes","","","","","","","","","","","","","","","","",""
"death's dynamic shroud.wmv","Faith in Persona","Album: Faith in Persona/ Artist: death's dynamic shroud.wmv","2021","","100","0.01%","81.0534401%","Yes","","","","","","","","","","","","","","","","",""
"Deathspell Omega","Paracletus","Album: Paracletus/ Artist: Deathspell Omega","2013","","100","0.01%","81.0594875%","Yes","","","","","","","","","","","","","","","","",""
"Deathspell Omega","Fas – Ite, maledicti, in ignem aeternum","Album: Fas – Ite, maledicti, in ignem aeternum/ Artist: Deathspell Omega","2007","","100","0.01%","81.0655350%","Yes","","","","","","","","","","","","","","","","",""
"Deathspell Omega","Kénôse","Album: Kénôse/ Artist: Deathspell Omega","2005","","100","0.01%","81.0715824%","Yes","","","","","","","","","","","","","","","","",""
"DeBarge","In A Special Way","Album: In A Special Way/ Artist: DeBarge","1983","","100","0.01%","81.0776298%","Yes","","","","","","","","","","","","","","","","",""
"Deee-Lite","Sampladelic Relics and Dancefloor Oddities","Album: Sampladelic Relics and Dancefloor Oddities/ Artist: Deee-Lite","1996","","100","0.01%","81.0836772%","Yes","","","","","","","","","","","","","","","","",""
"Deep Purple","Deepest Purple: The Very Best of Deep Purple","Album: Deepest Purple: The Very Best of Deep Purple/ Artist: Deep Purple","1980","","100","0.01%","81.0897246%","Yes","","","","","","","","","","","","","","","","",""
"Deep Purple","Machine Head","Album: Machine Head/ Artist: Deep Purple","1972","","100","0.01%","81.0957720%","Yes","","","","","","","","","","","","","","","","",""
"Deep Purple","Made in Japan","Album: Made in Japan/ Artist: Deep Purple","1972","","100","0.01%","81.1018194%","Yes","","","","","","","","","","","","","","","","",""
"Deep Purple","Deep Purple in Rock","Album: Deep Purple in Rock/ Artist: Deep Purple","1970","","100","0.01%","81.1078668%","Yes","","","","","","","","","","","","","","","","",""
"DeepChord Presents: Echospace","Liumin","Album: Liumin/ Artist: DeepChord Presents: Echospace","2010","","100","0.01%","81.1139142%","Yes","","","","","","","","","","","","","","","","",""
"Yeasayer","All Hour Cymbals","Album: All Hour Cymbals/ Artist: Yeasayer","2007","","100","0.01%","81.1199617%","","","","","","","","","","","","","","","","","",""
"Deerhoof","Apple O'","Album: Apple O'/ Artist: Deerhoof","2003","","100","0.01%","81.1260091%","","","","","","","","","","","","","","","","","",""
"Deerhoof","Actually You Can","Album: Actually You Can/ Artist: Deerhoof","2021","","100","0.01%","81.1320565%","Yes","","","","","","","","","","","","","","","","",""
"Deerhoof","Breakup Song","Album: Breakup Song/ Artist: Deerhoof","2012","","100","0.01%","81.1381039%","Yes","","","","","","","","","","","","","","","","",""
"Deerhunter","Fading Frontier","Album: Fading Frontier/ Artist: Deerhunter","2015","","100","0.01%","81.1441513%","Yes","","","","","","","","","","","","","","","","",""
"Deerhunter","Monomania","Album: Monomania/ Artist: Deerhunter","2013","","100","0.01%","81.1501987%","Yes","","","","","","","","","","","","","","","","",""
"Deerhunter","Halcyon Digest","Album: Halcyon Digest/ Artist: Deerhunter","2010","","100","0.01%","81.1562461%","Yes","","","","","","","","","","","","","","","","",""
"Deerhunter","Microcastle","Album: Microcastle/ Artist: Deerhunter","2008","","100","0.01%","81.1622935%","Yes","","","","","","","","","","","","","","","","",""
"Deerhunter","Weird Era Cont.","Album: Weird Era Cont./ Artist: Deerhunter","2008","","100","0.01%","81.1683410%","Yes","","","","","","","","","","","","","","","","",""
"Deerhunter","Cryptograms","Album: Cryptograms/ Artist: Deerhunter","2007","","100","0.01%","81.1743884%","Yes","","","","","","","","","","","","","","","","",""
"Def Leppard","Hysteria","Album: Hysteria/ Artist: Def Leppard","1987","","100","0.01%","81.1804358%","Yes","","","","","","","","","","","","","","","","",""
"Deftones","ohms","Album: ohms/ Artist: Deftones","2020","","100","0.01%","81.1864832%","Yes","","","","","","","","","","","","","","","","",""
"Deftones","Koi No Yokan","Album: Koi No Yokan/ Artist: Deftones","2012","","100","0.01%","81.1925306%","Yes","","","","","","","","","","","","","","","","",""
"Deftones","Diamond Eyes","Album: Diamond Eyes/ Artist: Deftones","2010","","100","0.01%","81.1985780%","Yes","","","","","","","","","","","","","","","","",""
"Deftones","Saturday Night Wrist","Album: Saturday Night Wrist/ Artist: Deftones","2006","","100","0.01%","81.2046254%","Yes","","","","","","","","","","","","","","","","",""
"Deftones","White Pony","Album: White Pony/ Artist: Deftones","2000","","100","0.01%","81.2106728%","Yes","","","","","","","","","","","","","","","","",""
"Deftones","Around the Fur","Album: Around the Fur/ Artist: Deftones","1997","","100","0.01%","81.2167202%","Yes","","","","","","","","","","","","","","","","",""
"Del the Funky Homosapien","I Wish My Brother George Was Here","Album: I Wish My Brother George Was Here/ Artist: Del the Funky Homosapien","1991","","100","0.01%","81.2227677%","Yes","","","","","","","","","","","","","","","","",""
"Delaeny & Bonney","The Originial Delaney & Bonnie","Album: The Originial Delaney & Bonnie/ Artist: Delaeny & Bonney","1969","","100","0.01%","81.2288151%","No","","","","","","","","","","","","","","","","",""
"Deltron 3030","Deltron 3030","Album: Deltron 3030/ Artist: Deltron 3030","2000","","100","0.01%","81.2348625%","Yes","","","","","","","","","","","","","","","","",""
"Demilich","Nespithe","Album: Nespithe/ Artist: Demilich","1993","","100","0.01%","81.2409099%","Yes","","","","","","","","","","","","","","","","",""
"Denzel Curry","Imperial","Album: Imperial/ Artist: Denzel Curry","2016","","100","0.01%","81.2469573%","Yes","","","","","","","","","","","","","","","","",""
"Denzel Curry","TA1300","Album: TA1300/ Artist: Denzel Curry","2018","","100","0.01%","81.2530047%","Yes","","","","","","","","","","","","","","","","",""
"Denzel Curry & Kenny Beats","UNLOCKED","Album: UNLOCKED/ Artist: Denzel Curry & Kenny Beats","2020","","100","0.01%","81.2590521%","Yes","","","","","","","","","","","","","","","","",""
"Depeche Mode","The Singles 86>98","Album: The Singles 86>98/ Artist: Depeche Mode","1998","","100","0.01%","81.2650995%","Yes","","","","","","","","","","","","","","","","",""
"Depeche Mode","Ultra","Album: Ultra/ Artist: Depeche Mode","1997","","100","0.01%","81.2711470%","Yes","","","","","","","","","","","","","","","","",""
"Depeche Mode","Songs for Faith and Devotion","Album: Songs for Faith and Devotion/ Artist: Depeche Mode","1993","","100","0.01%","81.2771944%","Yes","","","","","","","","","","","","","","","","",""
"Depeche Mode","Violator","Album: Violator/ Artist: Depeche Mode","1990","","100","0.01%","81.2832418%","Yes","","","","","","","","","","","","","","","","",""
"Depeche Mode","Music for the Masses","Album: Music for the Masses/ Artist: Depeche Mode","1987","","100","0.01%","81.2892892%","Yes","","","","","","","","","","","","","","","","",""
"Depeche Mode","Black Celebration","Album: Black Celebration/ Artist: Depeche Mode","1986","","100","0.01%","81.2953366%","Yes","","","","","","","","","","","","","","","","",""
"Depeche Mode","The Singles 81->85","Album: The Singles 81->85/ Artist: Depeche Mode","1985","","100","0.01%","81.3013840%","Yes","","","","","","","","","","","","","","","","",""
"Destroyer","Labrynthitis","Album: Labrynthitis/ Artist: Destroyer","2022","","100","0.01%","81.3074314%","Yes","","","","","","","","","","","","","","","","",""
"Destroyer","Have We Met","Album: Have We Met/ Artist: Destroyer","2020","","100","0.01%","81.3134788%","Yes","","","","","","","","","","","","","","","","",""
"Destroyer","Ken","Album: Ken/ Artist: Destroyer","2017","","100","0.01%","81.3195262%","Yes","","","","","","","","","","","","","","","","",""
"Destroyer","Poison's Season","Album: Poison's Season/ Artist: Destroyer","2015","","100","0.01%","81.3255737%","Yes","","","","","","","","","","","","","","","","",""
"Destroyer","Kaputt","Album: Kaputt/ Artist: Destroyer","2011","","100","0.01%","81.3316211%","Yes","","","","","","","","","","","","","","","","",""
"Destroyer","Destroyer's Rubies","Album: Destroyer's Rubies/ Artist: Destroyer","2006","","100","0.01%","81.3376685%","Yes","","","","","","","","","","","","","","","","",""
"Destroyer","Streethawk: A Seduction","Album: Streethawk: A Seduction/ Artist: Destroyer","2001","","100","0.01%","81.3437159%","Yes","","","","","","","","","","","","","","","","",""
"Devendra Banhart","Rejoicing in the Hands","Album: Rejoicing in the Hands/ Artist: Devendra Banhart","2004","","100","0.01%","81.3497633%","Yes","","","","","","","","","","","","","","","","",""
"Devendra Banhart","Mala","Album: Mala/ Artist: Devendra Banhart","2013","","100","0.01%","81.3558107%","Yes","","","","","","","","","","","","","","","","",""
"Devendra Banhart","Cripple Crow","Album: Cripple Crow/ Artist: Devendra Banhart","2005","","100","0.01%","81.3618581%","Yes","","","","","","","","","","","","","","","","",""
"Devin Townsend","Terria","Album: Terria/ Artist: Devin Townsend","2001","","100","0.01%","81.3679055%","Yes","","","","","","","","","","","","","","","","",""
"Devin Townsend","Ocean Machine","Album: Ocean Machine/ Artist: Devin Townsend","1997","","100","0.01%","81.3739530%","Yes","","","","","","","","","","","","","","","","",""
"Devo","Q: Are We Not Men? A: We Are Devo!","Album: Q: Are We Not Men? A: We Are Devo!/ Artist: Devo","1978","","100","0.01%","81.3800004%","Yes","","","","","","","","","","","","","","","","",""
"Devon Hendryx","DREAMCAST SUMMER SONGS","Album: DREAMCAST SUMMER SONGS/ Artist: Devon Hendryx","2012","","100","0.01%","81.3860478%","No","","","","","","","","","","","","","","","","",""
"Devon Hendryx","THE GHOST~POP TAPE","Album: THE GHOST~POP TAPE/ Artist: Devon Hendryx","2013","","100","0.01%","81.3920952%","Yes","","","","","","","","","","","","","","","","",""
"Dexys Midnight Runners","Searching for the Young Soul Rebels","Album: Searching for the Young Soul Rebels/ Artist: Dexys Midnight Runners","1982","","100","0.01%","81.3981426%","Yes","","","","","","","","","","","","","","","","",""
"Dexys Midnight Runners","Too-Rye-Ay","Album: Too-Rye-Ay/ Artist: Dexys Midnight Runners","1981","","100","0.01%","81.4041900%","Yes","","","","","","","","","","","","","","","","",""
"Diamond Head","Lightning to the Nations","Album: Lightning to the Nations/ Artist: Diamond Head","1980","","100","0.01%","81.4102374%","Yes","","","","","","","","","","","","","","","","",""
"Diana Ross","Diana","Album: Diana/ Artist: Diana Ross","1980","","100","0.01%","81.4162848%","Yes","","","","","","","","","","","","","","","","",""
"Die Urkatastrophe","Die Urkatastrophe","Album: Die Urkatastrophe/ Artist: Die Urkatastrophe","2024","","100","0.01%","81.4223322%","Yes","","","","","","","","","","","","","","","","",""
"Digable Planets","Blowout Comb","Album: Blowout Comb/ Artist: Digable Planets","1994","","100","0.01%","81.4283797%","Yes","","","","","","","","","","","","","","","","",""
"Digable Planets","Reachin' (A New Refutation of Time and Space)","Album: Reachin' (A New Refutation of Time and Space)/ Artist: Digable Planets","1993","","100","0.01%","81.4344271%","Yes","","","","","","","","","","","","","","","","",""
"Dijon","Absolutely","Album: Absolutely/ Artist: Dijon","2021","","100","0.01%","81.4404745%","Yes","","","","","","","","","","","","","","","","",""
"Diles Que No Me Maten","Edificio","Album: Edificio/ Artist: Diles Que No Me Maten","2020","","100","0.01%","81.4465219%","Yes","","","","","","","","","","","","","","","","",""
"Dinosaur Jr.","Farm","Album: Farm/ Artist: Dinosaur Jr.","2009","","100","0.01%","81.4525693%","Yes","","","","","","","","","","","","","","","","",""
"Dinosaur Jr.","Where You Been","Album: Where You Been/ Artist: Dinosaur Jr.","1993","","100","0.01%","81.4586167%","Yes","","","","","","","","","","","","","","","","",""
"Dinosaur Jr.","Green Mind","Album: Green Mind/ Artist: Dinosaur Jr.","1991","","100","0.01%","81.4646641%","Yes","","","","","","","","","","","","","","","","",""
"Dinosaur Jr. ","Bug","Album: Bug/ Artist: Dinosaur Jr. ","1988","","100","0.01%","81.4707115%","Yes","","","","","","","","","","","","","","","","",""
"Dinosaur Jr. ","You're Living All Over Me","Album: You're Living All Over Me/ Artist: Dinosaur Jr. ","1987","","100","0.01%","81.4767590%","Yes","","","","","","","","","","","","","","","","",""
"Dio","The Last in Line","Album: The Last in Line/ Artist: Dio","1984","","100","0.01%","81.4828064%","Yes","","","","","","","","","","","","","","","","",""
"Dio","Holy Diver","Album: Holy Diver/ Artist: Dio","1983","","100","0.01%","81.4888538%","Yes","","","","","","","","","","","","","","","","",""
"Dire Straits","Brothers in Arms","Album: Brothers in Arms/ Artist: Dire Straits","1985","","100","0.01%","81.4949012%","Yes","","","","","","","","","","","","","","","","",""
"Dire Straits","Love Over Gold","Album: Love Over Gold/ Artist: Dire Straits","1982","","100","0.01%","81.5009486%","Yes","","","","","","","","","","","","","","","","",""
"Dire Straits","Greatest Hits","Album: Greatest Hits/ Artist: Dire Straits","1980","","100","0.01%","81.5069960%","Yes","","","","","","","","","","","","","","","","",""
"Dirty Beaches","Drifters / Love Is The Devil","Album: Drifters / Love Is The Devil/ Artist: Dirty Beaches","2013","","100","0.01%","81.5130434%","Yes","","","","","","","","","","","","","","","","",""
"Dirty Projectors","Swing Lo Magellan","Album: Swing Lo Magellan/ Artist: Dirty Projectors","2012","","100","0.01%","81.5190908%","Yes","","","","","","","","","","","","","","","","",""
"Dirty Projectors","Bitte Orca","Album: Bitte Orca/ Artist: Dirty Projectors","2009","","100","0.01%","81.5251382%","Yes","","","","","","","","","","","","","","","","",""
"Disclosure","Ecstasy","Album: Ecstasy/ Artist: Disclosure","2020","","100","0.01%","81.5311857%","Yes","","","","","","","","","","","","","","","","",""
"Disclosure","Settle","Album: Settle/ Artist: Disclosure","2013","","100","0.01%","81.5372331%","Yes","","","","","","","","","","","","","","","","",""
"Disco Inferno","Summer's Last Sound","Album: Summer's Last Sound/ Artist: Disco Inferno","1992","","100","0.01%","81.5432805%","Yes","","","","","","","","","","","","","","","","",""
"Disco Inferno","The 5 EPs","Album: The 5 EPs/ Artist: Disco Inferno","2011","","100","0.01%","81.5493279%","Yes","","","","","","","","","","","","","","","","",""
"Disco Inferno","D.I. Go Pop","Album: D.I. Go Pop/ Artist: Disco Inferno","1994","","100","0.01%","81.5553753%","Yes","","","","","","","","","","","","","","","","",""
"diSEMBOWELMENT","Transcendence Into the Peripheral","Album: Transcendence Into the Peripheral/ Artist: diSEMBOWELMENT","1993","","100","0.01%","81.5614227%","Yes","","","","","","","","","","","","","","","","",""
"Dismember","Like an Ever Flowing Stream","Album: Like an Ever Flowing Stream/ Artist: Dismember","1991","","100","0.01%","81.5674701%","Yes","","","","","","","","","","","","","","","","",""
"Dissection","Storm of the Light's Bane","Album: Storm of the Light's Bane/ Artist: Dissection","1995","","100","0.01%","81.5735175%","Yes","","","","","","","","","","","","","","","","",""
"Dissection","The Somberlain","Album: The Somberlain/ Artist: Dissection","1993","","100","0.01%","81.5795650%","Yes","","","","","","","","","","","","","","","","",""
"Dizzie Rascal","Boy in da Corner","Album: Boy in da Corner/ Artist: Dizzie Rascal","2003","","100","0.01%","81.5856124%","Yes","","","","","","","","","","","","","","","","",""
"DJ Jeffee","Jungle Spliff","Album: Jungle Spliff/ Artist: DJ Jeffee","1995","","100","0.01%","81.5916598%","No","","","","","","","","","","","","","","","","",""
"DJ Koze","Knock Knock","Album: Knock Knock/ Artist: DJ Koze","2018","","100","0.01%","81.5977072%","Yes","","","","","","","","","","","","","","","","",""
"DJ Koze","DJ Kicks","Album: DJ Kicks/ Artist: DJ Koze","2016","","100","0.01%","81.6037546%","Yes","","","","","","","","","","","","","","","","",""
"DJ Koze","Amygdala","Album: Amygdala/ Artist: DJ Koze","2013","","100","0.01%","81.6098020%","Yes","","","","","","","","","","","","","","","","",""
"DJ Premier Worldwide Mix by soulchasers on #SoundCloud","DJ Premier Worldwide Mix by soulchasers on #SoundCloud","Album: DJ Premier Worldwide Mix by soulchasers on #SoundCloud/ Artist: DJ Premier Worldwide Mix by soulchasers on #SoundCloud","2015","","100","0.01%","81.6158494%","No","","","","","","","","","","","","","","","","",""
"DJ Screw","Endonesia","Album: Endonesia/ Artist: DJ Screw","1997","","100","0.01%","81.6218968%","No","","","","","","","","","","","","","","","","",""
"DJ Screw","Old School","Album: Old School/ Artist: DJ Screw","1994","","100","0.01%","81.6279442%","No","","","","","","","","","","","","","","","","",""
"DJ Screw","3 'n the Morning: Part II [Blue]","Album: 3 'n the Morning: Part II [Blue]/ Artist: DJ Screw","1995","","100","0.01%","81.6339917%","Yes","","","","","","","","","","","","","","","","",""
"DJ Screw","Bigtyme Vol II: All Screwed Up","Album: Bigtyme Vol II: All Screwed Up/ Artist: DJ Screw","1995","","100","0.01%","81.6400391%","Yes","","","","","","","","","","","","","","","","",""
"DJ Shadow","Preemptive Strike","Album: Preemptive Strike/ Artist: DJ Shadow","1998","","100","0.01%","81.6460865%","Yes","","","","","","","","","","","","","","","","",""
"DJ Shadow","Entroducing…","Album: Entroducing…/ Artist: DJ Shadow","1996","","100","0.01%","81.6521339%","Yes","","","","","","","","","","","","","","","","",""
"DJ Sprinkles","Where Dancefloors Stand Still","Album: Where Dancefloors Stand Still/ Artist: DJ Sprinkles","2013","","100","0.01%","81.6581813%","Yes","","","","","","","","","","","","","","","","",""
"DJ Sprinkles","Midtown 120 Blues","Album: Midtown 120 Blues/ Artist: DJ Sprinkles","2009","","100","0.01%","81.6642287%","Yes","","","","","","","","","","","","","","","","",""
"DJ 光光光 [DJ Pica Pica Pica]","Planetary Natural Love Gas Webbin' 199999","Album: Planetary Natural Love Gas Webbin' 199999/ Artist: DJ 光光光 [DJ Pica Pica Pica]","1999","","100","0.01%","81.6702761%","Yes","","","","","","","","","","","","","","","","",""
"Django Django","Django Django","Album: Django Django/ Artist: Django Django","2012","","100","0.01%","81.6763235%","Yes","","","","","","","","","","","","","","","","",""
"Django Reindhardt","Best of Django Reindhardt","Album: Best of Django Reindhardt/ Artist: Django Reindhardt","2005","","100","0.01%","81.6823710%","Yes","","","","","","","","","","","","","","","","",""
"Djeli Moussa Diawara","Djeli Moussa Diawara","Album: Djeli Moussa Diawara/ Artist: Djeli Moussa Diawara","1983","","100","0.01%","81.6884184%","No","","","","","","","","","","","","","","","","",""
"Djo","Twenty Twenty","Album: Twenty Twenty/ Artist: Djo","2019","","100","0.01%","81.6944658%","Yes","","","","","","","","","","","","","","","","",""
"Djrum","Under Tangled Silence","Album: Under Tangled Silence/ Artist: Djrum","2015","","100","0.01%","81.7005132%","","","","","","","","","","","","","","","","","",""
"dltzk","Frailty","Album: Frailty/ Artist: dltzk","2021","","100","0.01%","81.7065606%","Yes","","","","","","","","","","","","","","","","",""
"DMX","It's Dark and Hell Is Hot","Album: It's Dark and Hell Is Hot/ Artist: DMX","1998","","100","0.01%","81.7126080%","Yes","","","","","","","","","","","","","","","","",""
"Dollar Brand (Abdullah Ibrahim)","African Marketplace","Album: African Marketplace/ Artist: Dollar Brand (Abdullah Ibrahim)","1980","","100","0.01%","81.7186554%","Yes","","","","","","","","","","","","","","","","",""
"Dolly Parton","Jolene","Album: Jolene/ Artist: Dolly Parton","1974","","100","0.01%","81.7247028%","Yes","","","","","","","","","","","","","","","","",""
"Donald Fagen","The Nightfly","Album: The Nightfly/ Artist: Donald Fagen","1982","","100","0.01%","81.7307502%","Yes","","","","","","","","","","","","","","","","",""
"Donna Summer","Bad Girls","Album: Bad Girls/ Artist: Donna Summer","1979","","100","0.01%","81.7367977%","Yes","","","","","","","","","","","","","","","","",""
"Donna Summer","On the Radio (Greatest Hits, Volumes I & II)","Album: On the Radio (Greatest Hits, Volumes I & II)/ Artist: Donna Summer","1979","","100","0.01%","81.7428451%","Yes","","","","","","","","","","","","","","","","",""
"Donovan","Sunshine Superman","Album: Sunshine Superman/ Artist: Donovan","1966","","100","0.01%","81.7488925%","Yes","","","","","","","","","","","","","","","","",""
"DOOM","Born Like This","Album: Born Like This/ Artist: DOOM","2009","","100","0.01%","81.7549399%","Yes","","","","","","","","","","","","","","","","",""
"Dope Body","Home Body","Album: Home Body/ Artist: Dope Body","2020","","100","0.01%","81.7609873%","Yes","","","","","","","","","","","","","","","","",""
"Dope Body","Natural History","Album: Natural History/ Artist: Dope Body","2012","","100","0.01%","81.7670347%","Yes","","","","","","","","","","","","","","","","",""
"Dorian Electra","Flamboyant","Album: Flamboyant/ Artist: Dorian Electra","2019","","100","0.01%","81.7730821%","Yes","","","","","","","","","","","","","","","","",""
"Dos Monos","Dos Siki","Album: Dos Siki/ Artist: Dos Monos","2020","","100","0.01%","81.7791295%","Yes","","","","","","","","","","","","","","","","",""
"Down","NOLA","Album: NOLA/ Artist: Down","1995","","100","0.01%","81.7851769%","Yes","","","","","","","","","","","","","","","","",""
"Dr, John","Gris-Gris","Album: Gris-Gris/ Artist: Dr, John","1968","","100","0.01%","81.7912244%","Yes","","","","","","","","","","","","","","","","",""
"Dr. Dre","The Chronic","Album: The Chronic/ Artist: Dr. Dre","1992","","100","0.01%","81.7972718%","Yes","","","","","","","","","","","","","","","","",""
"Dr. Dre","2001","Album: 2001/ Artist: Dr. Dre","1999","","100","0.01%","81.8033192%","Yes","","","","","","","","","","","","","","","","",""
"Dr. Octagon","Octagoneocologyst","Album: Octagoneocologyst/ Artist: Dr. Octagon","1996","","100","0.01%","81.8093666%","Yes","","","","","","","","","","","","","","","","",""
"Drake","If You're Reading This It's Too Late","Album: If You're Reading This It's Too Late/ Artist: Drake","2015","","100","0.01%","81.8154140%","Yes","","","","","","","","","","","","","","","","",""
"Dream Theater","Octavarium","Album: Octavarium/ Artist: Dream Theater","2005","","100","0.01%","81.8214614%","Yes","","","","","","","","","","","","","","","","",""
"Dream Theater","Train of Thought","Album: Train of Thought/ Artist: Dream Theater","2003","","100","0.01%","81.8275088%","Yes","","","","","","","","","","","","","","","","",""
"Dream Theater","Six Degrees of Inner Turbulence CD1","Album: Six Degrees of Inner Turbulence CD1/ Artist: Dream Theater","2002","","100","0.01%","81.8335562%","Yes","","","","","","","","","","","","","","","","",""
"Dream Theater","Six Degrees of Inner Turbulence CD2","Album: Six Degrees of Inner Turbulence CD2/ Artist: Dream Theater","2002","","100","0.01%","81.8396037%","Yes","","","","","","","","","","","","","","","","",""
"Dream Theater","Metropolis Pt. 2: Scenes from a Memory","Album: Metropolis Pt. 2: Scenes from a Memory/ Artist: Dream Theater","1999","","100","0.01%","81.8456511%","Yes","","","","","","","","","","","","","","","","",""
"Dream Theater","A Change of Seasons","Album: A Change of Seasons/ Artist: Dream Theater","1995","","100","0.01%","81.8516985%","Yes","","","","","","","","","","","","","","","","",""
"Dream Theater","Images and Words","Album: Images and Words/ Artist: Dream Theater","1992","","100","0.01%","81.8577459%","Yes","","","","","","","","","","","","","","","","",""
"Dream Unending","Song of Salvation","Album: Song of Salvation/ Artist: Dream Unending","2022","","100","0.01%","81.8637933%","Yes","","","","","","","","","","","","","","","","",""
"Drive Like Jehu","Yank Crime","Album: Yank Crime/ Artist: Drive Like Jehu","1994","","100","0.01%","81.8698407%","Yes","","","","","","","","","","","","","","","","",""
"Drive-by Truckers","Brighter than Creation's Dark","Album: Brighter than Creation's Dark/ Artist: Drive-by Truckers","2008","","100","0.01%","81.8758881%","Yes","","","","","","","","","","","","","","","","",""
"Drive-by Truckers","Dirty South","Album: Dirty South/ Artist: Drive-by Truckers","2004","","100","0.01%","81.8819355%","Yes","","","","","","","","","","","","","","","","",""
"Dropkick Murphys","Greatest Hits","Album: Greatest Hits/ Artist: Dropkick Murphys","2011","","100","0.01%","81.8879829%","Yes","","","","","","","","","","","","","","","","",""
"Drudkh","Кров у наших криницях (Blood in Our Wells)","Album: Кров у наших криницях (Blood in Our Wells)/ Artist: Drudkh","2006","","100","0.01%","81.8940304%","Yes","","","","","","","","","","","","","","","","",""
"Duran Duran","Rio","Album: Rio/ Artist: Duran Duran","1982","","100","0.01%","81.9000778%","Yes","","","","","","","","","","","","","","","","",""
"Duster","Capsule Losing Contact","Album: Capsule Losing Contact/ Artist: Duster","2019","","100","0.01%","81.9061252%","Yes","","","","","","","","","","","","","","","","",""
"Duster","Contemporary Movement","Album: Contemporary Movement/ Artist: Duster","2000","","100","0.01%","81.9121726%","Yes","","","","","","","","","","","","","","","","",""
"Duster","Apex, Trance-Like","Album: Apex, Trance-Like/ Artist: Duster","1998","","100","0.01%","81.9182200%","Yes","","","","","","","","","","","","","","","","",""
"Duster","Stratosphere","Album: Stratosphere/ Artist: Duster","1998","","100","0.01%","81.9242674%","Yes","","","","","","","","","","","","","","","","",""
"E+E","The Light That You Gave Me to See You","Album: The Light That You Gave Me to See You/ Artist: E+E","2013","","100","0.01%","81.9303148%","","","","","","","","","","","","","","","","","",""
"E+E","El sueño del Forastero","Album: El sueño del Forastero/ Artist: E+E","2013","","100","0.01%","81.9363622%","No","","","","","","","","","","","","","","","","",""
"Eagles","Greatest Hits (Eagles)","Album: Greatest Hits (Eagles)/ Artist: Eagles","1976","","100","0.01%","81.9424097%","Yes","","","","","","","","","","","","","","","","",""
"Earl Sweatshirt","Solace","Album: Solace/ Artist: Earl Sweatshirt","2015","","100","0.01%","81.9484571%","No","","","","","","","","","","","","","","","","",""
"Earl Sweatshirt","Some Rap Songs","Album: Some Rap Songs/ Artist: Earl Sweatshirt","2018","","100","0.01%","81.9545045%","Yes","","","","","","","","","","","","","","","","",""
"Earl Sweatshirt","I Don't Like Shit, I Don't Go Outside","Album: I Don't Like Shit, I Don't Go Outside/ Artist: Earl Sweatshirt","2015","","100","0.01%","81.9605519%","Yes","","","","","","","","","","","","","","","","",""
"Earl Sweatshirt","Doris","Album: Doris/ Artist: Earl Sweatshirt","2013","","100","0.01%","81.9665993%","Yes","","","","","","","","","","","","","","","","",""
"Earth","The Bees made Honey in the Lions Skull","Album: The Bees made Honey in the Lions Skull/ Artist: Earth","2008","","100","0.01%","81.9726467%","Yes","","","","","","","","","","","","","","","","",""
"Earth","Earth 2: Special Low Frequency Version","Album: Earth 2: Special Low Frequency Version/ Artist: Earth","1993","","100","0.01%","81.9786941%","Yes","","","","","","","","","","","","","","","","",""
"Earth Wind & Fire","All n All","Album: All n All/ Artist: Earth Wind & Fire","1977","","100","0.01%","81.9847415%","Yes","","","","","","","","","","","","","","","","",""
"Eartheater","Trinity","Album: Trinity/ Artist: Eartheater","2019","","100","0.01%","81.9907889%","Yes","","","","","","","","","","","","","","","","",""
"ecco2k","E","Album: E/ Artist: ecco2k","2019","","100","0.01%","81.9968364%","Yes","","","","","","","","","","","","","","","","",""
"Echo & The Bunnymen","Songs to Learn & Sing","Album: Songs to Learn & Sing/ Artist: Echo & The Bunnymen","1985","","100","0.01%","82.0028838%","Yes","","","","","","","","","","","","","","","","",""
"Echo & The Bunnymen","Ocean Rain","Album: Ocean Rain/ Artist: Echo & The Bunnymen","1984","","100","0.01%","82.0089312%","Yes","","","","","","","","","","","","","","","","",""
"Echo & The Bunnymen","Porcupine","Album: Porcupine/ Artist: Echo & The Bunnymen","1983","","100","0.01%","82.0149786%","Yes","","","","","","","","","","","","","","","","",""
"Echo & The Bunnymen","Heaven Up Here","Album: Heaven Up Here/ Artist: Echo & The Bunnymen","1981","","100","0.01%","82.0210260%","Yes","","","","","","","","","","","","","","","","",""
"Edan","Beauty and the Beat","Album: Beauty and the Beat/ Artist: Edan","2005","","100","0.01%","82.0270734%","Yes","","","","","","","","","","","","","","","","",""
"Eddie Vedder","Into The Wild","Album: Into The Wild/ Artist: Eddie Vedder","2007","","100","0.01%","82.0331208%","Yes","","","","","","","","","","","","","","","","",""
"EDEN","End Credits","Album: End Credits/ Artist: EDEN","2015","","100","0.01%","82.0391682%","Yes","","","","","","","","","","","","","","","","",""
"Edge of Sanity","Crimson","Album: Crimson/ Artist: Edge of Sanity","1996","","100","0.01%","82.0452157%","Yes","","","","","","","","","","","","","","","","",""
"Eels","Electro-Shock Blues","Album: Electro-Shock Blues/ Artist: Eels","1998","","100","0.01%","82.0512631%","Yes","","","","","","","","","","","","","","","","",""
"Eels","Beautiful Freak","Album: Beautiful Freak/ Artist: Eels","1996","","100","0.01%","82.0573105%","Yes","","","","","","","","","","","","","","","","",""
"einsturzende Neubauten","Halber Mensch","Album: Halber Mensch/ Artist: einsturzende Neubauten","1985","","100","0.01%","82.0633579%","Yes","","","","","","","","","","","","","","","","",""
"El Cuarteto De Nos","Raro","Album: Raro/ Artist: El Cuarteto De Nos","2006","","100","0.01%","82.0694053%","Yes","","","","","","","","","","","","","","","","",""
"Él Mató A Un Policia Motorizado","La Síntesis O'Konnor","Album: La Síntesis O'Konnor/ Artist: Él Mató A Un Policia Motorizado","2017","","100","0.01%","82.0754527%","Yes","","","","","","","","","","","","","","","","",""
"El Shirota ","ESH002","Album: ESH002/ Artist: El Shirota ","2018","","100","0.01%","82.0815001%","Yes","","","","","","","","","","","","","","","","",""
"El-p","Cancer for Cure","Album: Cancer for Cure/ Artist: El-p","2012","","100","0.01%","82.0875475%","Yes","","","","","","","","","","","","","","","","",""
"El-P","I'll Sleep When You're Dead","Album: I'll Sleep When You're Dead/ Artist: El-P","2007","","100","0.01%","82.0935949%","Yes","","","","","","","","","","","","","","","","",""
"El-P","Fantastic Damage","Album: Fantastic Damage/ Artist: El-P","2002","","100","0.01%","82.0996424%","Yes","","","","","","","","","","","","","","","","",""
"Ela Minus","Acts of Rebellion","Album: Acts of Rebellion/ Artist: Ela Minus","2020","","100","0.01%","82.1056898%","Yes","","","","","","","","","","","","","","","","",""
"Elastica","Elastica","Album: Elastica/ Artist: Elastica","1994","","100","0.01%","82.1117372%","Yes","","","","","","","","","","","","","","","","",""
"Elbow","Audio Vertigo","Album: Audio Vertigo/ Artist: Elbow","2024","","100","0.01%","82.1177846%","Yes","","","","","","","","","","","","","","","","",""
"Elbow","Giants Of All Sizes","Album: Giants Of All Sizes/ Artist: Elbow","2019","","100","0.01%","82.1238320%","Yes","","","","","","","","","","","","","","","","",""
"Elbow","The Take Off and Landing of Everything","Album: The Take Off and Landing of Everything/ Artist: Elbow","2014","","100","0.01%","82.1298794%","Yes","","","","","","","","","","","","","","","","",""
"Elbow","Build a Rocket Boys!","Album: Build a Rocket Boys!/ Artist: Elbow","2011","","100","0.01%","82.1359268%","Yes","","","","","","","","","","","","","","","","",""
"Elbow","The Seldom Seen Kid","Album: The Seldom Seen Kid/ Artist: Elbow","2008","","100","0.01%","82.1419742%","Yes","","","","","","","","","","","","","","","","",""
"Elbow","Cast of Thousands","Album: Cast of Thousands/ Artist: Elbow","2003","","100","0.01%","82.1480217%","Yes","","","","","","","","","","","","","","","","",""
"Elbow","Asleep In The Back","Album: Asleep In The Back/ Artist: Elbow","2001","","100","0.01%","82.1540691%","Yes","","","","","","","","","","","","","","","","",""
"Elder","Innate Passage","Album: Innate Passage/ Artist: Elder","2022","","100","0.01%","82.1601165%","Yes","","","","","","","","","","","","","","","","",""
"Elder","Reflections of a Floating World","Album: Reflections of a Floating World/ Artist: Elder","2017","","100","0.01%","82.1661639%","Yes","","","","","","","","","","","","","","","","",""
"Electric Light Orchestra","Time","Album: Time/ Artist: Electric Light Orchestra","1981","","100","0.01%","82.1722113%","Yes","","","","","","","","","","","","","","","","",""
"Electric Light Orchestra","Out of the Blue","Album: Out of the Blue/ Artist: Electric Light Orchestra","1977","","100","0.01%","82.1782587%","Yes","","","","","","","","","","","","","","","","",""
"Electric Light Orchestra","A New World Record","Album: A New World Record/ Artist: Electric Light Orchestra","1976","","100","0.01%","82.1843061%","Yes","","","","","","","","","","","","","","","","",""
"Electric Light Orchestra","Face the Music","Album: Face the Music/ Artist: Electric Light Orchestra","1975","","100","0.01%","82.1903535%","Yes","","","","","","","","","","","","","","","","",""
"Electric Light Orchestra","Eldorado","Album: Eldorado/ Artist: Electric Light Orchestra","1974","","100","0.01%","82.1964009%","Yes","","","","","","","","","","","","","","","","",""
"Electric Wizard","Dopethrone","Album: Dopethrone/ Artist: Electric Wizard","2000","","100","0.01%","82.2024484%","Yes","","","","","","","","","","","","","","","","",""
"Electric Wizard","Come My Fanatics...","Album: Come My Fanatics.../ Artist: Electric Wizard","1997","","100","0.01%","82.2084958%","Yes","","","","","","","","","","","","","","","","",""
"Elliot Smith","New Moon","Album: New Moon/ Artist: Elliot Smith","2007","","100","0.01%","82.2145432%","Yes","","","","","","","","","","","","","","","","",""
"Elliot Smith","From a Basement on a Hill","Album: From a Basement on a Hill/ Artist: Elliot Smith","2004","","100","0.01%","82.2205906%","Yes","","","","","","","","","","","","","","","","",""
"Elliott Smith","From a Basement on the Hill","Album: From a Basement on the Hill/ Artist: Elliott Smith","2004","","100","0.01%","82.2266380%","Yes","","","","","","","","","","","","","","","","",""
"Elliott Smith","Figure 8","Album: Figure 8/ Artist: Elliott Smith","2000","","100","0.01%","82.2326854%","Yes","","","","","","","","","","","","","","","","",""
"Aimee Mann","Bachelor No. 2 (Or, the Last Remains of the Dodo)","Album: Bachelor No. 2 (Or, the Last Remains of the Dodo)/ Artist: Aimee Mann","2000","","100","0.01%","82.2387328%","","","","","","","","","","","","","","","","","",""
"Drexciya","Neptunes Lair","Album: Neptunes Lair/ Artist: Drexciya","1999","","100","0.01%","82.2447802%","","","","","","","","","","","","","","","","","",""
"Elliott Smith","Either/Or","Album: Either/Or/ Artist: Elliott Smith","1997","","100","0.01%","82.2508277%","Yes","","","","","","","","","","","","","","","","",""
"Elliott Smith","Elliott Smith","Album: Elliott Smith/ Artist: Elliott Smith","1995","","100","0.01%","82.2568751%","Yes","","","","","","","","","","","","","","","","",""
"Elliott Smith","Roman Candle","Album: Roman Candle/ Artist: Elliott Smith","1994","","100","0.01%","82.2629225%","Yes","","","","","","","","","","","","","","","","",""
"Elmore James","The Sky Is Crying: The History of Elmore James","Album: The Sky Is Crying: The History of Elmore James/ Artist: Elmore James","1993","","100","0.01%","82.2689699%","Yes","","","","","","","","","","","","","","","","",""
"Elton John","Greatest Hits 1970-2002 (CD1 ONLY)","Album: Greatest Hits 1970-2002 (CD1 ONLY)/ Artist: Elton John","2008","","100","0.01%","82.2750173%","Yes","","","","","","","","","","","","","","","","",""
"Elton John","Captain Fantastic and the Brown Dirt Cowboy","Album: Captain Fantastic and the Brown Dirt Cowboy/ Artist: Elton John","1975","","100","0.01%","82.2810647%","Yes","","","","","","","","","","","","","","","","",""
"Elton John","Goodbye Yellow  Brick Road","Album: Goodbye Yellow  Brick Road/ Artist: Elton John","1973","","100","0.01%","82.2871121%","Yes","","","","","","","","","","","","","","","","",""
"Elton John","Honky Chateu ","Album: Honky Chateu / Artist: Elton John","1972","","100","0.01%","82.2931595%","Yes","","","","","","","","","","","","","","","","",""
"Elton John","Madman Across The Water","Album: Madman Across The Water/ Artist: Elton John","1971","","100","0.01%","82.2992069%","Yes","","","","","","","","","","","","","","","","",""
"Elton John","Elton John","Album: Elton John/ Artist: Elton John","1970","","100","0.01%","82.3052544%","Yes","","","","","","","","","","","","","","","","",""
"Elvis Costello","Trust","Album: Trust/ Artist: Elvis Costello","1981","","100","0.01%","82.3113018%","Yes","","","","","","","","","","","","","","","","",""
"Elvis Costello","This Year's Model","Album: This Year's Model/ Artist: Elvis Costello","1978","","100","0.01%","82.3173492%","Yes","","","","","","","","","","","","","","","","",""
"Elvis Costello","My Aim is True","Album: My Aim is True/ Artist: Elvis Costello","1977","","100","0.01%","82.3233966%","Yes","","","","","","","","","","","","","","","","",""
"Elvis Costello and the Attractions","Armed Forces","Album: Armed Forces/ Artist: Elvis Costello and the Attractions","1979","","100","0.01%","82.3294440%","Yes","","","","","","","","","","","","","","","","",""
"Elvis Presley","ELV1S: 30 #1 Hits (Disc 1)","Album: ELV1S: 30 #1 Hits (Disc 1)/ Artist: Elvis Presley","2002","","100","0.01%","82.3354914%","Yes","","","","","","","","","","","","","","","","",""
"Elvis Presley","ELV1S: 30 #1 Hits (Disc 2)","Album: ELV1S: 30 #1 Hits (Disc 2)/ Artist: Elvis Presley","2002","","100","0.01%","82.3415388%","Yes","","","","","","","","","","","","","","","","",""
"Elvis Presley","Elvis Presley","Album: Elvis Presley/ Artist: Elvis Presley","1956","","100","0.01%","82.3475862%","Yes","","","","","","","","","","","","","","","","",""
"Emerson, Lake & Palmer","Brain Salad Surgery","Album: Brain Salad Surgery/ Artist: Emerson, Lake & Palmer","1973","","100","0.01%","82.3536336%","Yes","","","","","","","","","","","","","","","","",""
"Roni Size / Reprazent","New Forms ","Album: New Forms / Artist: Roni Size / Reprazent","1997","","100","0.01%","82.3596811%","","","","","","","","","","","","","","","","","",""
"Emerson, Lake & Palmer","Tarkus","Album: Tarkus/ Artist: Emerson, Lake & Palmer","1971","","100","0.01%","82.3657285%","Yes","","","","","","","","","","","","","","","","",""
"Emerson, Lake & Palmer","Emerson, Lake & Palmer","Album: Emerson, Lake & Palmer/ Artist: Emerson, Lake & Palmer","1970","","100","0.01%","82.3717759%","Yes","","","","","","","","","","","","","","","","",""
"Eminem","The Eminem Show","Album: The Eminem Show/ Artist: Eminem","2002","","100","0.01%","82.3778233%","Yes","","","","","","","","","","","","","","","","",""
"Eminem","The Marshall Mathers LP","Album: The Marshall Mathers LP/ Artist: Eminem","2000","","100","0.01%","82.3838707%","Yes","","","","","","","","","","","","","","","","",""
"Eminem","The Slim Shady LP","Album: The Slim Shady LP/ Artist: Eminem","1999","","100","0.01%","82.3899181%","Yes","","","","","","","","","","","","","","","","",""
"Emperor","Anthems to the Welkin at Dusk","Album: Anthems to the Welkin at Dusk/ Artist: Emperor","1997","","100","0.01%","82.3959655%","Yes","","","","","","","","","","","","","","","","",""
"Emperor","In The Nightside Eclipse","Album: In The Nightside Eclipse/ Artist: Emperor","1993","","100","0.01%","82.4020129%","Yes","","","","","","","","","","","","","","","","",""
"Ennio Morricone","Il buono, il brutto, il cattivo (The Good, the Bad & the Ugly)","Album: Il buono, il brutto, il cattivo (The Good, the Bad & the Ugly)/ Artist: Ennio Morricone","1966","","100","0.01%","82.4080604%","Yes","","","","","","","","","","","","","","","","",""
"Entombed","Clandestine","Album: Clandestine/ Artist: Entombed","1991","","100","0.01%","82.4141078%","Yes","","","","","","","","","","","","","","","","",""
"Entombed","Left Hand Path","Album: Left Hand Path/ Artist: Entombed","1990","","100","0.01%","82.4201552%","Yes","","","","","","","","","","","","","","","","",""
"Envy","All the Footprints You've Ever Left and the Fear Expecting Ahead","Album: All the Footprints You've Ever Left and the Fear Expecting Ahead/ Artist: Envy","2001","","100","0.01%","82.4262026%","Yes","","","","","","","","","","","","","","","","",""
"Enya","Watermark","Album: Watermark/ Artist: Enya","1988","","100","0.01%","82.4322500%","Yes","","","","","","","","","","","","","","","","",""
"EPMD","Business Never Personal","Album: Business Never Personal/ Artist: EPMD","1992","","100","0.01%","82.4382974%","Yes","","","","","","","","","","","","","","","","",""
"Eric B. & Rakim","Follow The Leader","Album: Follow The Leader/ Artist: Eric B. & Rakim","1981","","100","0.01%","82.4443448%","","","","","","","","","","","","","","","","","",""
"Eric B. & Rakim","Paid in Full","Album: Paid in Full/ Artist: Eric B. & Rakim","1987","","100","0.01%","82.4503922%","Yes","","","","","","","","","","","","","","","","",""
"Eric Clapton","Slowhand","Album: Slowhand/ Artist: Eric Clapton","1977","","100","0.01%","82.4564396%","Yes","","","","","","","","","","","","","","","","",""
"Eric Dolphy","Out to Lunch!","Album: Out to Lunch!/ Artist: Eric Dolphy","1964","","100","0.01%","82.4624871%","Yes","","","","","","","","","","","","","","","","",""
"Erika de Casier","Essentials","Album: Essentials/ Artist: Erika de Casier","2019","","100","0.01%","82.4685345%","Yes","","","","","","","","","","","","","","","","",""
"Erroll Garner","Concert by the Sea","Album: Concert by the Sea/ Artist: Erroll Garner","1955","","100","0.01%","82.4745819%","Yes","","","","","","","","","","","","","","","","",""
"Erykah Badu","New Amerykah Part Two: Return of the Ankh","Album: New Amerykah Part Two: Return of the Ankh/ Artist: Erykah Badu","2010","","100","0.01%","82.4806293%","Yes","","","","","","","","","","","","","","","","",""
"Sarah McLachlan","Fumbling Towards Ecstasy","Album: Fumbling Towards Ecstasy/ Artist: Sarah McLachlan","1993","","100","0.01%","82.4866767%","","","","","","","","","","","","","","","","","",""
"Erykah Badu","New Amerykah Part One (4th World War)","Album: New Amerykah Part One (4th World War)/ Artist: Erykah Badu","2008","","100","0.01%","82.4927241%","Yes","","","","","","","","","","","","","","","","",""
"Erykah Badu","Mama's Gun","Album: Mama's Gun/ Artist: Erykah Badu","2000","","100","0.01%","82.4987715%","Yes","","","","","","","","","","","","","","","","",""
"Erykah Badu","Baduizm","Album: Baduizm/ Artist: Erykah Badu","1997","","100","0.01%","82.5048189%","Yes","","","","","","","","","","","","","","","","",""
"Esoteric","The Maniacal Vale","Album: The Maniacal Vale/ Artist: Esoteric","2008","","100","0.01%","82.5108664%","Yes","","","","","","","","","","","","","","","","",""
"Esperanza Spalding","Emily's D+Evolution","Album: Emily's D+Evolution/ Artist: Esperanza Spalding","2016","","100","0.01%","82.5169138%","Yes","","","","","","","","","","","","","","","","",""
"Everything But The Girl","Walking Wounded","Album: Walking Wounded/ Artist: Everything But The Girl","1996","","100","0.01%","82.5229612%","Yes","","","","","","","","","","","","","","","","",""
"Everything Everything","Mountainhead","Album: Mountainhead/ Artist: Everything Everything","2024","","100","0.01%","82.5290086%","Yes","","","","","","","","","","","","","","","","",""
"Everything Everything","Get to Heaven","Album: Get to Heaven/ Artist: Everything Everything","2015","","100","0.01%","82.5350560%","Yes","","","","","","","","","","","","","","","","",""
"Evian Christ","Waterfall","Album: Waterfall/ Artist: Evian Christ","2014","","100","0.01%","82.5411034%","Yes","","","","","","","","","","","","","","","","",""
"EXO","THE WAR","Album: THE WAR/ Artist: EXO","2017","","100","0.01%","82.5471508%","Yes","","","","","","","","","","","","","","","","",""
"Exploded View","Exploded View","Album: Exploded View/ Artist: Exploded View","2016","","100","0.01%","82.5531982%","Yes","","","","","","","","","","","","","","","","",""
"Explosions In The Sky","The Wilderness","Album: The Wilderness/ Artist: Explosions In The Sky","2016","","100","0.01%","82.5592456%","Yes","","","","","","","","","","","","","","","","",""
"Explosions in the Sky","All of a Sudden I Miss Everyone","Album: All of a Sudden I Miss Everyone/ Artist: Explosions in the Sky","2007","","100","0.01%","82.5652931%","Yes","","","","","","","","","","","","","","","","",""
"Explosions In The Sky","The Earth Is Not A Cold Dead Place","Album: The Earth Is Not A Cold Dead Place/ Artist: Explosions In The Sky","2003","","100","0.01%","82.5713405%","Yes","","","","","","","","","","","","","","","","",""
"Explosions In The Sky","Those Who Tell the Trush Shall Die, Those Who Truth Shall Live Forever","Album: Those Who Tell the Trush Shall Die, Those Who Truth Shall Live Forever/ Artist: Explosions In The Sky","2001","","100","0.01%","82.5773879%","Yes","","","","","","","","","","","","","","","","",""
"Extremity","Extremely Fucking Dead","Album: Extremely Fucking Dead/ Artist: Extremity","2017","","100","0.01%","82.5834353%","Yes","","","","","","","","","","","","","","","","",""
"Extremoduro","La Ley Innata","Album: La Ley Innata/ Artist: Extremoduro","2008","","100","0.01%","82.5894827%","Yes","","","","","","","","","","","","","","","","",""
"Exuma","Exuma","Album: Exuma/ Artist: Exuma","1970","","100","0.01%","82.5955301%","Yes","","","","","","","","","","","","","","","","",""
"f(x)","4 Walls","Album: 4 Walls/ Artist: f(x)","2015","","100","0.01%","82.6015775%","Yes","","","","","","","","","","","","","","","","",""
"f(x)","Red Light","Album: Red Light/ Artist: f(x)","2014","","100","0.01%","82.6076249%","Yes","","","","","","","","","","","","","","","","",""
"f(x)","Pink Tape","Album: Pink Tape/ Artist: f(x)","2013","","100","0.01%","82.6136724%","Yes","","","","","","","","","","","","","","","","",""
"Failure","Fantastic Planet","Album: Fantastic Planet/ Artist: Failure","1996","","100","0.01%","82.6197198%","Yes","","","","","","","","","","","","","","","","",""
"Fairport Convention","Liege & Lief","Album: Liege & Lief/ Artist: Fairport Convention","1969","","100","0.01%","82.6257672%","Yes","","","","","","","","","","","","","","","","",""
"Fairport Convention","Unhalfbricking","Album: Unhalfbricking/ Artist: Fairport Convention","1969","","100","0.01%","82.6318146%","Yes","","","","","","","","","","","","","","","","",""
"Faith No More","King for a Day... Fool for a Lifetime","Album: King for a Day... Fool for a Lifetime/ Artist: Faith No More","1995","","100","0.01%","82.6378620%","Yes","","","","","","","","","","","","","","","","",""
"Faith No More","Angel Dust","Album: Angel Dust/ Artist: Faith No More","1992","","100","0.01%","82.6439094%","Yes","","","","","","","","","","","","","","","","",""
"Faith No More","The Real Thing","Album: The Real Thing/ Artist: Faith No More","1989","","100","0.01%","82.6499568%","Yes","","","","","","","","","","","","","","","","",""
"Fall Out Boy","Folie a Deux","Album: Folie a Deux/ Artist: Fall Out Boy","2008","","100","0.01%","82.6560042%","Yes","","","","","","","","","","","","","","","","",""
"Fall Out Boy","Infinity On High","Album: Infinity On High/ Artist: Fall Out Boy","2007","","100","0.01%","82.6620516%","Yes","","","","","","","","","","","","","","","","",""
"Fatboy Slim","Why Try Harder","Album: Why Try Harder/ Artist: Fatboy Slim","2023","","100","0.01%","82.6680991%","Yes","","","","","","","","","","","","","","","","",""
"Fatboy Slim","Palookaville","Album: Palookaville/ Artist: Fatboy Slim","2004","","100","0.01%","82.6741465%","Yes","","","","","","","","","","","","","","","","",""
"Fatboy Slim","Between the Gutter and the Stars","Album: Between the Gutter and the Stars/ Artist: Fatboy Slim","2000","","100","0.01%","82.6801939%","Yes","","","","","","","","","","","","","","","","",""
"Fatboy Slim","You've Come a Long Way, Baby","Album: You've Come a Long Way, Baby/ Artist: Fatboy Slim","1998","","100","0.01%","82.6862413%","Yes","","","","","","","","","","","","","","","","",""
"Father John Misty","Chloe and the Next 20th Century","Album: Chloe and the Next 20th Century/ Artist: Father John Misty","2022","","100","0.01%","82.6922887%","Yes","","","","","","","","","","","","","","","","",""
"Father John Misty","Pure Comedy","Album: Pure Comedy/ Artist: Father John Misty","2017","","100","0.01%","82.6983361%","Yes","","","","","","","","","","","","","","","","",""
"Fats Domino","My Blue Heaven .. The Best Of Fats Domino (Vol. 1)","Album: My Blue Heaven .. The Best Of Fats Domino (Vol. 1)/ Artist: Fats Domino","1990","","100","0.01%","82.7043835%","Yes","","","","","","","","","","","","","","","","",""
"Faust","Faust IV","Album: Faust IV/ Artist: Faust","1973","","100","0.01%","82.7104309%","Yes","","","","","","","","","","","","","","","","",""
"Faust","Faust","Album: Faust/ Artist: Faust","1971","","100","0.01%","82.7164784%","Yes","","","","","","","","","","","","","","","","",""
"Faye Wong","浮躁 (Fúzào)","Album: 浮躁 (Fúzào)/ Artist: Faye Wong","1996","","100","0.01%","82.7225258%","Yes","","","","","","","","","","","","","","","","",""
"Fear Factory","Demanufacture","Album: Demanufacture/ Artist: Fear Factory","1995","","100","0.01%","82.7285732%","Yes","","","","","","","","","","","","","","","","",""
"Feeble Little Horse","Girl With Fish","Album: Girl With Fish/ Artist: Feeble Little Horse","2023","","100","0.01%","82.7346206%","Yes","","","","","","","","","","","","","","","","",""
"Feist","The Reminder","Album: The Reminder/ Artist: Feist","2007","","100","0.01%","82.7406680%","Yes","","","","","","","","","","","","","","","","",""
"Feist","Let It Die","Album: Let It Die/ Artist: Feist","2004","","100","0.01%","82.7467154%","Yes","","","","","","","","","","","","","","","","",""
"Feist ","Metals","Album: Metals/ Artist: Feist ","2011","","100","0.01%","82.7527628%","Yes","","","","","","","","","","","","","","","","",""
"Fela Kuti & Africa 70","Zombie","Album: Zombie/ Artist: Fela Kuti & Africa 70","1977","","100","0.01%","82.7588102%","Yes","","","","","","","","","","","","","","","","",""
"Fela Kuti & Africa 70","Confusion","Album: Confusion/ Artist: Fela Kuti & Africa 70","1975","","100","0.01%","82.7648576%","Yes","","","","","","","","","","","","","","","","",""
"Fela Kuti & Africa 70","Expensive Shit","Album: Expensive Shit/ Artist: Fela Kuti & Africa 70","1975","","100","0.01%","82.7709051%","Yes","","","","","","","","","","","","","","","","",""
"Fela Kuti & Africa 70","Gentleman","Album: Gentleman/ Artist: Fela Kuti & Africa 70","1975","","100","0.01%","82.7769525%","Yes","","","","","","","","","","","","","","","","",""
"Fela Kuti & Africa 70","Roforofo Fight","Album: Roforofo Fight/ Artist: Fela Kuti & Africa 70","1972","","100","0.01%","82.7829999%","Yes","","","","","","","","","","","","","","","","",""
"Fennesz","Venice","Album: Venice/ Artist: Fennesz","2004","","100","0.01%","82.7890473%","Yes","","","","","","","","","","","","","","","","",""
"Fennesz","Agora","Album: Agora/ Artist: Fennesz","2019","","100","0.01%","82.7950947%","","","","","","","","","","","","","","","","","",""
"Fennesz","Endless Summer","Album: Endless Summer/ Artist: Fennesz","2001","","100","0.01%","82.8011421%","Yes","","","","","","","","","","","","","","","","",""
"Feu! Chatterton","Palais D'argile","Album: Palais D'argile/ Artist: Feu! Chatterton","2021","","100","0.01%","82.8071895%","Yes","","","","","","","","","","","","","","","","",""
"Fever Ray","Plunge","Album: Plunge/ Artist: Fever Ray","2017","","100","0.01%","82.8132369%","Yes","","","","","","","","","","","","","","","","",""
"Fever Ray","Fever Ray","Album: Fever Ray/ Artist: Fever Ray","2009","","100","0.01%","82.8192844%","Yes","","","","","","","","","","","","","","","","",""
"Fiona Apple","Fetch The Bolt Cutters","Album: Fetch The Bolt Cutters/ Artist: Fiona Apple","2020","","100","0.01%","82.8253318%","Yes","","","","","","","","","","","","","","","","",""
"Fiona Apple","The Idler Wheel Is Wiser Than The Driver Of The Screw And Whipping Cords Will Serve You More Than Ropes Will Ever Do","Album: The Idler Wheel Is Wiser Than The Driver Of The Screw And Whipping Cords Will Serve You More Than Ropes Will Ever Do/ Artist: Fiona Apple","2012","","100","0.01%","82.8313792%","Yes","","","","","","","","","","","","","","","","",""
"Fiona Apple","Extraordinary Machine","Album: Extraordinary Machine/ Artist: Fiona Apple","2005","","100","0.01%","82.8374266%","Yes","","","","","","","","","","","","","","","","",""
"Fiona Apple","Tidal","Album: Tidal/ Artist: Fiona Apple","1996","","100","0.01%","82.8434740%","Yes","","","","","","","","","","","","","","","","",""
"Fire-Toolz","I will not use the body's eyes today.","Album: I will not use the body's eyes today./ Artist: Fire-Toolz","2022","","100","0.01%","82.8495214%","Yes","","","","","","","","","","","","","","","","",""
"Fire-Toolz","Eternal Home","Album: Eternal Home/ Artist: Fire-Toolz","2021","","100","0.01%","82.8555688%","Yes","","","","","","","","","","","","","","","","",""
"Fishmans","宇宙 日本 世田谷 [Uchū Nippon Setagaya]","Album: 宇宙 日本 世田谷 [Uchū Nippon Setagaya]/ Artist: Fishmans","2020","","100","0.01%","82.8616162%","Yes","","","","","","","","","","","","","","","","",""
"Fishmans","空中キャンプ (Kūchū Camp)","Album: 空中キャンプ (Kūchū Camp)/ Artist: Fishmans","2020","","100","0.01%","82.8676636%","Yes","","","","","","","","","","","","","","","","",""
"Fishmans","98.12.28 Otokotachi no Wakare","Album: 98.12.28 Otokotachi no Wakare/ Artist: Fishmans","1999","","100","0.01%","82.8737111%","Yes","","","","","","","","","","","","","","","","",""
"Fishmans","Long Season","Album: Long Season/ Artist: Fishmans","1996","","100","0.01%","82.8797585%","Yes","","","","","","","","","","","","","","","","",""
"FKA twigs","EUSEXUA","Album: EUSEXUA/ Artist: FKA twigs","2025","","100","0.01%","82.8858059%","Yes","","","","","","","","","","","","","","","","",""
"FKA twigs","EP2","Album: EP2/ Artist: FKA twigs","2013","","100","0.01%","82.8918533%","Yes","","","","","","","","","","","","","","","","",""
"FKA twigs","M3LL155X","Album: M3LL155X/ Artist: FKA twigs","2015","","100","0.01%","82.8979007%","Yes","","","","","","","","","","","","","","","","",""
"FKA twigs","LP1","Album: LP1/ Artist: FKA twigs","2014","","100","0.01%","82.9039481%","Yes","","","","","","","","","","","","","","","","",""
"FKA twigs","MAGDALENE","Album: MAGDALENE/ Artist: FKA twigs","2019","","100","0.01%","82.9099955%","Yes","","","","","","","","","","","","","","","","",""
"FKA twigs","Caprisongs","Album: Caprisongs/ Artist: FKA twigs","2022","","100","0.01%","82.9160429%","Yes","","","","","","","","","","","","","","","","",""
"Flatbush Zombies","BetterOffDEAD","Album: BetterOffDEAD/ Artist: Flatbush Zombies","2013","","100","0.01%","82.9220904%","Yes","","","","","","","","","","","","","","","","",""
"Fleet Foxes","Shore","Album: Shore/ Artist: Fleet Foxes","2020","","100","0.01%","82.9281378%","Yes","","","","","","","","","","","","","","","","",""
"Fleet Foxes","Crack-Up","Album: Crack-Up/ Artist: Fleet Foxes","2017","","100","0.01%","82.9341852%","Yes","","","","","","","","","","","","","","","","",""
"Fleet Foxes","Helplessness Blues","Album: Helplessness Blues/ Artist: Fleet Foxes","2011","","100","0.01%","82.9402326%","Yes","","","","","","","","","","","","","","","","",""
"Fleet Foxes","Fleet Foxes","Album: Fleet Foxes/ Artist: Fleet Foxes","2008","","100","0.01%","82.9462800%","Yes","","","","","","","","","","","","","","","","",""
"Fleet Foxes","Sun Giant","Album: Sun Giant/ Artist: Fleet Foxes","2008","","100","0.01%","82.9523274%","Yes","","","","","","","","","","","","","","","","",""
"Fleetwood Mac","Greatest Hits","Album: Greatest Hits/ Artist: Fleetwood Mac","1988","","100","0.01%","82.9583748%","Yes","","","","","","","","","","","","","","","","",""
"Fleetwood Mac","Tango in the Night","Album: Tango in the Night/ Artist: Fleetwood Mac","1987","","100","0.01%","82.9644222%","Yes","","","","","","","","","","","","","","","","",""
"Fleetwood Mac","Tusk CD1","Album: Tusk CD1/ Artist: Fleetwood Mac","1979","","100","0.01%","82.9704696%","Yes","","","","","","","","","","","","","","","","",""
"Fleetwood Mac","Tusk CD2","Album: Tusk CD2/ Artist: Fleetwood Mac","1979","","100","0.01%","82.9765171%","Yes","","","","","","","","","","","","","","","","",""
"Fleetwood Mac","Rumours","Album: Rumours/ Artist: Fleetwood Mac","1977","","100","0.01%","82.9825645%","Yes","","","","","","","","","","","","","","","","",""
"Fleetwood Mac","Fleetwood Mac","Album: Fleetwood Mac/ Artist: Fleetwood Mac","1975","","100","0.01%","82.9886119%","Yes","","","","","","","","","","","","","","","","",""
"Florence + The Machine","How Big How Blue How Beautiful","Album: How Big How Blue How Beautiful/ Artist: Florence + The Machine","2015","","100","0.01%","82.9946593%","Yes","","","","","","","","","","","","","","","","",""
"Florence + The Machine","Ceremonials","Album: Ceremonials/ Artist: Florence + The Machine","2011","","100","0.01%","83.0007067%","Yes","","","","","","","","","","","","","","","","",""
"Florence + The Machine","Lungs","Album: Lungs/ Artist: Florence + The Machine","2009","","100","0.01%","83.0067541%","Yes","","","","","","","","","","","","","","","","",""
"Florist","Florist","Album: Florist/ Artist: Florist","2022","","100","0.01%","83.0128015%","Yes","","","","","","","","","","","","","","","","",""
"Flower Travellin' Band","Satori","Album: Satori/ Artist: Flower Travellin' Band","1971","","100","0.01%","83.0188489%","Yes","","","","","","","","","","","","","","","","",""
"Flying Lotus","You're Dead!","Album: You're Dead!/ Artist: Flying Lotus","2014","","100","0.01%","83.0248963%","Yes","","","","","","","","","","","","","","","","",""
"Flying Lotus","Until the Quiet Comes","Album: Until the Quiet Comes/ Artist: Flying Lotus","2012","","100","0.01%","83.0309438%","Yes","","","","","","","","","","","","","","","","",""
"Flying Lotus","Cosmogramma","Album: Cosmogramma/ Artist: Flying Lotus","2010","","100","0.01%","83.0369912%","Yes","","","","","","","","","","","","","","","","",""
"Flying Lotus","Los Angeles","Album: Los Angeles/ Artist: Flying Lotus","2008","","100","0.01%","83.0430386%","Yes","","","","","","","","","","","","","","","","",""
"Foals","Antidotes","Album: Antidotes/ Artist: Foals","2008","","100","0.01%","83.0490860%","Yes","","","","","","","","","","","","","","","","",""
"FONTAINES D.C","Skinty Fia","Album: Skinty Fia/ Artist: FONTAINES D.C","2022","","100","0.01%","83.0551334%","Yes","","","","","","","","","","","","","","","","",""
"Foo Fighters","Wasting Light","Album: Wasting Light/ Artist: Foo Fighters","2011","","100","0.01%","83.0611808%","Yes","","","","","","","","","","","","","","","","",""
"Foo Fighters","Echoes, Silence, Patience and Grace","Album: Echoes, Silence, Patience and Grace/ Artist: Foo Fighters","2007","","100","0.01%","83.0672282%","Yes","","","","","","","","","","","","","","","","",""
"Foo Fighters","Greatest Hits (Foo Fighters)","Album: Greatest Hits (Foo Fighters)/ Artist: Foo Fighters","2000","","100","0.01%","83.0732756%","Yes","","","","","","","","","","","","","","","","",""
"Foo Fighters","There Is Nothing Left To Lose","Album: There Is Nothing Left To Lose/ Artist: Foo Fighters","1999","","100","0.01%","83.0793231%","Yes","","","","","","","","","","","","","","","","",""
"Foodman","oiss EP","Album: oiss EP/ Artist: Foodman","2014","","100","0.01%","83.0853705%","No","","","","","","","","","","","","","","","","",""
"Forest Swords","Compassion","Album: Compassion/ Artist: Forest Swords","2017","","100","0.01%","83.0914179%","Yes","","","","","","","","","","","","","","","","",""
"Forest Swords","Engraving","Album: Engraving/ Artist: Forest Swords","2013","","100","0.01%","83.0974653%","Yes","","","","","","","","","","","","","","","","",""
"Foster the People","Torches","Album: Torches/ Artist: Foster the People","2011","","100","0.01%","83.1035127%","Yes","","","","","","","","","","","","","","","","",""
"Four Tet","Three","Album: Three/ Artist: Four Tet","2024","","100","0.01%","83.1095601%","Yes","","","","","","","","","","","","","","","","",""
"Four Tet","There is Love on You","Album: There is Love on You/ Artist: Four Tet","2010","","100","0.01%","83.1156075%","Yes","","","","","","","","","","","","","","","","",""
"Four Tet","Rounds","Album: Rounds/ Artist: Four Tet","2003","","100","0.01%","83.1216549%","Yes","","","","","","","","","","","","","","","","",""
"Four Tet","Pause","Album: Pause/ Artist: Four Tet","2001","","100","0.01%","83.1277023%","Yes","","","","","","","","","","","","","","","","",""
"foxtails","fawn","Album: fawn/ Artist: foxtails","2022","","100","0.01%","83.1337498%","Yes","","","","","","","","","","","","","","","","",""
"Foxygen","We Are the 21st Century Ambassadors of Peace & Magic","Album: We Are the 21st Century Ambassadors of Peace & Magic/ Artist: Foxygen","2013","","100","0.01%","83.1397972%","Yes","","","","","","","","","","","","","","","","",""
"Foxygen","Take the Kids off Broadway EP","Album: Take the Kids off Broadway EP/ Artist: Foxygen","2012","","100","0.01%","83.1458446%","Yes","","","","","","","","","","","","","","","","",""
"Franco","The Very best of the Rumba Giant of Zaire","Album: The Very best of the Rumba Giant of Zaire/ Artist: Franco","2000","","100","0.01%","83.1518920%","Yes","","","","","","","","","","","","","","","","",""
"Franco Battiato","La voce del padrone","Album: La voce del padrone/ Artist: Franco Battiato","1981","","100","0.01%","83.1579394%","Yes","","","","","","","","","","","","","","","","",""
"Françoise Hardy","La question","Album: La question/ Artist: Françoise Hardy","1971","","100","0.01%","83.1639868%","Yes","","","","","","","","","","","","","","","","",""
"Frank Ocean","Blond","Album: Blond/ Artist: Frank Ocean","2016","","100","0.01%","83.1700342%","Yes","","","","","","","","","","","","","","","","",""
"Frank Ocean","Channel Orange","Album: Channel Orange/ Artist: Frank Ocean","2012","","100","0.01%","83.1760816%","Yes","","","","","","","","","","","","","","","","",""
"Frank Ocean","Nostagia, Ultra","Album: Nostagia, Ultra/ Artist: Frank Ocean","2011","","100","0.01%","83.1821291%","Yes","","","","","","","","","","","","","","","","",""
"Frank Sinatra","In The Wee Small Hours","Album: In The Wee Small Hours/ Artist: Frank Sinatra","1955","","100","0.01%","83.1881765%","Yes","","","","","","","","","","","","","","","","",""
"Frank Zappa","The Grand Wazoo","Album: The Grand Wazoo/ Artist: Frank Zappa","1974","","100","0.01%","83.1942239%","No","","","","","","","","","","","","","","","","",""
"Frank Zappa","Hot Rats","Album: Hot Rats/ Artist: Frank Zappa","1969","","100","0.01%","83.2002713%","Yes","","","","","","","","","","","","","","","","",""
"Frankie Knuckles","Boiler Room London DJ Set","Album: Boiler Room London DJ Set/ Artist: Frankie Knuckles","2013","","100","0.01%","83.2063187%","Yes","","","","","","","","","","","","","","","","",""
"Franz Ferdinand","Tonight: Franz Ferdinand","Album: Tonight: Franz Ferdinand/ Artist: Franz Ferdinand","2009","","100","0.01%","83.2123661%","Yes","","","","","","","","","","","","","","","","",""
"Frightened Rabbit","The Midnight Organ Fight","Album: The Midnight Organ Fight/ Artist: Frightened Rabbit","2008","","100","0.01%","83.2184135%","Yes","","","","","","","","","","","","","","","","",""
"Friko","Where we've been, Where we go from here","Album: Where we've been, Where we go from here/ Artist: Friko","2024","","100","0.01%","83.2244609%","Yes","","","","","","","","","","","","","","","","",""
"Fripp & Eno","Evening Star","Album: Evening Star/ Artist: Fripp & Eno","1975","","100","0.01%","83.2305083%","Yes","","","","","","","","","","","","","","","","",""
"Fu Manchu","Eatin´Dust","Album: Eatin´Dust/ Artist: Fu Manchu","1999","","100","0.01%","83.2365558%","Yes","","","","","","","","","","","","","","","","",""
"Fu Manchu","The Action is Go","Album: The Action is Go/ Artist: Fu Manchu","1997","","100","0.01%","83.2426032%","Yes","","","","","","","","","","","","","","","","",""
"Fuck Buttons","Slow Focus","Album: Slow Focus/ Artist: Fuck Buttons","2013","","100","0.01%","83.2486506%","Yes","","","","","","","","","","","","","","","","",""
"Fuck Buttons","Tarot Sport","Album: Tarot Sport/ Artist: Fuck Buttons","2009","","100","0.01%","83.2546980%","Yes","","","","","","","","","","","","","","","","",""
"Fucked Up","David Comes To Life","Album: David Comes To Life/ Artist: Fucked Up","2011","","100","0.01%","83.2607454%","Yes","","","","","","","","","","","","","","","","",""
"Fucked Up","The Chemistry of Common Life","Album: The Chemistry of Common Life/ Artist: Fucked Up","2008","","100","0.01%","83.2667928%","Yes","","","","","","","","","","","","","","","","",""
"Fugazi","Fugazi","Album: Fugazi/ Artist: Fugazi","1988","","100","0.01%","83.2728402%","No","","","","","","","","","","","","","","","","",""
"Fugazi","The Argument","Album: The Argument/ Artist: Fugazi","2001","","100","0.01%","83.2788876%","Yes","","","","","","","","","","","","","","","","",""
"Fugazi","Red Medicine","Album: Red Medicine/ Artist: Fugazi","1995","","100","0.01%","83.2849351%","Yes","","","","","","","","","","","","","","","","",""
"Fugazi","In on The Kill Taker","Album: In on The Kill Taker/ Artist: Fugazi","1993","","100","0.01%","83.2909825%","Yes","","","","","","","","","","","","","","","","",""
"Fugazi","Steady Diet of Nothing","Album: Steady Diet of Nothing/ Artist: Fugazi","1991","","100","0.01%","83.2970299%","Yes","","","","","","","","","","","","","","","","",""
"Fugazi","Repeater","Album: Repeater/ Artist: Fugazi","1990","","100","0.01%","83.3030773%","Yes","","","","","","","","","","","","","","","","",""
"Fugazi","13 Songs","Album: 13 Songs/ Artist: Fugazi","1989","","100","0.01%","83.3091247%","Yes","","","","","","","","","","","","","","","","",""
"Fugees","The Score","Album: The Score/ Artist: Fugees","1996","","100","0.01%","83.3151721%","Yes","","","","","","","","","","","","","","","","",""
"Funkadelic","One Nation Under a Groove","Album: One Nation Under a Groove/ Artist: Funkadelic","1978","","100","0.01%","83.3212195%","No","","","","","","","","","","","","","","","","",""
"Funkadelic","Standing on the Verge of Getting It On","Album: Standing on the Verge of Getting It On/ Artist: Funkadelic","1974","","100","0.01%","83.3272669%","Yes","","","","","","","","","","","","","","","","",""
"Funkadelic","Maggot Brain","Album: Maggot Brain/ Artist: Funkadelic","1971","","100","0.01%","83.3333143%","Yes","","","","","","","","","","","","","","","","",""
"Funkadelic","Free Your Mind... and Your Ass Will Follow","Album: Free Your Mind... and Your Ass Will Follow/ Artist: Funkadelic","1970","","100","0.01%","83.3393618%","Yes","","","","","","","","","","","","","","","","",""
"Funkadelic","Funkadelic","Album: Funkadelic/ Artist: Funkadelic","1970","","100","0.01%","83.3454092%","Yes","","","","","","","","","","","","","","","","",""
"Furia","Martwa polska jesień","Album: Martwa polska jesień/ Artist: Furia","2007","","100","0.01%","83.3514566%","Yes","","","","","","","","","","","","","","","","",""
"Future","Monster","Album: Monster/ Artist: Future","2014","","100","0.01%","83.3575040%","Yes","","","","","","","","","","","","","","","","",""
"Future Islands","Singles","Album: Singles/ Artist: Future Islands","2014","","100","0.01%","83.3635514%","Yes","","","","","","","","","","","","","","","","",""
"Fuzz","Fuzz","Album: Fuzz/ Artist: Fuzz","2013","","100","0.01%","83.3695988%","Yes","","","","","","","","","","","","","","","","",""
"G.L.O.S.S","Trans Day of Revenge","Album: Trans Day of Revenge/ Artist: G.L.O.S.S","2016","","100","0.01%","83.3756462%","No","","","","","","","","","","","","","","","","",""
"Gal Costa","Gal (1969)","Album: Gal (1969)/ Artist: Gal Costa","1969","","100","0.01%","83.3816936%","Yes","","","","","","","","","","","","","","","","",""
"Gal Costa","Gal Costa","Album: Gal Costa/ Artist: Gal Costa","1969","","100","0.01%","83.3877411%","Yes","","","","","","","","","","","","","","","","",""
"Galaxie 500","This is Our Music","Album: This is Our Music/ Artist: Galaxie 500","1990","","100","0.01%","83.3937885%","Yes","","","","","","","","","","","","","","","","",""
"Galaxie 500","On Fire","Album: On Fire/ Artist: Galaxie 500","1989","","100","0.01%","83.3998359%","Yes","","","","","","","","","","","","","","","","",""
"Galaxie 500","Today","Album: Today/ Artist: Galaxie 500","1988","","100","0.01%","83.4058833%","Yes","","","","","","","","","","","","","","","","",""
"Gang Gang Dance","Eye Contact","Album: Eye Contact/ Artist: Gang Gang Dance","2011","","100","0.01%","83.4119307%","Yes","","","","","","","","","","","","","","","","",""
"Gang Gang Dance","Saint Dymphna","Album: Saint Dymphna/ Artist: Gang Gang Dance","2008","","100","0.01%","83.4179781%","Yes","","","","","","","","","","","","","","","","",""
"Gang of Four","Entertainment!","Album: Entertainment!/ Artist: Gang of Four","1979","","100","0.01%","83.4240255%","Yes","","","","","","","","","","","","","","","","",""
"Gang of Youths","Go Farther in Lightness","Album: Go Farther in Lightness/ Artist: Gang of Youths","2017","","100","0.01%","83.4300729%","Yes","","","","","","","","","","","","","","","","",""
"Gang Starr","Moment of Truth","Album: Moment of Truth/ Artist: Gang Starr","1998","","100","0.01%","83.4361203%","Yes","","","","","","","","","","","","","","","","",""
"Gang Starr","Heard to Earn","Album: Heard to Earn/ Artist: Gang Starr","1994","","100","0.01%","83.4421678%","Yes","","","","","","","","","","","","","","","","",""
"Gang Starr","Daily Operation","Album: Daily Operation/ Artist: Gang Starr","1992","","100","0.01%","83.4482152%","Yes","","","","","","","","","","","","","","","","",""
"Gang Starr","Step in the Arena","Album: Step in the Arena/ Artist: Gang Starr","1991","","100","0.01%","83.4542626%","Yes","","","","","","","","","","","","","","","","",""
"GAO THE ARSONIST","AND THEY MINE FOR OUR BODIES","Album: AND THEY MINE FOR OUR BODIES/ Artist: GAO THE ARSONIST","2024","","100","0.01%","83.4603100%","Yes","","","","","","","","","","","","","","","","",""
"Garbage","Garbage 2.0","Album: Garbage 2.0/ Artist: Garbage","1998","","100","0.01%","83.4663574%","Yes","","","","","","","","","","","","","","","","",""
"Garbage","Garbage","Album: Garbage/ Artist: Garbage","1995","","100","0.01%","83.4724048%","Yes","","","","","","","","","","","","","","","","",""
"Gary Numan","The Pleasure Principle","Album: The Pleasure Principle/ Artist: Gary Numan","1979","","100","0.01%","83.4784522%","Yes","","","","","","","","","","","","","","","","",""
"Gas","Pop","Album: Pop/ Artist: Gas","2000","","100","0.01%","83.4844996%","Yes","","","","","","","","","","","","","","","","",""
"Gas","Königsforst","Album: Königsforst/ Artist: Gas","1998","","100","0.01%","83.4905471%","Yes","","","","","","","","","","","","","","","","",""
"Gas","Zauberberg","Album: Zauberberg/ Artist: Gas","1997","","100","0.01%","83.4965945%","Yes","","","","","","","","","","","","","","","","",""
"Geese","Getting Killed","Album: Getting Killed/ Artist: Geese","2025","","100","0.01%","83.5026419%","Yes","","","","","","","","","","","","","","","","",""
"Geese","3D Country","Album: 3D Country/ Artist: Geese","2023","","100","0.01%","83.5086893%","Yes","","","","","","","","","","","","","","","","",""
"Gene Clark","No Other","Album: No Other/ Artist: Gene Clark","1974","","100","0.01%","83.5147367%","Yes","","","","","","","","","","","","","","","","",""
"Genesis","A Trick of the Tail","Album: A Trick of the Tail/ Artist: Genesis","1976","","100","0.01%","83.5207841%","Yes","","","","","","","","","","","","","","","","",""
"Genesis","The Lamb Dies Down on Broadway","Album: The Lamb Dies Down on Broadway/ Artist: Genesis","1974","","100","0.01%","83.5268315%","Yes","","","","","","","","","","","","","","","","",""
"Genesis","Selling England By The Pound","Album: Selling England By The Pound/ Artist: Genesis","1973","","100","0.01%","83.5328789%","Yes","","","","","","","","","","","","","","","","",""
"Genesis","Foxtrot","Album: Foxtrot/ Artist: Genesis","1972","","100","0.01%","83.5389263%","Yes","","","","","","","","","","","","","","","","",""
"Genesis","Nursery Cryme","Album: Nursery Cryme/ Artist: Genesis","1971","","100","0.01%","83.5449738%","Yes","","","","","","","","","","","","","","","","",""
"Genesis Owusu","Struggler","Album: Struggler/ Artist: Genesis Owusu","2023","","100","0.01%","83.5510212%","Yes","","","","","","","","","","","","","","","","",""
"Genesis Owusu","Smiling with No Teeth","Album: Smiling with No Teeth/ Artist: Genesis Owusu","2021","","100","0.01%","83.5570686%","Yes","","","","","","","","","","","","","","","","",""
"Gentle Giant","The Power and the Glory","Album: The Power and the Glory/ Artist: Gentle Giant","1974","","100","0.01%","83.5631160%","Yes","","","","","","","","","","","","","","","","",""
"Gentle Giant","In a Glass House","Album: In a Glass House/ Artist: Gentle Giant","1973","","100","0.01%","83.5691634%","Yes","","","","","","","","","","","","","","","","",""
"Gentle Giant","Octopus","Album: Octopus/ Artist: Gentle Giant","1972","","100","0.01%","83.5752108%","Yes","","","","","","","","","","","","","","","","",""
"Gentle Giant","Gentle Giant","Album: Gentle Giant/ Artist: Gentle Giant","1970","","100","0.01%","83.5812582%","Yes","","","","","","","","","","","","","","","","",""
"George Clanton","Ohh Rap I Ya","Album: Ohh Rap I Ya/ Artist: George Clanton","2023","","100","0.01%","83.5873056%","Yes","","","","","","","","","","","","","","","","",""
"George Clanton","Slide","Album: Slide/ Artist: George Clanton","2018","","100","0.01%","83.5933530%","Yes","","","","","","","","","","","","","","","","",""
"George Clanton","100% Electronica","Album: 100% Electronica/ Artist: George Clanton","2015","","100","0.01%","83.5994005%","Yes","","","","","","","","","","","","","","","","",""
"George Harrison","All Things Must Pass","Album: All Things Must Pass/ Artist: George Harrison","1970","","100","0.01%","83.6054479%","Yes","","","","","","","","","","","","","","","","",""
"George Michael","Listen Without Prejudice Vol. 1","Album: Listen Without Prejudice Vol. 1/ Artist: George Michael","1990","","100","0.01%","83.6114953%","Yes","","","","","","","","","","","","","","","","",""
"George Michael","Faith","Album: Faith/ Artist: George Michael","1987","","100","0.01%","83.6175427%","Yes","","","","","","","","","","","","","","","","",""
"Geto Boys","We Can't Be Stopped","Album: We Can't Be Stopped/ Artist: Geto Boys","1991","","100","0.01%","83.6235901%","Yes","","","","","","","","","","","","","","","","",""
"Ghais Guevara","Goyard Ibn Said","Album: Goyard Ibn Said/ Artist: Ghais Guevara","2025","","100","0.01%","83.6296375%","Yes","","","","","","","","","","","","","","","","",""
"Ghais Guevara","There Will Be No Super-Slave","Album: There Will Be No Super-Slave/ Artist: Ghais Guevara","2022","","100","0.01%","83.6356849%","Yes","","","","","","","","","","","","","","","","",""
"Ghost","Seven Inches of Satanic Panic","Album: Seven Inches of Satanic Panic/ Artist: Ghost","2019","","100","0.01%","83.6417323%","Yes","","","","","","","","","","","","","","","","",""
"Ghost","Prequelle","Album: Prequelle/ Artist: Ghost","2018","","100","0.01%","83.6477798%","Yes","","","","","","","","","","","","","","","","",""
"Ghost","Meliora","Album: Meliora/ Artist: Ghost","2017","","100","0.01%","83.6538272%","Yes","","","","","","","","","","","","","","","","",""
"Ghost","Popestar","Album: Popestar/ Artist: Ghost","2014","","100","0.01%","83.6598746%","Yes","","","","","","","","","","","","","","","","",""
"Ghost","If you have Ghost","Album: If you have Ghost/ Artist: Ghost","2013","","100","0.01%","83.6659220%","Yes","","","","","","","","","","","","","","","","",""
"Ghostface Killah","Fishscale","Album: Fishscale/ Artist: Ghostface Killah","2006","","100","0.01%","83.6719694%","Yes","","","","","","","","","","","","","","","","",""
"Ghostface Killah","Supreme Clientele","Album: Supreme Clientele/ Artist: Ghostface Killah","2000","","100","0.01%","83.6780168%","Yes","","","","","","","","","","","","","","","","",""
"Gil Scott-Heron","I'm New Here","Album: I'm New Here/ Artist: Gil Scott-Heron","2010","","100","0.01%","83.6840642%","Yes","","","","","","","","","","","","","","","","",""
"Gil Scott-Heron","Pieces of a Man","Album: Pieces of a Man/ Artist: Gil Scott-Heron","1971","","100","0.01%","83.6901116%","Yes","","","","","","","","","","","","","","","","",""
"Giles Corey","Hinterkaifeck","Album: Hinterkaifeck/ Artist: Giles Corey","2013","","100","0.01%","83.6961590%","Yes","","","","","","","","","","","","","","","","",""
"Giles Corey","Giles Corey","Album: Giles Corey/ Artist: Giles Corey","2011","","100","0.01%","83.7022065%","Yes","","","","","","","","","","","","","","","","",""
"Gilla Band","Most Normal","Album: Most Normal/ Artist: Gilla Band","2022","","100","0.01%","83.7082539%","Yes","","","","","","","","","","","","","","","","",""
"Gillian Welch","Time (The Revelator)","Album: Time (The Revelator)/ Artist: Gillian Welch","2001","","100","0.01%","83.7143013%","Yes","","","","","","","","","","","","","","","","",""
"Ginger Root","Nisemono","Album: Nisemono/ Artist: Ginger Root","2022","","100","0.01%","83.7203487%","Yes","","","","","","","","","","","","","","","","",""
"Gingus","giranightcore: yellow","Album: giranightcore: yellow/ Artist: Gingus","2021","","100","0.01%","83.7263961%","No","","","","","","","","","","","","","","","","",""
"Girl Talk","All Day","Album: All Day/ Artist: Girl Talk","2010","","100","0.01%","83.7324435%","Yes","","","","","","","","","","","","","","","","",""
"Girl Talk","Feed the Animals","Album: Feed the Animals/ Artist: Girl Talk","2008","","100","0.01%","83.7384909%","Yes","","","","","","","","","","","","","","","","",""
"Girl Talk","Night Ripper","Album: Night Ripper/ Artist: Girl Talk","2006","","100","0.01%","83.7445383%","Yes","","","","","","","","","","","","","","","","",""
"Girl Talk & Freeway","Broken Ankles EP","Album: Broken Ankles EP/ Artist: Girl Talk & Freeway","2014","","100","0.01%","83.7505858%","Yes","","","","","","","","","","","","","","","","",""
"Girlpool","Before the World Was Big","Album: Before the World Was Big/ Artist: Girlpool","2015","","100","0.01%","83.7566332%","","","","","","","","","","","","","","","","","",""
"Girlpool","Powerplant","Album: Powerplant/ Artist: Girlpool","2014","","100","0.01%","83.7626806%","","","","","","","","","","","","","","","","","",""
"Girlpool","What Chaos is Imaginary","Album: What Chaos is Imaginary/ Artist: Girlpool","2019","","100","0.01%","83.7687280%","Yes","","","","","","","","","","","","","","","","",""
"Girls","Father, Son, Holy Ghost","Album: Father, Son, Holy Ghost/ Artist: Girls","2011","","100","0.01%","83.7747754%","Yes","","","","","","","","","","","","","","","","",""
"Girls","Broken Dreams Club","Album: Broken Dreams Club/ Artist: Girls","2010","","100","0.01%","83.7808228%","Yes","","","","","","","","","","","","","","","","",""
"Jai Paul","Leak 04-13 (Bait Ones)","Album: Leak 04-13 (Bait Ones)/ Artist: Jai Paul","2019","","100","0.01%","83.7868702%","","","","","","","","","","","","","","","","","",""
"Girls","Album","Album: Album/ Artist: Girls","2009","","100","0.01%","83.7929176%","Yes","","","","","","","","","","","","","","","","",""
"glass beach","the first glass beach album","Album: the first glass beach album/ Artist: glass beach","2019","","100","0.01%","83.7989650%","Yes","","","","","","","","","","","","","","","","",""
"Glenn Branca","The Ascension","Album: The Ascension/ Artist: Glenn Branca","1981","","100","0.01%","83.8050125%","Yes","","","","","","","","","","","","","","","","",""
"Global Communication","76:14","Album: 76:14/ Artist: Global Communication","1994","","100","0.01%","83.8110599%","Yes","","","","","","","","","","","","","","","","",""
"Goblin","Suspiria","Album: Suspiria/ Artist: Goblin","1977","","100","0.01%","83.8171073%","Yes","","","","","","","","","","","","","","","","",""
"EMA","Past Life Martyred Saints","Album: Past Life Martyred Saints/ Artist: EMA","2011","","100","0.01%","83.8231547%","","","","","","","","","","","","","","","","","",""
"Godflesh","Decline and Fall","Album: Decline and Fall/ Artist: Godflesh","2014","","100","0.01%","83.8292021%","Yes","","","","","","","","","","","","","","","","",""
"Godflesh","Streetcleaner","Album: Streetcleaner/ Artist: Godflesh","1989","","100","0.01%","83.8352495%","Yes","","","","","","","","","","","","","","","","",""
"ESG","Come Away With ESG","Album: Come Away With ESG/ Artist: ESG","1983","","100","0.01%","83.8412969%","","","","","","","","","","","","","","","","","",""
"Joyce Manor","Never Hungover Again ","Album: Never Hungover Again / Artist: Joyce Manor","2014","","100","0.01%","83.8473443%","","","","","","","","","","","","","","","","","",""
"Joyce Manor","Joyce Manor","Album: Joyce Manor/ Artist: Joyce Manor","2011","","100","0.01%","83.8533918%","","","","","","","","","","","","","","","","","",""
"Gojira","Magma","Album: Magma/ Artist: Gojira","2016","","100","0.01%","83.8594392%","Yes","","","","","","","","","","","","","","","","",""
"Gojira","L'Enfant Sauvage","Album: L'Enfant Sauvage/ Artist: Gojira","2012","","100","0.01%","83.8654866%","Yes","","","","","","","","","","","","","","","","",""
"Gojira","The Way of All Flesh","Album: The Way of All Flesh/ Artist: Gojira","2008","","100","0.01%","83.8715340%","Yes","","","","","","","","","","","","","","","","",""
"Gojira","From Mars to Sirius","Album: From Mars to Sirius/ Artist: Gojira","2005","","100","0.01%","83.8775814%","Yes","","","","","","","","","","","","","","","","",""
"Goldfrapp","Felt Mountain","Album: Felt Mountain/ Artist: Goldfrapp","2000","","100","0.01%","83.8836288%","Yes","","","","","","","","","","","","","","","","",""
"Goodie Mob","Soul Food","Album: Soul Food/ Artist: Goodie Mob","1995","","100","0.01%","83.8896762%","Yes","","","","","","","","","","","","","","","","",""
"Gorguts","Pleiades Dust","Album: Pleiades Dust/ Artist: Gorguts","2016","","100","0.01%","83.8957236%","Yes","","","","","","","","","","","","","","","","",""
"Gorguts","Colored Sands","Album: Colored Sands/ Artist: Gorguts","2013","","100","0.01%","83.9017710%","Yes","","","","","","","","","","","","","","","","",""
"Gorguts","Obscura","Album: Obscura/ Artist: Gorguts","1998","","100","0.01%","83.9078185%","Yes","","","","","","","","","","","","","","","","",""
"Gorillaz","Song Machine, Season 1","Album: Song Machine, Season 1/ Artist: Gorillaz","2020","","100","0.01%","83.9138659%","Yes","","","","","","","","","","","","","","","","",""
"Gorillaz","Plastic beach","Album: Plastic beach/ Artist: Gorillaz","2010","","100","0.01%","83.9199133%","Yes","","","","","","","","","","","","","","","","",""
"Gorillaz","Demon Days","Album: Demon Days/ Artist: Gorillaz","2005","","100","0.01%","83.9259607%","Yes","","","","","","","","","","","","","","","","",""
"Gorillaz","Gorillaz","Album: Gorillaz/ Artist: Gorillaz","2001","","100","0.01%","83.9320081%","Yes","","","","","","","","","","","","","","","","",""
"Gospel","The Loser","Album: The Loser/ Artist: Gospel","2022","","100","0.01%","83.9380555%","Yes","","","","","","","","","","","","","","","","",""
"Gospel","The Moon Is a Dead World","Album: The Moon Is a Dead World/ Artist: Gospel","2005","","100","0.01%","83.9441029%","Yes","","","","","","","","","","","","","","","","",""
"Grace Ives","Janky Star","Album: Janky Star/ Artist: Grace Ives","2022","","100","0.01%","83.9501503%","Yes","","","","","","","","","","","","","","","","",""
"Grace Jones","Nightclubbing","Album: Nightclubbing/ Artist: Grace Jones","1981","","100","0.01%","83.9561978%","Yes","","","","","","","","","","","","","","","","",""
"Grandaddy","The Sophtware Slump","Album: The Sophtware Slump/ Artist: Grandaddy","2000","","100","0.01%","83.9622452%","Yes","","","","","","","","","","","","","","","","",""
"Grandaddy","Under The Western Freeway","Album: Under The Western Freeway/ Artist: Grandaddy","1997","","100","0.01%","83.9682926%","Yes","","","","","","","","","","","","","","","","",""
"Grande Mahogany","As Grande As","Album: As Grande As/ Artist: Grande Mahogany","2024","","100","0.01%","83.9743400%","Yes","","","","","","","","","","","","","","","","",""
"Grant Green","Idle Moments","Album: Idle Moments/ Artist: Grant Green","1965","","100","0.01%","83.9803874%","Yes","","","","","","","","","","","","","","","","",""
"Grateful Dead","American Beauty","Album: American Beauty/ Artist: Grateful Dead","1970","","100","0.01%","83.9864348%","Yes","","","","","","","","","","","","","","","","",""
"Grateful Dead","Workingman's Dead","Album: Workingman's Dead/ Artist: Grateful Dead","1970","","100","0.01%","83.9924822%","Yes","","","","","","","","","","","","","","","","",""
"Grave Babies","Crusher","Album: Crusher/ Artist: Grave Babies","2013","","100","0.01%","83.9985296%","Yes","","","","","","","","","","","","","","","","",""
"Gravediggaz","6 Feet Deep","Album: 6 Feet Deep/ Artist: Gravediggaz","1994","","100","0.01%","84.0045770%","Yes","","","","","","","","","","","","","","","","",""
"Gravest Hits","The Cramps","Album: The Cramps/ Artist: Gravest Hits","1979","","100","0.01%","84.0106245%","Yes","","","","","","","","","","","","","","","","",""
"Green Day","American Idiot","Album: American Idiot/ Artist: Green Day","2004","","100","0.01%","84.0166719%","Yes","","","","","","","","","","","","","","","","",""
"Green Day","International Superhits!","Album: International Superhits!/ Artist: Green Day","2001","","100","0.01%","84.0227193%","Yes","","","","","","","","","","","","","","","","",""
"Green Day","Warning","Album: Warning/ Artist: Green Day","2000","","100","0.01%","84.0287667%","Yes","","","","","","","","","","","","","","","","",""
"Green Day","Nimrod","Album: Nimrod/ Artist: Green Day","1997","","100","0.01%","84.0348141%","Yes","","","","","","","","","","","","","","","","",""
"Green Day","Insomniac","Album: Insomniac/ Artist: Green Day","1995","","100","0.01%","84.0408615%","Yes","","","","","","","","","","","","","","","","",""
"Green Day","Dookie","Album: Dookie/ Artist: Green Day","1994","","100","0.01%","84.0469089%","Yes","","","","","","","","","","","","","","","","",""
"Gregory Alan Isakov","This Empty Northern Hemisphere","Album: This Empty Northern Hemisphere/ Artist: Gregory Alan Isakov","2009","","100","0.01%","84.0529563%","Yes","","","","","","","","","","","","","","","","",""
"Grimes","Art Angels","Album: Art Angels/ Artist: Grimes","2015","","100","0.01%","84.0590038%","Yes","","","","","","","","","","","","","","","","",""
"Grimes","Visions","Album: Visions/ Artist: Grimes","2012","","100","0.01%","84.0650512%","Yes","","","","","","","","","","","","","","","","",""
"Gris","Il était une forêt...","Album: Il était une forêt.../ Artist: Gris","2007","","100","0.01%","84.0710986%","Yes","","","","","","","","","","","","","","","","",""
"Grizzly Bear","Shields","Album: Shields/ Artist: Grizzly Bear","2012","","100","0.01%","84.0771460%","Yes","","","","","","","","","","","","","","","","",""
"Grizzly Bear","Veckatimest","Album: Veckatimest/ Artist: Grizzly Bear","2009","","100","0.01%","84.0831934%","Yes","","","","","","","","","","","","","","","","",""
"Grizzly Bear","Yellow House","Album: Yellow House/ Artist: Grizzly Bear","2006","","100","0.01%","84.0892408%","Yes","","","","","","","","","","","","","","","","",""
"Ground-Zero","Consume Red","Album: Consume Red/ Artist: Ground-Zero","1997","","100","0.01%","84.0952882%","Yes","","","","","","","","","","","","","","","","",""
"Ground-Zero","Revolutionary Pekinese Opera Version 1.28","Album: Revolutionary Pekinese Opera Version 1.28/ Artist: Ground-Zero","1995","","100","0.01%","84.1013356%","Yes","","","","","","","","","","","","","","","","",""
"Grouper","Paradise Valley","Album: Paradise Valley/ Artist: Grouper","2016","","100","0.01%","84.1073830%","Yes","","","","","","","","","","","","","","","","",""
"Grouper","Ruins","Album: Ruins/ Artist: Grouper","2014","","100","0.01%","84.1134305%","Yes","","","","","","","","","","","","","","","","",""
"Grouper","The Man Who Died in His Boat","Album: The Man Who Died in His Boat/ Artist: Grouper","2013","","100","0.01%","84.1194779%","Yes","","","","","","","","","","","","","","","","",""
"Grouper","A I A: Alien Observer","Album: A I A: Alien Observer/ Artist: Grouper","2011","","100","0.01%","84.1255253%","Yes","","","","","","","","","","","","","","","","",""
"Grouper","A I A: Dream Loss","Album: A I A: Dream Loss/ Artist: Grouper","2011","","100","0.01%","84.1315727%","Yes","","","","","","","","","","","","","","","","",""
"Grouper","Dragging a Dead Deer up a Hill","Album: Dragging a Dead Deer up a Hill/ Artist: Grouper","2008","","100","0.01%","84.1376201%","Yes","","","","","","","","","","","","","","","","",""
"grouptherapy.","i was mature for my age, but i was still a child","Album: i was mature for my age, but i was still a child/ Artist: grouptherapy.","2023","","100","0.01%","84.1436675%","Yes","","","","","","","","","","","","","","","","",""
"Guerilla Toss","What Would The Odd Do?","Album: What Would The Odd Do?/ Artist: Guerilla Toss","2019","","100","0.01%","84.1497149%","Yes","","","","","","","","","","","","","","","","",""
"Guerilla Toss","Twisted Crystal","Album: Twisted Crystal/ Artist: Guerilla Toss","2018","","100","0.01%","84.1557623%","Yes","","","","","","","","","","","","","","","","",""
"Guerilla Toss","You're Weird Now","Album: You're Weird Now/ Artist: Guerilla Toss","2025","","100","0.01%","84.1618098%","Yes","","","","","","","","","","","","","","","","",""
"Guided By Voices","Alien Lanes","Album: Alien Lanes/ Artist: Guided By Voices","1995","","100","0.01%","84.1678572%","Yes","","","","","","","","","","","","","","","","",""
"Guns n' Roses","Greatest Hits (First Half)","Album: Greatest Hits (First Half)/ Artist: Guns n' Roses","2004","","100","0.01%","84.1739046%","Yes","","","","","","","","","","","","","","","","",""
"Guns n' Roses","Greatest Hits (Second Half)","Album: Greatest Hits (Second Half)/ Artist: Guns n' Roses","2004","","100","0.01%","84.1799520%","Yes","","","","","","","","","","","","","","","","",""
"Guru","Jazzmatazz, Vol. 1","Album: Jazzmatazz, Vol. 1/ Artist: Guru","1993","","100","0.01%","84.1859994%","Yes","","","","","","","","","","","","","","","","",""
"Gustavo Cerati","Fuerza Natural","Album: Fuerza Natural/ Artist: Gustavo Cerati","2009","","100","0.01%","84.1920468%","Yes","","","","","","","","","","","","","","","","",""
"Gustavo Cerati","Siempre es Hoy","Album: Siempre es Hoy/ Artist: Gustavo Cerati","2009","","100","0.01%","84.1980942%","","","","","","","","","","","","","","","","","",""
"Gustavo Cerati","Ahi vamos","Album: Ahi vamos/ Artist: Gustavo Cerati","2006","","100","0.01%","84.2041416%","Yes","","","","","","","","","","","","","","","","",""
"Gustavo Cerati","Bocanada","Album: Bocanada/ Artist: Gustavo Cerati","1999","","100","0.01%","84.2101890%","Yes","","","","","","","","","","","","","","","","",""
"Gustavo Cerati","Amor Amarillo","Album: Amor Amarillo/ Artist: Gustavo Cerati","1993","","100","0.01%","84.2162365%","Yes","","","","","","","","","","","","","","","","",""
"GZA","Liquid Swords","Album: Liquid Swords/ Artist: GZA","1995","","100","0.01%","84.2222839%","Yes","","","","","","","","","","","","","","","","",""
"HAIM","Women in Music Pt. III","Album: Women in Music Pt. III/ Artist: HAIM","2020","","100","0.01%","84.2283313%","Yes","","","","","","","","","","","","","","","","",""
"HAIM","Days Are Gone","Album: Days Are Gone/ Artist: HAIM","2013","","100","0.01%","84.2343787%","Yes","","","","","","","","","","","","","","","","",""
"Haken","Aquarius","Album: Aquarius/ Artist: Haken","2010","","100","0.01%","84.2404261%","Yes","","","","","","","","","","","","","","","","",""
"Haken","Visions","Album: Visions/ Artist: Haken","2011","","100","0.01%","84.2464735%","Yes","","","","","","","","","","","","","","","","",""
"Haken","The Mountain","Album: The Mountain/ Artist: Haken","2013","","100","0.01%","84.2525209%","Yes","","","","","","","","","","","","","","","","",""
"Sumac & Moor Mother","The Film ","Album: The Film / Artist: Sumac & Moor Mother","2025","","100","0.01%","84.2585683%","Yes","","","","","","","","","","","","","","","","",""
"Haken","Affinity","Album: Affinity/ Artist: Haken","2016","","100","0.01%","84.2646157%","Yes","","","","","","","","","","","","","","","","",""
"miffle","Goodbye, World!","Album: Goodbye, World!/ Artist: miffle","2025","","100","0.01%","84.2706632%","Yes","","","","","","","","","","","","","","","","",""
"Haken","Vector","Album: Vector/ Artist: Haken","2018","","100","0.01%","84.2767106%","Yes","","","","","","","","","","","","","","","","",""
"Haken","Virus","Album: Virus/ Artist: Haken","2020","","100","0.01%","84.2827580%","Yes","","","","","","","","","","","","","","","","",""
"Haley Heynderickx","I Need to Start a Garden","Album: I Need to Start a Garden/ Artist: Haley Heynderickx","2018","","100","0.01%","84.2888054%","Yes","","","","","","","","","","","","","","","","",""
"Hank Mobley","Soul Station","Album: Soul Station/ Artist: Hank Mobley","1960","","100","0.01%","84.2948528%","Yes","","","","","","","","","","","","","","","","",""
"Hans Zimmer","Dunkirk: Original Motion Picture Soundtrack","Album: Dunkirk: Original Motion Picture Soundtrack/ Artist: Hans Zimmer","2018","","100","0.01%","84.3009002%","Yes","","","","","","","","","","","","","","","","",""
"Hans Zimmer & Benjamin Wallfisch","Blade Runner 2049","Album: Blade Runner 2049/ Artist: Hans Zimmer & Benjamin Wallfisch","2017","","100","0.01%","84.3069476%","Yes","","","","","","","","","","","","","","","","",""
"Hanz Zimmer","Interstellar: Original Motion Picture Soundtrack","Album: Interstellar: Original Motion Picture Soundtrack/ Artist: Hanz Zimmer","2014","","100","0.01%","84.3129950%","Yes","","","","","","","","","","","","","","","","",""
"Happy Mondays","Pills n' Thrills and Bellyaches","Album: Pills n' Thrills and Bellyaches/ Artist: Happy Mondays","1990","","100","0.01%","84.3190425%","Yes","","","","","","","","","","","","","","","","",""
"Harmonium","Si on avait besoin d'une cinquième saison","Album: Si on avait besoin d'une cinquième saison/ Artist: Harmonium","1975","","100","0.01%","84.3250899%","No","","","","","","","","","","","","","","","","",""
"Harold Budd","The Pavilion of Dreams","Album: The Pavilion of Dreams/ Artist: Harold Budd","1978","","100","0.01%","84.3311373%","Yes","","","","","","","","","","","","","","","","",""
"Harry Nilsson","Nilsson Schmilsson","Album: Nilsson Schmilsson/ Artist: Harry Nilsson","1971","","100","0.01%","84.3371847%","Yes","","","","","","","","","","","","","","","","",""
"Haru Nemuri ","Harutosyura","Album: Harutosyura/ Artist: Haru Nemuri ","2018","","100","0.01%","84.3432321%","Yes","","","","","","","","","","","","","","","","",""
"Hatred for Mankind","Dragged Into Sunlight","Album: Dragged Into Sunlight/ Artist: Hatred for Mankind","2009","","100","0.01%","84.3492795%","Yes","","","","","","","","","","","","","","","","",""
"Helado Negro","Phasor","Album: Phasor/ Artist: Helado Negro","2024","","100","0.01%","84.3553269%","Yes","","","","","","","","","","","","","","","","",""
"Helado Negro","This is How You Smile","Album: This is How You Smile/ Artist: Helado Negro","2019","","100","0.01%","84.3613743%","Yes","","","","","","","","","","","","","","","","",""
"Helloween","Keeper of the Seven Keys Part II","Album: Keeper of the Seven Keys Part II/ Artist: Helloween","1988","","100","0.01%","84.3674217%","Yes","","","","","","","","","","","","","","","","",""
"Helloween","Keeper of the Seven Keys Part I","Album: Keeper of the Seven Keys Part I/ Artist: Helloween","1987","","100","0.01%","84.3734692%","Yes","","","","","","","","","","","","","","","","",""
"Helmet","Meantime","Album: Meantime/ Artist: Helmet","1992","","100","0.01%","84.3795166%","Yes","","","","","","","","","","","","","","","","",""
"Her's","Songs of Her's","Album: Songs of Her's/ Artist: Her's","2017","","100","0.01%","84.3855640%","Yes","","","","","","","","","","","","","","","","",""
"Herbert","Bodily Functions","Album: Bodily Functions/ Artist: Herbert","2001","","100","0.01%","84.3916114%","Yes","","","","","","","","","","","","","","","","",""
"Herbie Hancock","The New Standard","Album: The New Standard/ Artist: Herbie Hancock","1996","","100","0.01%","84.3976588%","Yes","","","","","","","","","","","","","","","","",""
"Herbie Hancock","Head Hunters","Album: Head Hunters/ Artist: Herbie Hancock","1973","","100","0.01%","84.4037062%","Yes","","","","","","","","","","","","","","","","",""
"Herbie Hancock","Sextant","Album: Sextant/ Artist: Herbie Hancock","1973","","100","0.01%","84.4097536%","Yes","","","","","","","","","","","","","","","","",""
"Herbie Hancock","Maiden Voyage","Album: Maiden Voyage/ Artist: Herbie Hancock","1965","","100","0.01%","84.4158010%","Yes","","","","","","","","","","","","","","","","",""
"Herbie Hancock","Empyrean Isles","Album: Empyrean Isles/ Artist: Herbie Hancock","1964","","100","0.01%","84.4218485%","Yes","","","","","","","","","","","","","","","","",""
"Hercules And Love Affair","Hercules And Love Affair","Album: Hercules And Love Affair/ Artist: Hercules And Love Affair","2008","","100","0.01%","84.4278959%","Yes","","","","","","","","","","","","","","","","",""
"Hesse Kassel","La Brea","Album: La Brea/ Artist: Hesse Kassel","2025","","100","0.01%","84.4339433%","Yes","","","","","","","","","","","","","","","","",""
"Hiatus Kaiyote","Choose Your Weapon","Album: Choose Your Weapon/ Artist: Hiatus Kaiyote","2015","","100","0.01%","84.4399907%","Yes","","","","","","","","","","","","","","","","",""
"Hideki Naganuma 長沼英樹","Jet Set Radio Future (ジェットセットラジオフューチャー)","Album: Jet Set Radio Future (ジェットセットラジオフューチャー)/ Artist: Hideki Naganuma 長沼英樹","2002","","100","0.01%","84.4460381%","Yes","","","","","","","","","","","","","","","","",""
"Hideki Naganuma 長沼英樹","Jet Set Radio Original Sound Tracks","Album: Jet Set Radio Original Sound Tracks/ Artist: Hideki Naganuma 長沼英樹","2000","","100","0.01%","84.4520855%","Yes","","","","","","","","","","","","","","","","",""
"Hieroglyphics","3rd Eye Vision","Album: 3rd Eye Vision/ Artist: Hieroglyphics","1998","","100","0.01%","84.4581329%","Yes","","","","","","","","","","","","","","","","",""
"High on Fire","Cometh the Storm","Album: Cometh the Storm/ Artist: High on Fire","2024","","100","0.01%","84.4641803%","Yes","","","","","","","","","","","","","","","","",""
"High on Fire","Electric Messiah","Album: Electric Messiah/ Artist: High on Fire","2019","","100","0.01%","84.4702277%","Yes","","","","","","","","","","","","","","","","",""
"High on Fire","Death is This Communion","Album: Death is This Communion/ Artist: High on Fire","2007","","100","0.01%","84.4762752%","Yes","","","","","","","","","","","","","","","","",""
"High on Fire","Blessed Black Wings","Album: Blessed Black Wings/ Artist: High on Fire","2005","","100","0.01%","84.4823226%","Yes","","","","","","","","","","","","","","","","",""
"High on Fire","Surrounded By Thieves","Album: Surrounded By Thieves/ Artist: High on Fire","2002","","100","0.01%","84.4883700%","Yes","","","","","","","","","","","","","","","","",""
"Himiko Kikuchi","Flying Beagle","Album: Flying Beagle/ Artist: Himiko Kikuchi","1987","","100","0.01%","84.4944174%","Yes","","","","","","","","","","","","","","","","",""
"Hirokazu Tanaka & Keiichi Suzuki","Mother 2: ギーグの逆襲","Album: Mother 2: ギーグの逆襲/ Artist: Hirokazu Tanaka & Keiichi Suzuki","1994","","100","0.01%","84.5004648%","Yes","","","","","","","","","","","","","","","","",""
"Hiroshi Yoshimura","Music For Nine Post Cards","Album: Music For Nine Post Cards/ Artist: Hiroshi Yoshimura","2017","","100","0.01%","84.5065122%","Yes","","","","","","","","","","","","","","","","",""
"Hiroshi Yoshimura","Green","Album: Green/ Artist: Hiroshi Yoshimura","1986","","100","0.01%","84.5125596%","Yes","","","","","","","","","","","","","","","","",""
"HMLTD","West of Eden","Album: West of Eden/ Artist: HMLTD","2020","","100","0.01%","84.5186070%","Yes","","","","","","","","","","","","","","","","",""
"HMLTD","Hate Music Last Time Delete","Album: Hate Music Last Time Delete/ Artist: HMLTD","2019","","100","0.01%","84.5246545%","Yes","","","","","","","","","","","","","","","","",""
"Hobo Johnson","The Fall of Hobo Johnson","Album: The Fall of Hobo Johnson/ Artist: Hobo Johnson","2019","","100","0.01%","84.5307019%","Yes","","","","","","","","","","","","","","","","",""
"Hole","Celebrity Skin","Album: Celebrity Skin/ Artist: Hole","1999","","100","0.01%","84.5367493%","Yes","","","","","","","","","","","","","","","","",""
"Hole","Live Through This","Album: Live Through This/ Artist: Hole","1994","","100","0.01%","84.5427967%","Yes","","","","","","","","","","","","","","","","",""
"Hollow Comet","Hollow Comet","Album: Hollow Comet/ Artist: Hollow Comet","2019","","100","0.01%","84.5488441%","Yes","","","","","","","","","","","","","","","","",""
"Holy Fawn","Death Spells","Album: Death Spells/ Artist: Holy Fawn","2018","","100","0.01%","84.5548915%","Yes","","","","","","","","","","","","","","","","",""
"Hookworms","Microshift","Album: Microshift/ Artist: Hookworms","2018","","100","0.01%","84.5609389%","Yes","","","","","","","","","","","","","","","","",""
"Hop Along","Bark Your Head Off, Dog","Album: Bark Your Head Off, Dog/ Artist: Hop Along","2018","","100","0.01%","84.5669863%","Yes","","","","","","","","","","","","","","","","",""
"Horrendous","Idol","Album: Idol/ Artist: Horrendous","2018","","100","0.01%","84.5730337%","Yes","","","","","","","","","","","","","","","","",""
"Horse Lords","The Common Task","Album: The Common Task/ Artist: Horse Lords","2020","","100","0.01%","84.5790812%","Yes","","","","","","","","","","","","","","","","",""
"Hospital de México","Hospital de México y los Robots de Observatorio","Album: Hospital de México y los Robots de Observatorio/ Artist: Hospital de México","2021","","100","0.01%","84.5851286%","Yes","","","","","","","","","","","","","","","","",""
"Hot Chip","In Our Heads","Album: In Our Heads/ Artist: Hot Chip","2012","","100","0.01%","84.5911760%","Yes","","","","","","","","","","","","","","","","",""
"Hot Chip","One Life Stand","Album: One Life Stand/ Artist: Hot Chip","2010","","100","0.01%","84.5972234%","Yes","","","","","","","","","","","","","","","","",""
"Hot Chip","Made in the Dark","Album: Made in the Dark/ Artist: Hot Chip","2008","","100","0.01%","84.6032708%","Yes","","","","","","","","","","","","","","","","",""
"Hot Chip","The Warning","Album: The Warning/ Artist: Hot Chip","2006","","100","0.01%","84.6093182%","Yes","","","","","","","","","","","","","","","","",""
"Howard Shore","The Lord of the Rings: The Fellowship of the Ring","Album: The Lord of the Rings: The Fellowship of the Ring/ Artist: Howard Shore","2001","","100","0.01%","84.6153656%","Yes","","","","","","","","","","","","","","","","",""
"Huerco S.","PLONK","Album: PLONK/ Artist: Huerco S.","2022","","100","0.01%","84.6214130%","Yes","","","","","","","","","","","","","","","","",""
"Hum","Downward is Heavenward","Album: Downward is Heavenward/ Artist: Hum","1998","","100","0.01%","84.6274605%","Yes","","","","","","","","","","","","","","","","",""
"Hum","You'd Prefer an Astronaut","Album: You'd Prefer an Astronaut/ Artist: Hum","1995","","100","0.01%","84.6335079%","Yes","","","","","","","","","","","","","","","","",""
"Hundred Waters","The Moon Rang Like A Bell","Album: The Moon Rang Like A Bell/ Artist: Hundred Waters","2014","","100","0.01%","84.6395553%","Yes","","","","","","","","","","","","","","","","",""
"Huremic","Seeking Darkness","Album: Seeking Darkness/ Artist: Huremic","2025","","100","0.01%","84.6456027%","No","","","","","","","","","","","","","","","","",""
"Hüsker Dü","Flip your Wig","Album: Flip your Wig/ Artist: Hüsker Dü","1985","","100","0.01%","84.6516501%","Yes","","","","","","","","","","","","","","","","",""
"Hüsker Dü","New Day Rising","Album: New Day Rising/ Artist: Hüsker Dü","1985","","100","0.01%","84.6576975%","Yes","","","","","","","","","","","","","","","","",""
"Hüsker Dü","Zen Arcade","Album: Zen Arcade/ Artist: Hüsker Dü","1984","","100","0.01%","84.6637449%","Yes","","","","","","","","","","","","","","","","",""
"Hüsker Dü","Metal Circus EP","Album: Metal Circus EP/ Artist: Hüsker Dü","1983","","100","0.01%","84.6697923%","Yes","","","","","","","","","","","","","","","","",""
"Hüsker Dü","Everything Falls Apart","Album: Everything Falls Apart/ Artist: Hüsker Dü","1982","","100","0.01%","84.6758397%","Yes","","","","","","","","","","","","","","","","",""
"Richard & Linda Thompson","Shoot Out the Lights ","Album: Shoot Out the Lights / Artist: Richard & Linda Thompson","1982","","100","0.01%","84.6818872%","","","","","","","","","","","","","","","","","",""
"Mr. Fingers","Amnesia","Album: Amnesia/ Artist: Mr. Fingers","1980","","100","0.01%","84.6879346%","","","","","","","","","","","","","","","","","",""
"Richard & Linda Thompson","I Want to See the Bright Lights Tonight","Album: I Want to See the Bright Lights Tonight/ Artist: Richard & Linda Thompson","1974","","100","0.01%","84.6939820%","Yes","","","","","","","","","","","","","","","","",""
"iamamiwhoami","bounty","Album: bounty/ Artist: iamamiwhoami","2013","","100","0.01%","84.7000294%","Yes","","","","","","","","","","","","","","","","",""
"iamamiwhoami","kin","Album: kin/ Artist: iamamiwhoami","2012","","100","0.01%","84.7060768%","Yes","","","","","","","","","","","","","","","","",""
"Ice Cube","Death Certificate","Album: Death Certificate/ Artist: Ice Cube","1991","","100","0.01%","84.7121242%","Yes","","","","","","","","","","","","","","","","",""
"Ice Cube","AmeriKKKa's Most Wanted","Album: AmeriKKKa's Most Wanted/ Artist: Ice Cube","1990","","100","0.01%","84.7181716%","Yes","","","","","","","","","","","","","","","","",""
"Iceage","Seek Shelter","Album: Seek Shelter/ Artist: Iceage","2021","","100","0.01%","84.7242190%","Yes","","","","","","","","","","","","","","","","",""
"Iceage","Plowing into the Field of Love","Album: Plowing into the Field of Love/ Artist: Iceage","2014","","100","0.01%","84.7302665%","Yes","","","","","","","","","","","","","","","","",""
"Ichiko Aoba ","Luminiscent Creatures","Album: Luminiscent Creatures/ Artist: Ichiko Aoba ","2025","","100","0.01%","84.7363139%","Yes","","","","","","","","","","","","","","","","",""
"IDLES","CRAWLER","Album: CRAWLER/ Artist: IDLES","2021","","100","0.01%","84.7423613%","Yes","","","","","","","","","","","","","","","","",""
"IDLES","Ultra Mono","Album: Ultra Mono/ Artist: IDLES","2020","","100","0.01%","84.7484087%","Yes","","","","","","","","","","","","","","","","",""
"Idles","Joy As An Act of Rebellion","Album: Joy As An Act of Rebellion/ Artist: Idles","2018","","100","0.01%","84.7544561%","Yes","","","","","","","","","","","","","","","","",""
"Idles","Brutalism","Album: Brutalism/ Artist: Idles","2017","","100","0.01%","84.7605035%","Yes","","","","","","","","","","","","","","","","",""
"Iggy Pop","Post Pop Depression","Album: Post Pop Depression/ Artist: Iggy Pop","2016","","100","0.01%","84.7665509%","Yes","","","","","","","","","","","","","","","","",""
"Iggy Pop","Lust for Life","Album: Lust for Life/ Artist: Iggy Pop","1977","","100","0.01%","84.7725983%","Yes","","","","","","","","","","","","","","","","",""
"Iggy Pop","The Idiot","Album: The Idiot/ Artist: Iggy Pop","1977","","100","0.01%","84.7786457%","Yes","","","","","","","","","","","","","","","","",""
"Igloo Ghost","Tidal Memory Exo","Album: Tidal Memory Exo/ Artist: Igloo Ghost","2024","","100","0.01%","84.7846932%","Yes","","","","","","","","","","","","","","","","",""
"Iglooghost","Clear Tamei EP","Album: Clear Tamei EP/ Artist: Iglooghost","2018","","100","0.01%","84.7907406%","Yes","","","","","","","","","","","","","","","","",""
"Iglooghost","Neō Wax Bloom","Album: Neō Wax Bloom/ Artist: Iglooghost","2017","","100","0.01%","84.7967880%","Yes","","","","","","","","","","","","","","","","",""
"Iglooghost","Little Grids","Album: Little Grids/ Artist: Iglooghost","2016","","100","0.01%","84.8028354%","Yes","","","","","","","","","","","","","","","","",""
"Iglooghost","Chinese Nu Yr","Album: Chinese Nu Yr/ Artist: Iglooghost","2015","","100","0.01%","84.8088828%","Yes","","","","","","","","","","","","","","","","",""
"illuminati hotties","Let Me Do One More","Album: Let Me Do One More/ Artist: illuminati hotties","2021","","100","0.01%","84.8149302%","Yes","","","","","","","","","","","","","","","","",""
"Immolation","Close to a World Below","Album: Close to a World Below/ Artist: Immolation","2000","","100","0.01%","84.8209776%","Yes","","","","","","","","","","","","","","","","",""
"Immolation","Here in After","Album: Here in After/ Artist: Immolation","1996","","100","0.01%","84.8270250%","Yes","","","","","","","","","","","","","","","","",""
"Immortal","At the Heart of Winter","Album: At the Heart of Winter/ Artist: Immortal","1995","","100","0.01%","84.8330724%","Yes","","","","","","","","","","","","","","","","",""
"Imogen Heap","Speak for Yourself","Album: Speak for Yourself/ Artist: Imogen Heap","2005","","100","0.01%","84.8391199%","Yes","","","","","","","","","","","","","","","","",""
"In Flames","The Jester Race","Album: The Jester Race/ Artist: In Flames","1996","","100","0.01%","84.8451673%","Yes","","","","","","","","","","","","","","","","",""
"Incantation","Diabolical Conquest","Album: Diabolical Conquest/ Artist: Incantation","1998","","100","0.01%","84.8512147%","Yes","","","","","","","","","","","","","","","","",""
"Incantation","Mortal Throne of Nazarene","Album: Mortal Throne of Nazarene/ Artist: Incantation","1998","","100","0.01%","84.8572621%","Yes","","","","","","","","","","","","","","","","",""
"Incantation","Onward to Golgotha","Album: Onward to Golgotha/ Artist: Incantation","1992","","100","0.01%","84.8633095%","Yes","","","","","","","","","","","","","","","","",""
"Indian","From All Purity","Album: From All Purity/ Artist: Indian","2014","","100","0.01%","84.8693569%","Yes","","","","","","","","","","","","","","","","",""
"Indian Summer","Giving Birth to Thunder","Album: Giving Birth to Thunder/ Artist: Indian Summer","2022","","100","0.01%","84.8754043%","Yes","","","","","","","","","","","","","","","","",""
"Indigo de Souza","Any Shape you Take","Album: Any Shape you Take/ Artist: Indigo de Souza","2021","","100","0.01%","84.8814517%","Yes","","","","","","","","","","","","","","","","",""
"Indigo de Souza","I Love My Mom","Album: I Love My Mom/ Artist: Indigo de Souza","2018","","100","0.01%","84.8874992%","Yes","","","","","","","","","","","","","","","","",""
"Injury Reserve","By The Time I Get to Phoenix","Album: By The Time I Get to Phoenix/ Artist: Injury Reserve","2021","","100","0.01%","84.8935466%","Yes","","","","","","","","","","","","","","","","",""
"Injury Reserve","Drive It Like It's Stolen","Album: Drive It Like It's Stolen/ Artist: Injury Reserve","2017","","100","0.01%","84.8995940%","Yes","","","","","","","","","","","","","","","","",""
"Injury Reserve","Floss","Album: Floss/ Artist: Injury Reserve","2016","","100","0.01%","84.9056414%","Yes","","","","","","","","","","","","","","","","",""
"Interpol","Marauder","Album: Marauder/ Artist: Interpol","2018","","100","0.01%","84.9116888%","Yes","","","","","","","","","","","","","","","","",""
"Interpol","El Pintor","Album: El Pintor/ Artist: Interpol","2014","","100","0.01%","84.9177362%","Yes","","","","","","","","","","","","","","","","",""
"Interpol","Our Love To Admire","Album: Our Love To Admire/ Artist: Interpol","2007","","100","0.01%","84.9237836%","Yes","","","","","","","","","","","","","","","","",""
"Interpol","Antics","Album: Antics/ Artist: Interpol","2004","","100","0.01%","84.9298310%","Yes","","","","","","","","","","","","","","","","",""
"Interpol","Interpol EP","Album: Interpol EP/ Artist: Interpol","2002","","100","0.01%","84.9358784%","Yes","","","","","","","","","","","","","","","","",""
"Interpol","Turn On The Bright Lights","Album: Turn On The Bright Lights/ Artist: Interpol","2002","","100","0.01%","84.9419259%","Yes","","","","","","","","","","","","","","","","",""
"Invisible","El Jardín de los Presentes","Album: El Jardín de los Presentes/ Artist: Invisible","1976","","100","0.01%","84.9479733%","Yes","","","","","","","","","","","","","","","","",""
"INXS ","Kick","Album: Kick/ Artist: INXS ","1987","","100","0.01%","84.9540207%","Yes","","","","","","","","","","","","","","","","",""
"Iosonouncane","IRA","Album: IRA/ Artist: Iosonouncane","2021","","100","0.01%","84.9600681%","Yes","","","","","","","","","","","","","","","","",""
"Iron & Wine","The Shepherd's Dog","Album: The Shepherd's Dog/ Artist: Iron & Wine","2007","","100","0.01%","84.9661155%","Yes","","","","","","","","","","","","","","","","",""
"Iron & Wine","Our Endless Numbered Days","Album: Our Endless Numbered Days/ Artist: Iron & Wine","2004","","100","0.01%","84.9721629%","Yes","","","","","","","","","","","","","","","","",""
"Iron & Wine","The Creek Drank The Cradle","Album: The Creek Drank The Cradle/ Artist: Iron & Wine","2002","","100","0.01%","84.9782103%","Yes","","","","","","","","","","","","","","","","",""
"Iron Maiden","Best of the Beast","Album: Best of the Beast/ Artist: Iron Maiden","1996","","100","0.01%","84.9842577%","Yes","","","","","","","","","","","","","","","","",""
"Iron Maiden","Seventh Son of a Seventh Son","Album: Seventh Son of a Seventh Son/ Artist: Iron Maiden","1988","","100","0.01%","84.9903052%","Yes","","","","","","","","","","","","","","","","",""
"Iron Maiden","Somewhere in Time","Album: Somewhere in Time/ Artist: Iron Maiden","1986","","100","0.01%","84.9963526%","Yes","","","","","","","","","","","","","","","","",""
"Iron Maiden","Powerslave","Album: Powerslave/ Artist: Iron Maiden","1984","","100","0.01%","85.0024000%","Yes","","","","","","","","","","","","","","","","",""
"Iron Maiden","Piece Of Mind","Album: Piece Of Mind/ Artist: Iron Maiden","1983","","100","0.01%","85.0084474%","Yes","","","","","","","","","","","","","","","","",""
"Iron Maiden","The Number of the Beast ","Album: The Number of the Beast / Artist: Iron Maiden","1982","","100","0.01%","85.0144948%","Yes","","","","","","","","","","","","","","","","",""
"Isaac Hayes","Hot Buttered Soul","Album: Hot Buttered Soul/ Artist: Isaac Hayes","1969","","100","0.01%","85.0205422%","Yes","","","","","","","","","","","","","","","","",""
"Isaiah Rashad","Cilvia Demo","Album: Cilvia Demo/ Artist: Isaiah Rashad","2014","","100","0.01%","85.0265896%","Yes","","","","","","","","","","","","","","","","",""
"Isis","Wavering Radiant","Album: Wavering Radiant/ Artist: Isis","2009","","100","0.01%","85.0326370%","Yes","","","","","","","","","","","","","","","","",""
"Isis","Panopticon","Album: Panopticon/ Artist: Isis","2004","","100","0.01%","85.0386844%","Yes","","","","","","","","","","","","","","","","",""
"Isis","Oceanic","Album: Oceanic/ Artist: Isis","2002","","100","0.01%","85.0447319%","Yes","","","","","","","","","","","","","","","","",""
"IU","Modern Times","Album: Modern Times/ Artist: IU","2013","","100","0.01%","85.0507793%","Yes","","","","","","","","","","","","","","","","",""
"J Dilla","Donuts","Album: Donuts/ Artist: J Dilla","2006","","100","0.01%","85.0568267%","Yes","","","","","","","","","","","","","","","","",""
"J. Cole","The Off-Season","Album: The Off-Season/ Artist: J. Cole","2021","","100","0.01%","85.0628741%","Yes","","","","","","","","","","","","","","","","",""
"Jack White","Blunderbuss","Album: Blunderbuss/ Artist: Jack White","2012","","100","0.01%","85.0689215%","Yes","","","","","","","","","","","","","","","","",""
"Jack White","Lazaretto","Album: Lazaretto/ Artist: Jack White","2014","","100","0.01%","85.0749689%","Yes","","","","","","","","","","","","","","","","",""
"Jack White","No Name","Album: No Name/ Artist: Jack White","2024","","100","0.01%","85.0810163%","Yes","","","","","","","","","","","","","","","","",""
"Jackson C. Frank","Jackson C. Frank","Album: Jackson C. Frank/ Artist: Jackson C. Frank","1966","","100","0.01%","85.0870637%","Yes","","","","","","","","","","","","","","","","",""
"Jacques Brel","Ces gens-là","Album: Ces gens-là/ Artist: Jacques Brel","1966","","100","0.01%","85.0931112%","Yes","","","","","","","","","","","","","","","","",""
"Jai Paul","Jai Paul","Album: Jai Paul/ Artist: Jai Paul","2013","","100","0.01%","85.0991586%","Yes","","","","","","","","","","","","","","","","",""
"Jaloo","#1","Album: #1/ Artist: Jaloo","2015","","100","0.01%","85.1052060%","Yes","","","","","","","","","","","","","","","","",""
"James Blake","The Colour in Anything","Album: The Colour in Anything/ Artist: James Blake","2016","","100","0.01%","85.1112534%","Yes","","","","","","","","","","","","","","","","",""
"James Brown","20-all Times Greats!","Album: 20-all Times Greats!/ Artist: James Brown","1991","","100","0.01%","85.1173008%","Yes","","","","","","","","","","","","","","","","",""
"Cluster","Zuckerseit","Album: Zuckerseit/ Artist: Cluster","1972","","100","0.01%","85.1233482%","","","","","","","","","","","","","","","","","",""
"James Brown","The Payback","Album: The Payback/ Artist: James Brown","1973","","100","0.01%","85.1293956%","","","","","","","","","","","","","","","","","",""
"James Brown","In the Jungle Groove","Album: In the Jungle Groove/ Artist: James Brown","1986","","100","0.01%","85.1354430%","Yes","","","","","","","","","","","","","","","","",""
"James Brown","Live at the Apollo","Album: Live at the Apollo/ Artist: James Brown","1963","","100","0.01%","85.1414904%","Yes","","","","","","","","","","","","","","","","",""
"James Chance & Contortions","Buy","Album: Buy/ Artist: James Chance & Contortions","1979","","100","0.01%","85.1475379%","Yes","","","","","","","","","","","","","","","","",""
"James Ferraro","Far Side Virtual","Album: Far Side Virtual/ Artist: James Ferraro","2011","","100","0.01%","85.1535853%","Yes","","","","","","","","","","","","","","","","",""
"James Ferrero","Four Pieces for Mirai","Album: Four Pieces for Mirai/ Artist: James Ferrero","2018","","100","0.01%","85.1596327%","Yes","","","","","","","","","","","","","","","","",""
"James Holden","Balance 005","Album: Balance 005/ Artist: James Holden","2003","","100","0.01%","85.1656801%","Yes","","","","","","","","","","","","","","","","",""
"Jamila Woods","LEGACY! LEGACY!","Album: LEGACY! LEGACY!/ Artist: Jamila Woods","2019","","100","0.01%","85.1717275%","Yes","","","","","","","","","","","","","","","","",""
"Jamiroquai","High Times: Singles 1992-2006","Album: High Times: Singles 1992-2006/ Artist: Jamiroquai","2006","","100","0.01%","85.1777749%","Yes","","","","","","","","","","","","","","","","",""
"Jan Jelinek","Loop-finding-jazz-records","Album: Loop-finding-jazz-records/ Artist: Jan Jelinek","2001","","100","0.01%","85.1838223%","Yes","","","","","","","","","","","","","","","","",""
"Jane Remover","Census Designated","Album: Census Designated/ Artist: Jane Remover","2023","","100","0.01%","85.1898697%","Yes","","","","","","","","","","","","","","","","",""
"Jane's Addiction","Ritual De Lo Habitual","Album: Ritual De Lo Habitual/ Artist: Jane's Addiction","1990","","100","0.01%","85.1959172%","Yes","","","","","","","","","","","","","","","","",""
"Janelle Monáe","The Electric Lady","Album: The Electric Lady/ Artist: Janelle Monáe","2013","","100","0.01%","85.2019646%","Yes","","","","","","","","","","","","","","","","",""
"Janelle Monáe","The ArchAndroid","Album: The ArchAndroid/ Artist: Janelle Monáe","2010","","100","0.01%","85.2080120%","Yes","","","","","","","","","","","","","","","","",""
"Janet Jackson","The Velvet Rope","Album: The Velvet Rope/ Artist: Janet Jackson","1997","","100","0.01%","85.2140594%","Yes","","","","","","","","","","","","","","","","",""
"Janet Jackson","janet. ","Album: janet. / Artist: Janet Jackson","1993","","100","0.01%","85.2201068%","Yes","","","","","","","","","","","","","","","","",""
"Janet Jackson","Janet Jackson's Rhythm Nation 1814","Album: Janet Jackson's Rhythm Nation 1814/ Artist: Janet Jackson","1989","","100","0.01%","85.2261542%","Yes","","","","","","","","","","","","","","","","",""
"Janet Jackson","Control","Album: Control/ Artist: Janet Jackson","1986","","100","0.01%","85.2322016%","Yes","","","","","","","","","","","","","","","","",""
"Janis Joplin","Janis Joplin's Greatest Hits","Album: Janis Joplin's Greatest Hits/ Artist: Janis Joplin","1973","","100","0.01%","85.2382490%","Yes","","","","","","","","","","","","","","","","",""
"Janis Joplin","Pearl","Album: Pearl/ Artist: Janis Joplin","1971","","100","0.01%","85.2442964%","Yes","","","","","","","","","","","","","","","","",""
"Japan","Tin Drum","Album: Tin Drum/ Artist: Japan","1981","","100","0.01%","85.2503439%","Yes","","","","","","","","","","","","","","","","",""
"Japandroid","Celebration Rock","Album: Celebration Rock/ Artist: Japandroid","2012","","100","0.01%","85.2563913%","Yes","","","","","","","","","","","","","","","","",""
"Japandroid","Post-Nothing","Album: Post-Nothing/ Artist: Japandroid","2009","","100","0.01%","85.2624387%","Yes","","","","","","","","","","","","","","","","",""
"Japanese Breakfast","Jubilee","Album: Jubilee/ Artist: Japanese Breakfast","2021","","100","0.01%","85.2684861%","Yes","","","","","","","","","","","","","","","","",""
"Jay Electronica","A Written Testimony","Album: A Written Testimony/ Artist: Jay Electronica","2020","","100","0.01%","85.2745335%","Yes","","","","","","","","","","","","","","","","",""
"Jay Reatard","Matador Singles '08","Album: Matador Singles '08/ Artist: Jay Reatard","2008","","100","0.01%","85.2805809%","Yes","","","","","","","","","","","","","","","","",""
"Jay Reatard","Singles 06-07","Album: Singles 06-07/ Artist: Jay Reatard","2008","","100","0.01%","85.2866283%","Yes","","","","","","","","","","","","","","","","",""
"Jay Reatard","Blood Visions","Album: Blood Visions/ Artist: Jay Reatard","2006","","100","0.01%","85.2926757%","Yes","","","","","","","","","","","","","","","","",""
"Jay Som","Anak Ko","Album: Anak Ko/ Artist: Jay Som","2019","","100","0.01%","85.2987232%","Yes","","","","","","","","","","","","","","","","",""
"Jay-Z","44:4","Album: 44:4/ Artist: Jay-Z","2017","","100","0.01%","85.3047706%","Yes","","","","","","","","","","","","","","","","",""
"Jay-Z","The Black Album (Jay-Z)","Album: The Black Album (Jay-Z)/ Artist: Jay-Z","2003","","100","0.01%","85.3108180%","Yes","","","","","","","","","","","","","","","","",""
"Jay-Z","The Blueprint","Album: The Blueprint/ Artist: Jay-Z","2001","","100","0.01%","85.3168654%","Yes","","","","","","","","","","","","","","","","",""
"Jay-z","Unreasonable Doubt","Album: Unreasonable Doubt/ Artist: Jay-z","1996","","100","0.01%","85.3229128%","Yes","","","","","","","","","","","","","","","","",""
"Jay-Z and Kanye West","Watch the Throne  (Deluxe Version)","Album: Watch the Throne  (Deluxe Version)/ Artist: Jay-Z and Kanye West","2011","","100","0.01%","85.3289602%","Yes","","","","","","","","","","","","","","","","",""
"Jazmin Sullivan","Heaux Tales","Album: Heaux Tales/ Artist: Jazmin Sullivan","2021","","100","0.01%","85.3350076%","Yes","","","","","","","","","","","","","","","","",""
"Jean Dawson","Glimmer of God","Album: Glimmer of God/ Artist: Jean Dawson","2024","","100","0.01%","85.3410550%","Yes","","","","","","","","","","","","","","","","",""
"Jean Grae & Quelle Chris","Everything's Fine","Album: Everything's Fine/ Artist: Jean Grae & Quelle Chris","2018","","100","0.01%","85.3471024%","Yes","","","","","","","","","","","","","","","","",""
"Jean-Michelle Jarre","Oxygene","Album: Oxygene/ Artist: Jean-Michelle Jarre","1976","","100","0.01%","85.3531499%","Yes","","","","","","","","","","","","","","","","",""
"Jeff Buckley","Grace","Album: Grace/ Artist: Jeff Buckley","1994","","100","0.01%","85.3591973%","Yes","","","","","","","","","","","","","","","","",""
"Jeff Rossenstock","HELLMODE","Album: HELLMODE/ Artist: Jeff Rossenstock","2023","","100","0.01%","85.3652447%","Yes","","","","","","","","","","","","","","","","",""
"Jeff Rossenstock","POST-","Album: POST-/ Artist: Jeff Rossenstock","2018","","100","0.01%","85.3712921%","Yes","","","","","","","","","","","","","","","","",""
"Jeff Rossenstock","WORRY. ","Album: WORRY. / Artist: Jeff Rossenstock","2016","","100","0.01%","85.3773395%","Yes","","","","","","","","","","","","","","","","",""
"Jeff Rossenstock","We Cool?","Album: We Cool?/ Artist: Jeff Rossenstock","2015","","100","0.01%","85.3833869%","Yes","","","","","","","","","","","","","","","","",""
"Jeff Tweedy","WARM","Album: WARM/ Artist: Jeff Tweedy","2018","","100","0.01%","85.3894343%","Yes","","","","","","","","","","","","","","","","",""
"Jefferson Airplane","Surrealistic Pillow","Album: Surrealistic Pillow/ Artist: Jefferson Airplane","1967","","100","0.01%","85.3954817%","Yes","","","","","","","","","","","","","","","","",""
"Jefre Cantu-Ledesma","Love Is a Stream","Album: Love Is a Stream/ Artist: Jefre Cantu-Ledesma","2010","","100","0.01%","85.4015292%","Yes","","","","","","","","","","","","","","","","",""
"Jenny Hval","The Practice of Love","Album: The Practice of Love/ Artist: Jenny Hval","2019","","100","0.01%","85.4075766%","Yes","","","","","","","","","","","","","","","","",""
"Jenny Hval","The Long Sleep","Album: The Long Sleep/ Artist: Jenny Hval","2018","","100","0.01%","85.4136240%","Yes","","","","","","","","","","","","","","","","",""
"Jenny Hval","Blood Bitch","Album: Blood Bitch/ Artist: Jenny Hval","2016","","100","0.01%","85.4196714%","Yes","","","","","","","","","","","","","","","","",""
"Jenny Hval","Apocalypse, Girl","Album: Apocalypse, Girl/ Artist: Jenny Hval","2015","","100","0.01%","85.4257188%","Yes","","","","","","","","","","","","","","","","",""
"Jens Lekman","Night Falls Over Kortedala","Album: Night Falls Over Kortedala/ Artist: Jens Lekman","2007","","100","0.01%","85.4317662%","Yes","","","","","","","","","","","","","","","","",""
"Jens Lekman","Oh You're So Silent Jens","Album: Oh You're So Silent Jens/ Artist: Jens Lekman","2005","","100","0.01%","85.4378136%","Yes","","","","","","","","","","","","","","","","",""
"JER","Bothered/Unbothered","Album: Bothered/Unbothered/ Artist: JER","2022","","100","0.01%","85.4438610%","Yes","","","","","","","","","","","","","","","","",""
"Jeremy Soule","The Elder Scrolls V: Skyrim Original Game Soundtrack","Album: The Elder Scrolls V: Skyrim Original Game Soundtrack/ Artist: Jeremy Soule","2011","","100","0.01%","85.4499084%","Yes","","","","","","","","","","","","","","","","",""
"Jerry Lee Lewis","Live at the Star Club, Hamburg","Album: Live at the Star Club, Hamburg/ Artist: Jerry Lee Lewis","1964","","100","0.01%","85.4559559%","Yes","","","","","","","","","","","","","","","","",""
"Jeru The Damaja","The Sun Rises in the East","Album: The Sun Rises in the East/ Artist: Jeru The Damaja","1994","","100","0.01%","85.4620033%","Yes","","","","","","","","","","","","","","","","",""
"Jessie Ware","That! Feels Good!","Album: That! Feels Good!/ Artist: Jessie Ware","2023","","100","0.01%","85.4680507%","Yes","","","","","","","","","","","","","","","","",""
"Jessie Ware","What´s Your Pleasure?","Album: What´s Your Pleasure?/ Artist: Jessie Ware","2020","","100","0.01%","85.4740981%","Yes","","","","","","","","","","","","","","","","",""
"Jessie Ware","Devotion","Album: Devotion/ Artist: Jessie Ware","2012","","100","0.01%","85.4801455%","Yes","","","","","","","","","","","","","","","","",""
"Jesu","Jesu","Album: Jesu/ Artist: Jesu","2004","","100","0.01%","85.4861929%","Yes","","","","","","","","","","","","","","","","",""
"Jet","Get Born","Album: Get Born/ Artist: Jet","2003","","100","0.01%","85.4922403%","Yes","","","","","","","","","","","","","","","","",""
"Jethro Tull","Songs From the Wood","Album: Songs From the Wood/ Artist: Jethro Tull","1977","","100","0.01%","85.4982877%","Yes","","","","","","","","","","","","","","","","",""
"Jethro Tull","Thick As A Brick","Album: Thick As A Brick/ Artist: Jethro Tull","1972","","100","0.01%","85.5043351%","Yes","","","","","","","","","","","","","","","","",""
"Jethro Tull","Aqualung","Album: Aqualung/ Artist: Jethro Tull","1971","","100","0.01%","85.5103826%","Yes","","","","","","","","","","","","","","","","",""
"JID","DiCaprio 2","Album: DiCaprio 2/ Artist: JID","2022","","100","0.01%","85.5164300%","Yes","","","","","","","","","","","","","","","","",""
"JID","The Forever Story","Album: The Forever Story/ Artist: JID","2022","","100","0.01%","85.5224774%","Yes","","","","","","","","","","","","","","","","",""
"Jim O'Rourke","Halfway to a Threeway","Album: Halfway to a Threeway/ Artist: Jim O'Rourke","1999","","100","0.01%","85.5285248%","Yes","","","","","","","","","","","","","","","","",""
"Jimi Hendrix","The Ultimate Experience","Album: The Ultimate Experience/ Artist: Jimi Hendrix","1993","","100","0.01%","85.5345722%","Yes","","","","","","","","","","","","","","","","",""
"Jimi Hendrix","Band of Gypsys","Album: Band of Gypsys/ Artist: Jimi Hendrix","1970","","100","0.01%","85.5406196%","Yes","","","","","","","","","","","","","","","","",""
"Jimmy Eat World","Future","Album: Future/ Artist: Jimmy Eat World","2004","","100","0.01%","85.5466670%","Yes","","","","","","","","","","","","","","","","",""
"Jimmy Eat World","Bleed American","Album: Bleed American/ Artist: Jimmy Eat World","2001","","100","0.01%","85.5527144%","Yes","","","","","","","","","","","","","","","","",""
"Jimmy Eat World","Eat Clarity","Album: Eat Clarity/ Artist: Jimmy Eat World","1999","","100","0.01%","85.5587619%","Yes","","","","","","","","","","","","","","","","",""
"Jimmy O Rourke","Eureka","Album: Eureka/ Artist: Jimmy O Rourke","2001","","100","0.01%","85.5648093%","Yes","","","","","","","","","","","","","","","","",""
"Jimmy O Rourke","Insignificance","Album: Insignificance/ Artist: Jimmy O Rourke","1999","","100","0.01%","85.5708567%","Yes","","","","","","","","","","","","","","","","",""
"Jlin","Black Origami","Album: Black Origami/ Artist: Jlin","2017","","100","0.01%","85.5769041%","Yes","","","","","","","","","","","","","","","","",""
"Joanna Newsome","Have One on Me","Album: Have One on Me/ Artist: Joanna Newsome","2010","","100","0.01%","85.5829515%","Yes","","","","","","","","","","","","","","","","",""
"Joanna Newsome","Ys","Album: Ys/ Artist: Joanna Newsome","2006","","100","0.01%","85.5889989%","Yes","","","","","","","","","","","","","","","","",""
"Giorgio Moroder","From here To Eternity","Album: From here To Eternity/ Artist: Giorgio Moroder","1977","","100","0.01%","85.5950463%","","","","","","","","","","","","","","","","","",""
"Joanna Newsome","The Milk-Eyed Mender","Album: The Milk-Eyed Mender/ Artist: Joanna Newsome","2004","","100","0.01%","85.6010937%","Yes","","","","","","","","","","","","","","","","",""
"Joanna Sternberg","I've Got Me","Album: I've Got Me/ Artist: Joanna Sternberg","2023","","100","0.01%","85.6071411%","Yes","","","","","","","","","","","","","","","","",""
"João Gilberto; Stan Getz","Getz/Gilberto","Album: Getz/Gilberto/ Artist: João Gilberto; Stan Getz","1963","","100","0.01%","85.6131886%","Yes","","","","","","","","","","","","","","","","",""
"Jockstrap","I Love You Jennifer B","Album: I Love You Jennifer B/ Artist: Jockstrap","2022","","100","0.01%","85.6192360%","Yes","","","","","","","","","","","","","","","","",""
"Jockstrap","Wicked City","Album: Wicked City/ Artist: Jockstrap","2020","","100","0.01%","85.6252834%","Yes","","","","","","","","","","","","","","","","",""
"Joe Satriani","Essential Joe Satriani 2","Album: Essential Joe Satriani 2/ Artist: Joe Satriani","2010","","100","0.01%","85.6313308%","Yes","","","","","","","","","","","","","","","","",""
"Joe Satriani","Essential Joe Satrini 1","Album: Essential Joe Satrini 1/ Artist: Joe Satriani","2010","","100","0.01%","85.6373782%","Yes","","","","","","","","","","","","","","","","",""
"Joe Satriani","Super Colossal","Album: Super Colossal/ Artist: Joe Satriani","2006","","100","0.01%","85.6434256%","Yes","","","","","","","","","","","","","","","","",""
"Joe Satriani","Is There Love in Space?","Album: Is There Love in Space?/ Artist: Joe Satriani","2004","","100","0.01%","85.6494730%","Yes","","","","","","","","","","","","","","","","",""
"Joe Satriani","Strange Beautiful Music","Album: Strange Beautiful Music/ Artist: Joe Satriani","2002","","100","0.01%","85.6555204%","Yes","","","","","","","","","","","","","","","","",""
"Joe Satriani","The Extremist","Album: The Extremist/ Artist: Joe Satriani","1992","","100","0.01%","85.6615679%","Yes","","","","","","","","","","","","","","","","",""
"Joe Satriani","Flying in a Blue Dream","Album: Flying in a Blue Dream/ Artist: Joe Satriani","1989","","100","0.01%","85.6676153%","Yes","","","","","","","","","","","","","","","","",""
"Joe Satriani","Surfing With the Alien","Album: Surfing With the Alien/ Artist: Joe Satriani","1987","","100","0.01%","85.6736627%","Yes","","","","","","","","","","","","","","","","",""
"Joey Bada$$","2000","Album: 2000/ Artist: Joey Bada$$","2022","","100","0.01%","85.6797101%","Yes","","","","","","","","","","","","","","","","",""
"Joey Badass","1999","Album: 1999/ Artist: Joey Badass","2012","","100","0.01%","85.6857575%","Yes","","","","","","","","","","","","","","","","",""
"John Cale ","Paris 1919","Album: Paris 1919/ Artist: John Cale ","1973","","100","0.01%","85.6918049%","Yes","","","","","","","","","","","","","","","","",""
"John Cale & Lou Reed","Songs for Drella","Album: Songs for Drella/ Artist: John Cale & Lou Reed","1990","","100","0.01%","85.6978523%","Yes","","","","","","","","","","","","","","","","",""
"John Coltrane","Both Directions at Once: The Lost Album","Album: Both Directions at Once: The Lost Album/ Artist: John Coltrane","2018","","100","0.01%","85.7038997%","Yes","","","","","","","","","","","","","","","","",""
"John Coltrane Quartet","Crescent","Album: Crescent/ Artist: John Coltrane Quartet","1964","","100","0.01%","85.7099471%","Yes","","","","","","","","","","","","","","","","",""
"John Fahey","Fare Forward Voyagers (Soldier's Choice)","Album: Fare Forward Voyagers (Soldier's Choice)/ Artist: John Fahey","1973","","100","0.01%","85.7159946%","Yes","","","","","","","","","","","","","","","","",""
"John Frusciante","The Empyrean","Album: The Empyrean/ Artist: John Frusciante","2009","","100","0.01%","85.7220420%","Yes","","","","","","","","","","","","","","","","",""
"John Frusciante","Shadows Collide With People","Album: Shadows Collide With People/ Artist: John Frusciante","2004","","100","0.01%","85.7280894%","Yes","","","","","","","","","","","","","","","","",""
"John Grant","Pale Green Ghosts","Album: Pale Green Ghosts/ Artist: John Grant","2013","","100","0.01%","85.7341368%","Yes","","","","","","","","","","","","","","","","",""
"John Grant","Queen of Denmark","Album: Queen of Denmark/ Artist: John Grant","2010","","100","0.01%","85.7401842%","Yes","","","","","","","","","","","","","","","","",""
"John Lennon","GIMME SOME TRUTH. CD1","Album: GIMME SOME TRUTH. CD1/ Artist: John Lennon","2020","","100","0.01%","85.7462316%","Yes","","","","","","","","","","","","","","","","",""
"John Lennon","GIMME SOME TRUTH. CD2","Album: GIMME SOME TRUTH. CD2/ Artist: John Lennon","2020","","100","0.01%","85.7522790%","Yes","","","","","","","","","","","","","","","","",""
"John Lennon","Imagine","Album: Imagine/ Artist: John Lennon","1971","","100","0.01%","85.7583264%","Yes","","","","","","","","","","","","","","","","",""
"John Lennon","John Lennon/ Plastic Ono Band","Album: John Lennon/ Plastic Ono Band/ Artist: John Lennon","1970","","100","0.01%","85.7643739%","Yes","","","","","","","","","","","","","","","","",""
"John Martyn","Solid Air","Album: Solid Air/ Artist: John Martyn","1973","","100","0.01%","85.7704213%","Yes","","","","","","","","","","","","","","","","",""
"John Maus","We Must Become the Pitiless Censors of Ourselves","Album: We Must Become the Pitiless Censors of Ourselves/ Artist: John Maus","2011","","100","0.01%","85.7764687%","Yes","","","","","","","","","","","","","","","","",""
"John Mayer","Continuum","Album: Continuum/ Artist: John Mayer","2006","","100","0.01%","85.7825161%","Yes","","","","","","","","","","","","","","","","",""
"John Prine","John Prine","Album: John Prine/ Artist: John Prine","1971","","100","0.01%","85.7885635%","Yes","","","","","","","","","","","","","","","","",""
"John Tabalot","Fin","Album: Fin/ Artist: John Tabalot","2012","","100","0.01%","85.7946109%","Yes","","","","","","","","","","","","","","","","",""
"John Zorn","Naked City","Album: Naked City/ Artist: John Zorn","1990","","100","0.01%","85.8006583%","Yes","","","","","","","","","","","","","","","","",""
"Johnny Cash","American IV: The Man Comes Around","Album: American IV: The Man Comes Around/ Artist: Johnny Cash","2002","","100","0.01%","85.8067057%","Yes","","","","","","","","","","","","","","","","",""
"Johnny Cash","American III: Solitary Man","Album: American III: Solitary Man/ Artist: Johnny Cash","2000","","100","0.01%","85.8127531%","Yes","","","","","","","","","","","","","","","","",""
"Johnny Cash","At Folsom Prison","Album: At Folsom Prison/ Artist: Johnny Cash","1968","","100","0.01%","85.8188006%","Yes","","","","","","","","","","","","","","","","",""
"Jonathan Richman","I, Jonathan","Album: I, Jonathan/ Artist: Jonathan Richman","1992","","100","0.01%","85.8248480%","Yes","","","","","","","","","","","","","","","","",""
"Joni Mitchell","For the Roses","Album: For the Roses/ Artist: Joni Mitchell","1972","","100","0.01%","85.8308954%","Yes","","","","","","","","","","","","","","","","",""
"Joni Mitchell","Ladies of the canyon","Album: Ladies of the canyon/ Artist: Joni Mitchell","1970","","100","0.01%","85.8369428%","Yes","","","","","","","","","","","","","","","","",""
"Joni Mtchell","Hejira","Album: Hejira/ Artist: Joni Mtchell","1976","","100","0.01%","85.8429902%","Yes","","","","","","","","","","","","","","","","",""
"Joni Mtchell","The Hissing of Summer Lawns","Album: The Hissing of Summer Lawns/ Artist: Joni Mtchell","1975","","100","0.01%","85.8490376%","Yes","","","","","","","","","","","","","","","","",""
"Joni Mtchell","Court and Spark","Album: Court and Spark/ Artist: Joni Mtchell","1974","","100","0.01%","85.8550850%","Yes","","","","","","","","","","","","","","","","",""
"Joni Mtchell","Blue","Album: Blue/ Artist: Joni Mtchell","1971","","100","0.01%","85.8611324%","Yes","","","","","","","","","","","","","","","","",""
"Jonny Greenwood","You Were Never Really Here","Album: You Were Never Really Here/ Artist: Jonny Greenwood","2019","","100","0.01%","85.8671799%","Yes","","","","","","","","","","","","","","","","",""
"Jonny Greenwood","There Will Be Blood","Album: There Will Be Blood/ Artist: Jonny Greenwood","2007","","100","0.01%","85.8732273%","Yes","","","","","","","","","","","","","","","","",""
"Jordaan Mason","Divorce Lawyers I Shaved My Head","Album: Divorce Lawyers I Shaved My Head/ Artist: Jordaan Mason","2009","","100","0.01%","85.8792747%","Yes","","","","","","","","","","","","","","","","",""
"Jorge Ben","Africa Brasil","Album: Africa Brasil/ Artist: Jorge Ben","1976","","100","0.01%","85.8853221%","Yes","","","","","","","","","","","","","","","","",""
"Jorge Ben","A Tabua De Esmeralda","Album: A Tabua De Esmeralda/ Artist: Jorge Ben","1974","","100","0.01%","85.8913695%","Yes","","","","","","","","","","","","","","","","",""
"Jorge Ben","Força Bruta","Album: Força Bruta/ Artist: Jorge Ben","1970","","100","0.01%","85.8974169%","Yes","","","","","","","","","","","","","","","","",""
"Jorge Ben","Jorge Ben","Album: Jorge Ben/ Artist: Jorge Ben","1969","","100","0.01%","85.9034643%","Yes","","","","","","","","","","","","","","","","",""
"Jorge Ben","Samba Esquema Novo","Album: Samba Esquema Novo/ Artist: Jorge Ben","1963","","100","0.01%","85.9095117%","Yes","","","","","","","","","","","","","","","","",""
"José González","Veneer","Album: Veneer/ Artist: José González","2003","","100","0.01%","85.9155591%","Yes","","","","","","","","","","","","","","","","",""
"Joy Division","Heart and Soul cd1","Album: Heart and Soul cd1/ Artist: Joy Division","1997","","100","0.01%","85.9216066%","Yes","","","","","","","","","","","","","","","","",""
"Joy Division","Heart and Soul cd2","Album: Heart and Soul cd2/ Artist: Joy Division","1997","","100","0.01%","85.9276540%","Yes","","","","","","","","","","","","","","","","",""
"Joy Division","Heart and Soul cd3","Album: Heart and Soul cd3/ Artist: Joy Division","1997","","100","0.01%","85.9337014%","Yes","","","","","","","","","","","","","","","","",""
"Joy Division","Heart and Soul cd4","Album: Heart and Soul cd4/ Artist: Joy Division","1997","","100","0.01%","85.9397488%","Yes","","","","","","","","","","","","","","","","",""
"Joy Division","Closer","Album: Closer/ Artist: Joy Division","1980","","100","0.01%","85.9457962%","Yes","","","","","","","","","","","","","","","","",""
"Joy Division","Unknown Pleasures","Album: Unknown Pleasures/ Artist: Joy Division","1979","","100","0.01%","85.9518436%","Yes","","","","","","","","","","","","","","","","",""
"JPEGMAFIA","LP!","Album: LP!/ Artist: JPEGMAFIA","2021","","100","0.01%","85.9578910%","Yes","","","","","","","","","","","","","","","","",""
"JPEGMAFIA","OFFLINE!","Album: OFFLINE!/ Artist: JPEGMAFIA","2022","","100","0.01%","85.9639384%","Yes","","","","","","","","","","","","","","","","",""
"JPEGMAFIA","I LAY DOWN MY LIFE TO YOU","Album: I LAY DOWN MY LIFE TO YOU/ Artist: JPEGMAFIA","2024","","100","0.01%","85.9699859%","Yes","","","","","","","","","","","","","","","","",""
"JPEGMAFIA & Danny Brown","SCARING THE HOES","Album: SCARING THE HOES/ Artist: JPEGMAFIA & Danny Brown","2023","","100","0.01%","85.9760333%","Yes","","","","","","","","","","","","","","","","",""
"Juana Molina","Halo","Album: Halo/ Artist: Juana Molina","2017","","100","0.01%","85.9820807%","Yes","","","","","","","","","","","","","","","","",""
"Juana Molina","Wed 21","Album: Wed 21/ Artist: Juana Molina","2013","","100","0.01%","85.9881281%","Yes","","","","","","","","","","","","","","","","",""
"Juana Molina","Un Dia","Album: Un Dia/ Artist: Juana Molina","2008","","100","0.01%","85.9941755%","Yes","","","","","","","","","","","","","","","","",""
"Judas Priest","Invincible Shield","Album: Invincible Shield/ Artist: Judas Priest","2024","","100","0.01%","86.0002229%","Yes","","","","","","","","","","","","","","","","",""
"Judas Priest","Firepower","Album: Firepower/ Artist: Judas Priest","2018","","100","0.01%","86.0062703%","Yes","","","","","","","","","","","","","","","","",""
"The Faith/ The Void","The Faith/ The Void","Album: The Faith/ The Void/ Artist: The Faith/ The Void","1982","","100","0.01%","86.0123177%","","","","","","","","","","","","","","","","","",""
"Judas Priest","Painkiller","Album: Painkiller/ Artist: Judas Priest","1990","","100","0.01%","86.0183651%","Yes","","","","","","","","","","","","","","","","",""
"Judas Priest","Defenders of the Faith","Album: Defenders of the Faith/ Artist: Judas Priest","1984","","100","0.01%","86.0244126%","Yes","","","","","","","","","","","","","","","","",""
"Judas Priest","Screaming for Vengeance","Album: Screaming for Vengeance/ Artist: Judas Priest","1982","","100","0.01%","86.0304600%","Yes","","","","","","","","","","","","","","","","",""
"Judas Priest","British Steel","Album: British Steel/ Artist: Judas Priest","1980","","100","0.01%","86.0365074%","Yes","","","","","","","","","","","","","","","","",""
"Pauline Oliveros / Stuart Dempster / Panaiotis","Deep Listening","Album: Deep Listening/ Artist: Pauline Oliveros / Stuart Dempster / Panaiotis","1989","","100","0.01%","86.0425548%","","","","","","","","","","","","","","","","","",""
"Swell Maps","Jane From Occupied Europe","Album: Jane From Occupied Europe/ Artist: Swell Maps","1981","","100","0.01%","86.0486022%","","","","","","","","","","","","","","","","","",""
"Au Pairs","Playing With a Different Sex ","Album: Playing With a Different Sex / Artist: Au Pairs","1981","","100","0.01%","86.0546496%","","","","","","","","","","","","","","","","","",""
"Judas Priest","Stained Class","Album: Stained Class/ Artist: Judas Priest","1978","","100","0.01%","86.0606970%","Yes","","","","","","","","","","","","","","","","",""
"Judas Priest","Sad Wings of Destiny","Album: Sad Wings of Destiny/ Artist: Judas Priest","1976","","100","0.01%","86.0667444%","Yes","","","","","","","","","","","","","","","","",""
"Julee Cruise","Floating into the Nigh","Album: Floating into the Nigh/ Artist: Julee Cruise","1989","","100","0.01%","86.0727918%","Yes","","","","","","","","","","","","","","","","",""
"Julia Holter","Have You In My Wilderness","Album: Have You In My Wilderness/ Artist: Julia Holter","2015","","100","0.01%","86.0788393%","Yes","","","","","","","","","","","","","","","","",""
"Julia Holter","Loud City Song","Album: Loud City Song/ Artist: Julia Holter","2013","","100","0.01%","86.0848867%","Yes","","","","","","","","","","","","","","","","",""
"Julia Holter","Ekstasis","Album: Ekstasis/ Artist: Julia Holter","2012","","100","0.01%","86.0909341%","Yes","","","","","","","","","","","","","","","","",""
"Julia Jacklin","PRE PLEASURE","Album: PRE PLEASURE/ Artist: Julia Jacklin","2022","","100","0.01%","86.0969815%","Yes","","","","","","","","","","","","","","","","",""
"Julianna Barwick","Nepenthe","Album: Nepenthe/ Artist: Julianna Barwick","2013","","100","0.01%","86.1030289%","Yes","","","","","","","","","","","","","","","","",""
"Julianna Barwick","The Magic Place","Album: The Magic Place/ Artist: Julianna Barwick","2011","","100","0.01%","86.1090763%","Yes","","","","","","","","","","","","","","","","",""
"Julie Byrn","The Greater Wings","Album: The Greater Wings/ Artist: Julie Byrn","2023","","100","0.01%","86.1151237%","Yes","","","","","","","","","","","","","","","","",""
"Julien Baker","Turn Out The Lights","Album: Turn Out The Lights/ Artist: Julien Baker","2017","","100","0.01%","86.1211711%","Yes","","","","","","","","","","","","","","","","",""
"Julieta Venegas","Limón y Sal","Album: Limón y Sal/ Artist: Julieta Venegas","2006","","100","0.01%","86.1272186%","Yes","","","","","","","","","","","","","","","","",""
"Justice","Hyperdrama","Album: Hyperdrama/ Artist: Justice","2024","","100","0.01%","86.1332660%","Yes","","","","","","","","","","","","","","","","",""
"Justice","Audio, Video, Disco","Album: Audio, Video, Disco/ Artist: Justice","2011","","100","0.01%","86.1393134%","Yes","","","","","","","","","","","","","","","","",""
"Justice","Planisphère","Album: Planisphère/ Artist: Justice","2008","","100","0.01%","86.1453608%","Yes","","","","","","","","","","","","","","","","",""
"Justice","†","Album: †/ Artist: Justice","2007","","100","0.01%","86.1514082%","Yes","","","","","","","","","","","","","","","","",""
"Justin Hurwitz","La La Land","Album: La La Land/ Artist: Justin Hurwitz","2016","","100","0.01%","86.1574556%","Yes","","","","","","","","","","","","","","","","",""
"Justin Timberlake","FutureSex/LoveSounds","Album: FutureSex/LoveSounds/ Artist: Justin Timberlake","2006","","100","0.01%","86.1635030%","Yes","","","","","","","","","","","","","","","","",""
"KA","The Thief Next To Jesus","Album: The Thief Next To Jesus/ Artist: KA","2024","","100","0.01%","86.1695504%","Yes","","","","","","","","","","","","","","","","",""
"KA","Honor Killed Samurai","Album: Honor Killed Samurai/ Artist: KA","2016","","100","0.01%","86.1755978%","Yes","","","","","","","","","","","","","","","","",""
"Ka","The Knights Gambit","Album: The Knights Gambit/ Artist: Ka","2013","","100","0.01%","86.1816453%","Yes","","","","","","","","","","","","","","","","",""
"KA","Grief Pedigree","Album: Grief Pedigree/ Artist: KA","2012","","100","0.01%","86.1876927%","Yes","","","","","","","","","","","","","","","","",""
"Kai Whiston","Kai Whiston Bitch","Album: Kai Whiston Bitch/ Artist: Kai Whiston","2018","","100","0.01%","86.1937401%","Yes","","","","","","","","","","","","","","","","",""
"Kairon; IRSE!","Ujubasajuba","Album: Ujubasajuba/ Artist: Kairon; IRSE!","2014","","100","0.01%","86.1997875%","Yes","","","","","","","","","","","","","","","","",""
"Kaiser Chiefs","Employment","Album: Employment/ Artist: Kaiser Chiefs","2005","","100","0.01%","86.2058349%","Yes","","","","","","","","","","","","","","","","",""
"Kaiser Chiefs","Your Truly, Angry Mob","Album: Your Truly, Angry Mob/ Artist: Kaiser Chiefs","2007","","100","0.01%","86.2118823%","Yes","","","","","","","","","","","","","","","","",""
"Kali Uchis","Red Moon in Venus","Album: Red Moon in Venus/ Artist: Kali Uchis","2023","","100","0.01%","86.2179297%","Yes","","","","","","","","","","","","","","","","",""
"Kali Uchis","Isolation","Album: Isolation/ Artist: Kali Uchis","2018","","100","0.01%","86.2239771%","Yes","","","","","","","","","","","","","","","","",""
"Kali Uchis","Sincerely,","Album: Sincerely,/ Artist: Kali Uchis","2025","","100","0.01%","86.2300246%","","","","","","","","","","","","","","","","","",""
"Kamasi Washington","Harmony of Difference","Album: Harmony of Difference/ Artist: Kamasi Washington","2017","","100","0.01%","86.2360720%","Yes","","","","","","","","","","","","","","","","",""
"Kamasi Washington","The Epic (CD 1)","Album: The Epic (CD 1)/ Artist: Kamasi Washington","2015","","100","0.01%","86.2421194%","Yes","","","","","","","","","","","","","","","","",""
"Kamasi Washington","The Epic (CD 2)","Album: The Epic (CD 2)/ Artist: Kamasi Washington","2015","","100","0.01%","86.2481668%","Yes","","","","","","","","","","","","","","","","",""
"Kamasi Washington","The Epic (CD 3)","Album: The Epic (CD 3)/ Artist: Kamasi Washington","2015","","100","0.01%","86.2542142%","Yes","","","","","","","","","","","","","","","","",""
"Kanye West","DONDA","Album: DONDA/ Artist: Kanye West","2021","","100","0.01%","86.2602616%","Yes","","","","","","","","","","","","","","","","",""
"Kanye West","The Life of Pablo","Album: The Life of Pablo/ Artist: Kanye West","2016","","100","0.01%","86.2663090%","Yes","","","","","","","","","","","","","","","","",""
"Kanye West","Yeezus","Album: Yeezus/ Artist: Kanye West","2013","","100","0.01%","86.2723564%","Yes","","","","","","","","","","","","","","","","",""
"Kanye West","My Beautiful Dark Twisted Fantasy","Album: My Beautiful Dark Twisted Fantasy/ Artist: Kanye West","2010","","100","0.01%","86.2784038%","Yes","","","","","","","","","","","","","","","","",""
"Kanye West","808s & Heartbreaks","Album: 808s & Heartbreaks/ Artist: Kanye West","2008","","100","0.01%","86.2844513%","Yes","","","","","","","","","","","","","","","","",""
"Kanye West","Graduation","Album: Graduation/ Artist: Kanye West","2007","","100","0.01%","86.2904987%","Yes","","","","","","","","","","","","","","","","",""
"Kanye West","Late Registration","Album: Late Registration/ Artist: Kanye West","2005","","100","0.01%","86.2965461%","Yes","","","","","","","","","","","","","","","","",""
"Kanye West","The College Dropout","Album: The College Dropout/ Artist: Kanye West","2004","","100","0.01%","86.3025935%","Yes","","","","","","","","","","","","","","","","",""
"Kara Jackson","Why Does Earth Give Us People To Love?","Album: Why Does Earth Give Us People To Love?/ Artist: Kara Jackson","2023","","100","0.01%","86.3086409%","Yes","","","","","","","","","","","","","","","","",""
"Kasabian","Velociraptor!","Album: Velociraptor!/ Artist: Kasabian","2011","","100","0.01%","86.3146883%","Yes","","","","","","","","","","","","","","","","",""
"Kasabian","West Ryder Pauper Lunatic Asylum","Album: West Ryder Pauper Lunatic Asylum/ Artist: Kasabian","2009","","100","0.01%","86.3207357%","Yes","","","","","","","","","","","","","","","","",""
"Kasabian","Kasabian","Album: Kasabian/ Artist: Kasabian","2004","","100","0.01%","86.3267831%","Yes","","","","","","","","","","","","","","","","",""
"Katatonia","Brave Murder Day","Album: Brave Murder Day/ Artist: Katatonia","1996","","100","0.01%","86.3328306%","Yes","","","","","","","","","","","","","","","","",""
"Kate Bush","50 Words for Snow","Album: 50 Words for Snow/ Artist: Kate Bush","2011","","100","0.01%","86.3388780%","Yes","","","","","","","","","","","","","","","","",""
"Kate Bush","Aerial","Album: Aerial/ Artist: Kate Bush","2005","","100","0.01%","86.3449254%","Yes","","","","","","","","","","","","","","","","",""
"Kate Bush","The Sensual World","Album: The Sensual World/ Artist: Kate Bush","1989","","100","0.01%","86.3509728%","Yes","","","","","","","","","","","","","","","","",""
"Kate Bush","The Whole Story","Album: The Whole Story/ Artist: Kate Bush","1986","","100","0.01%","86.3570202%","Yes","","","","","","","","","","","","","","","","",""
"Kate Bush","Hound of Love","Album: Hound of Love/ Artist: Kate Bush","1985","","100","0.01%","86.3630676%","Yes","","","","","","","","","","","","","","","","",""
"Kate Bush","The Dreaming","Album: The Dreaming/ Artist: Kate Bush","1982","","100","0.01%","86.3691150%","Yes","","","","","","","","","","","","","","","","",""
"Kate Bush","Never For Ever","Album: Never For Ever/ Artist: Kate Bush","1980","","100","0.01%","86.3751624%","Yes","","","","","","","","","","","","","","","","",""
"Kate Bush","The Kick Inside","Album: The Kick Inside/ Artist: Kate Bush","1978","","100","0.01%","86.3812098%","Yes","","","","","","","","","","","","","","","","",""
"Keane","Hopes and Fears","Album: Hopes and Fears/ Artist: Keane","2004","","100","0.01%","86.3872573%","Yes","","","","","","","","","","","","","","","","",""
"Keiichi Okabe 岡部啓一 & Keigo Hoashi 帆足圭吾","NieR:Automata","Album: NieR:Automata/ Artist: Keiichi Okabe 岡部啓一 & Keigo Hoashi 帆足圭吾","2017","","100","0.01%","86.3933047%","Yes","","","","","","","","","","","","","","","","",""
"Keith Jarrett","The Köln Concert","Album: The Köln Concert/ Artist: Keith Jarrett","1975","","100","0.01%","86.3993521%","Yes","","","","","","","","","","","","","","","","",""
"Kelela","Raven","Album: Raven/ Artist: Kelela","2023","","100","0.01%","86.4053995%","Yes","","","","","","","","","","","","","","","","",""
"Kelela","Take Me Apart","Album: Take Me Apart/ Artist: Kelela","2017","","100","0.01%","86.4114469%","Yes","","","","","","","","","","","","","","","","",""
"Kelela","Hallucinogen","Album: Hallucinogen/ Artist: Kelela","2015","","100","0.01%","86.4174943%","Yes","","","","","","","","","","","","","","","","",""
"Kelly Lee Owens","Kelly Lee Owens","Album: Kelly Lee Owens/ Artist: Kelly Lee Owens","2020","","100","0.01%","86.4235417%","Yes","","","","","","","","","","","","","","","","",""
"Kelsey Lu","BLOOD","Album: BLOOD/ Artist: Kelsey Lu","2019","","100","0.01%","86.4295891%","Yes","","","","","","","","","","","","","","","","",""
"Kendrick Lamar","GNX","Album: GNX/ Artist: Kendrick Lamar","2024","","100","0.01%","86.4356366%","Yes","","","","","","","","","","","","","","","","",""
"Kennie Beats","LOUIE","Album: LOUIE/ Artist: Kennie Beats","2022","","100","0.01%","86.4416840%","Yes","","","","","","","","","","","","","","","","",""
"Kenny Beats","Louise","Album: Louise/ Artist: Kenny Beats","2022","","100","0.01%","86.4477314%","Yes","","","","","","","","","","","","","","","","",""
"Kero Kero Bonito","Civilisation I","Album: Civilisation I/ Artist: Kero Kero Bonito","2019","","100","0.01%","86.4537788%","Yes","","","","","","","","","","","","","","","","",""
"Key Glock","Glockoma 2","Album: Glockoma 2/ Artist: Key Glock","2023","","100","0.01%","86.4598262%","Yes","","","","","","","","","","","","","","","","",""
"Kiasmos","Kiasmos","Album: Kiasmos/ Artist: Kiasmos","2014","","100","0.01%","86.4658736%","Yes","","","","","","","","","","","","","","","","",""
"Kid Cudi","Man on the Mon: The End of Day","Album: Man on the Mon: The End of Day/ Artist: Kid Cudi","2009","","100","0.01%","86.4719210%","Yes","","","","","","","","","","","","","","","","",""
"Kids & Explosion","Shit Computer","Album: Shit Computer/ Artist: Kids & Explosion","2010","","100","0.01%","86.4779684%","No","","","","","","","","","","","","","","","","",""
"Kids See Ghosts","Kids See Ghosts","Album: Kids See Ghosts/ Artist: Kids See Ghosts","2018","","100","0.01%","86.4840158%","Yes","","","","","","","","","","","","","","","","",""
"Kill Bill: the Rapper","Ramona","Album: Ramona/ Artist: Kill Bill: the Rapper","2014","","100","0.01%","86.4900633%","Yes","","","","","","","","","","","","","","","","",""
"Killer Mike","R.A.P Music","Album: R.A.P Music/ Artist: Killer Mike","2012","","100","0.01%","86.4961107%","Yes","","","","","","","","","","","","","","","","",""
"Killing Joke","Night Time","Album: Night Time/ Artist: Killing Joke","1985","","100","0.01%","86.5021581%","Yes","","","","","","","","","","","","","","","","",""
"Kilo Kish","American Gurl","Album: American Gurl/ Artist: Kilo Kish","2022","","100","0.01%","86.5082055%","Yes","","","","","","","","","","","","","","","","",""
"Kilo Kish","Redux","Album: Redux/ Artist: Kilo Kish","2019","","100","0.01%","86.5142529%","Yes","","","","","","","","","","","","","","","","",""
"King Crimson","Red","Album: Red/ Artist: King Crimson","1974","","100","0.01%","86.5203003%","Yes","","","","","","","","","","","","","","","","",""
"King Crimson","Starless and Bible Black","Album: Starless and Bible Black/ Artist: King Crimson","1974","","100","0.01%","86.5263477%","Yes","","","","","","","","","","","","","","","","",""
"King Crimson","Larks' Tongues in Aspic","Album: Larks' Tongues in Aspic/ Artist: King Crimson","1973","","100","0.01%","86.5323951%","Yes","","","","","","","","","","","","","","","","",""
"King Crimson","Islands","Album: Islands/ Artist: King Crimson","1971","","100","0.01%","86.5384426%","Yes","","","","","","","","","","","","","","","","",""
"King Crimson","In the Court of the Crimson King","Album: In the Court of the Crimson King/ Artist: King Crimson","1969","","100","0.01%","86.5444900%","Yes","","","","","","","","","","","","","","","","",""
"King Geedorah","Take Me To Your Leader","Album: Take Me To Your Leader/ Artist: King Geedorah","2003","","100","0.01%","86.5505374%","Yes","","","","","","","","","","","","","","","","",""
"King Gizzard & The Lizard Wizard","Phantom island","Album: Phantom island/ Artist: King Gizzard & The Lizard Wizard","2021","","100","0.01%","86.5565848%","","","","","","","","","","","","","","","","","",""
"Kings of Convenience","Riot On An Empty Street","Album: Riot On An Empty Street/ Artist: Kings of Convenience","2004","","100","0.01%","86.5626322%","Yes","","","","","","","","","","","","","","","","",""
"Kings of Leon","Only By The Night","Album: Only By The Night/ Artist: Kings of Leon","2008","","100","0.01%","86.5686796%","Yes","","","","","","","","","","","","","","","","",""
"Kink Sunny Ade","The Best of The Classic Years","Album: The Best of The Classic Years/ Artist: Kink Sunny Ade","2003","","100","0.01%","86.5747270%","Yes","","","","","","","","","","","","","","","","",""
"Kino Кино","Кино (Чёрный альбом)","Album: Кино (Чёрный альбом)/ Artist: Kino Кино","1990","","100","0.01%","86.5807744%","Yes","","","","","","","","","","","","","","","","",""
"Kinoko Teikoku","eureka","Album: eureka/ Artist: Kinoko Teikoku","2013","","100","0.01%","86.5868218%","Yes","","","","","","","","","","","","","","","","",""
"Kirin J Calinan","Bravado","Album: Bravado/ Artist: Kirin J Calinan","2017","","100","0.01%","86.5928693%","Yes","","","","","","","","","","","","","","","","",""
"Klaxons","Myths Of The Near Future","Album: Myths Of The Near Future/ Artist: Klaxons","2007","","100","0.01%","86.5989167%","Yes","","","","","","","","","","","","","","","","",""
"Klô Pelgag","Notre-Dame-des-Sept-Douleurs","Album: Notre-Dame-des-Sept-Douleurs/ Artist: Klô Pelgag","2020","","100","0.01%","86.6049641%","Yes","","","","","","","","","","","","","","","","",""
"kmoe","K1","Album: K1/ Artist: kmoe","2024","","100","0.01%","86.6110115%","","","","","","","","","","","","","","","","","",""
"Knocked Loose","You Won't Go Before You're Supposed To","Album: You Won't Go Before You're Supposed To/ Artist: Knocked Loose","2024","","100","0.01%","86.6170589%","Yes","","","","","","","","","","","","","","","","",""
"Koji Kondo","The Legend of Zelda: Ocarina of Time","Album: The Legend of Zelda: Ocarina of Time/ Artist: Koji Kondo","1998","","100","0.01%","86.6231063%","Yes","","","","","","","","","","","","","","","","",""
"Koji Kondo 近藤浩治","ゼルダの伝説: ムジュラの仮面 (The Legend of Zelda: Majora's Mask)","Album: ゼルダの伝説: ムジュラの仮面 (The Legend of Zelda: Majora's Mask)/ Artist: Koji Kondo 近藤浩治","2000","","100","0.01%","86.6291537%","Yes","","","","","","","","","","","","","","","","",""
"Kraftwerk","Computerwelt","Album: Computerwelt/ Artist: Kraftwerk","1981","","100","0.01%","86.6352011%","Yes","","","","","","","","","","","","","","","","",""
"Kraftwerk","Die Mensch Maschine","Album: Die Mensch Maschine/ Artist: Kraftwerk","1978","","100","0.01%","86.6412486%","Yes","","","","","","","","","","","","","","","","",""
"Kraftwerk","Trans-Europa Express","Album: Trans-Europa Express/ Artist: Kraftwerk","1977","","100","0.01%","86.6472960%","Yes","","","","","","","","","","","","","","","","",""
"Kraftwerk","Autobahn","Album: Autobahn/ Artist: Kraftwerk","1974","","100","0.01%","86.6533434%","Yes","","","","","","","","","","","","","","","","",""
"Krallice","Crystallice Exhaustion","Album: Crystallice Exhaustion/ Artist: Krallice","2022","","100","0.01%","86.6593908%","Yes","","","","","","","","","","","","","","","","",""
"Krallice","Hyperion","Album: Hyperion/ Artist: Krallice","2016","","100","0.01%","86.6654382%","Yes","","","","","","","","","","","","","","","","",""
"Krallice","Years Past Matter","Album: Years Past Matter/ Artist: Krallice","2012","","100","0.01%","86.6714856%","Yes","","","","","","","","","","","","","","","","",""
"Kreator","Coma of Souls","Album: Coma of Souls/ Artist: Kreator","1990","","100","0.01%","86.6775330%","Yes","","","","","","","","","","","","","","","","",""
"Kreator","Extreme Agression","Album: Extreme Agression/ Artist: Kreator","1989","","100","0.01%","86.6835804%","Yes","","","","","","","","","","","","","","","","",""
"Kreator","Pleasure to Kill","Album: Pleasure to Kill/ Artist: Kreator","1986","","100","0.01%","86.6896278%","Yes","","","","","","","","","","","","","","","","",""
"Kristofer Maddigan","Cuphead Original Soundtrack","Album: Cuphead Original Soundtrack/ Artist: Kristofer Maddigan","2017","","100","0.01%","86.6956753%","Yes","","","","","","","","","","","","","","","","",""
"Kruder Dorfmeister","The K&D Sessions","Album: The K&D Sessions/ Artist: Kruder Dorfmeister","1998","","100","0.01%","86.7017227%","Yes","","","","","","","","","","","","","","","","",""
"Kurt Vile","Bottle It In","Album: Bottle It In/ Artist: Kurt Vile","2018","","100","0.01%","86.7077701%","Yes","","","","","","","","","","","","","","","","",""
"Kurt Vile","Walkin On a Pretty Daze","Album: Walkin On a Pretty Daze/ Artist: Kurt Vile","2013","","100","0.01%","86.7138175%","Yes","","","","","","","","","","","","","","","","",""
"Kurt Vile","Smoke Ring For My Halo","Album: Smoke Ring For My Halo/ Artist: Kurt Vile","2011","","100","0.01%","86.7198649%","Yes","","","","","","","","","","","","","","","","",""
"Kvelertak","Kvelertak","Album: Kvelertak/ Artist: Kvelertak","2010","","100","0.01%","86.7259123%","Yes","","","","","","","","","","","","","","","","",""
"Kyle Dixon & Michael Stein","Stranger Things, Vol 1","Album: Stranger Things, Vol 1/ Artist: Kyle Dixon & Michael Stein","2016","","100","0.01%","86.7319597%","Yes","","","","","","","","","","","","","","","","",""
"Kyuss","Welcome to SKy Valley","Album: Welcome to SKy Valley/ Artist: Kyuss","1994","","100","0.01%","86.7380071%","Yes","","","","","","","","","","","","","","","","",""
"Kyuss","Blues for the Red Sun","Album: Blues for the Red Sun/ Artist: Kyuss","1992","","100","0.01%","86.7440545%","Yes","","","","","","","","","","","","","","","","",""
"L7","Bricks Are Heavy","Album: Bricks Are Heavy/ Artist: L7","1992","","100","0.01%","86.7501020%","Yes","","","","","","","","","","","","","","","","",""
"La Dispute","Wildlife","Album: Wildlife/ Artist: La Dispute","2011","","100","0.01%","86.7561494%","Yes","","","","","","","","","","","","","","","","",""
"La Dispute","Somewhere at the Bottom of the River Between Vega and Altair","Album: Somewhere at the Bottom of the River Between Vega and Altair/ Artist: La Dispute","2008","","100","0.01%","86.7621968%","Yes","","","","","","","","","","","","","","","","",""
"La Máquina de Hacer Pájaros","La Máquina de Hacer Pájaros","Album: La Máquina de Hacer Pájaros/ Artist: La Máquina de Hacer Pájaros","1976","","100","0.01%","86.7682442%","Yes","","","","","","","","","","","","","","","","",""
"Labrinth","Euphoria (Original Score from the HBO series)","Album: Euphoria (Original Score from the HBO series)/ Artist: Labrinth","2019","","100","0.01%","86.7742916%","Yes","","","","","","","","","","","","","","","","",""
"Lady Gaga","MAYHEM","Album: MAYHEM/ Artist: Lady Gaga","2025","","100","0.01%","86.7803390%","Yes","","","","","","","","","","","","","","","","",""
"Lady Gaga","The Fame Monster","Album: The Fame Monster/ Artist: Lady Gaga","2009","","100","0.01%","86.7863864%","Yes","","","","","","","","","","","","","","","","",""
"Ladytron","Witching Hour","Album: Witching Hour/ Artist: Ladytron","2005","","100","0.01%","86.7924338%","Yes","","","","","","","","","","","","","","","","",""
"Lamb of God","Ashes of the Wake","Album: Ashes of the Wake/ Artist: Lamb of God","2004","","100","0.01%","86.7984813%","Yes","","","","","","","","","","","","","","","","",""
"Lambchop","Nixon","Album: Nixon/ Artist: Lambchop","2000","","100","0.01%","86.8045287%","Yes","","","","","","","","","","","","","","","","",""
"Lamp","Lamp Genso","Album: Lamp Genso/ Artist: Lamp","2008","","100","0.01%","86.8105761%","Yes","","","","","","","","","","","","","","","","",""
"Lamp","恋人へ [For Lovers]","Album: 恋人へ [For Lovers]/ Artist: Lamp","2004","","100","0.01%","86.8166235%","Yes","","","","","","","","","","","","","","","","",""
"Lana del Rey","Did you know that there is a tunnel under Ocean Blvd","Album: Did you know that there is a tunnel under Ocean Blvd/ Artist: Lana del Rey","2023","","100","0.01%","86.8226709%","Yes","","","","","","","","","","","","","","","","",""
"Lana del Rey","Blue Banisters","Album: Blue Banisters/ Artist: Lana del Rey","2021","","100","0.01%","86.8287183%","Yes","","","","","","","","","","","","","","","","",""
"Lana del Rey","Norman Fucking Rockwell","Album: Norman Fucking Rockwell/ Artist: Lana del Rey","2019","","100","0.01%","86.8347657%","Yes","","","","","","","","","","","","","","","","",""
"Late of The Pier","Fantasy Black Channel","Album: Fantasy Black Channel/ Artist: Late of The Pier","2008","","100","0.01%","86.8408131%","Yes","","","","","","","","","","","","","","","","",""
"Laufey","Bewitched","Album: Bewitched/ Artist: Laufey","2023","","100","0.01%","86.8468605%","Yes","","","","","","","","","","","","","","","","",""
"Laura Nyro","Eli and the Thirteenth Confession","Album: Eli and the Thirteenth Confession/ Artist: Laura Nyro","1968","","100","0.01%","86.8529080%","Yes","","","","","","","","","","","","","","","","",""
"Laurel ","Dust","Album: Dust/ Artist: Laurel ","2017","","100","0.01%","86.8589554%","Yes","","","","","","","","","","","","","","","","",""
"Lauryn Hill","The Miseducation of Lauryn Hill","Album: The Miseducation of Lauryn Hill/ Artist: Lauryn Hill","1998","","100","0.01%","86.8650028%","Yes","","","","","","","","","","","","","","","","",""
"LCD Soundsystem","American Dream","Album: American Dream/ Artist: LCD Soundsystem","2017","","100","0.01%","86.8710502%","Yes","","","","","","","","","","","","","","","","",""
"LCD Soundsystem","The Long Goodbye: LCD Soundsystem Live At Madison Square Garden","Album: The Long Goodbye: LCD Soundsystem Live At Madison Square Garden/ Artist: LCD Soundsystem","2014","","100","0.01%","86.8770976%","Yes","","","","","","","","","","","","","","","","",""
"LCD Soundsystem","This Is Happening","Album: This Is Happening/ Artist: LCD Soundsystem","2010","","100","0.01%","86.8831450%","Yes","","","","","","","","","","","","","","","","",""
"LCD Soundsystem","Sound of Silver","Album: Sound of Silver/ Artist: LCD Soundsystem","2007","","100","0.01%","86.8891924%","Yes","","","","","","","","","","","","","","","","",""
"LCD Soundsystem","45:33","Album: 45:33/ Artist: LCD Soundsystem","2006","","100","0.01%","86.8952398%","Yes","","","","","","","","","","","","","","","","",""
"LCD Soundsystem","LCD Soundsystem","Album: LCD Soundsystem/ Artist: LCD Soundsystem","2005","","100","0.01%","86.9012873%","Yes","","","","","","","","","","","","","","","","",""
"Le Tigre","Le Tigre","Album: Le Tigre/ Artist: Le Tigre","1991","","100","0.01%","86.9073347%","Yes","","","","","","","","","","","","","","","","",""
"Led Zeppelin","Coda","Album: Coda/ Artist: Led Zeppelin","1982","","100","0.01%","86.9133821%","Yes","","","","","","","","","","","","","","","","",""
"Led Zeppelin","Physical Graffiti","Album: Physical Graffiti/ Artist: Led Zeppelin","1975","","100","0.01%","86.9194295%","Yes","","","","","","","","","","","","","","","","",""
"Led Zeppelin","Houses of The Holy","Album: Houses of The Holy/ Artist: Led Zeppelin","1973","","100","0.01%","86.9254769%","Yes","","","","","","","","","","","","","","","","",""
"Led Zeppelin","Led Zeppelin IV","Album: Led Zeppelin IV/ Artist: Led Zeppelin","1971","","100","0.01%","86.9315243%","Yes","","","","","","","","","","","","","","","","",""
"Led Zeppelin","Led Zeppelin III","Album: Led Zeppelin III/ Artist: Led Zeppelin","1970","","100","0.01%","86.9375717%","Yes","","","","","","","","","","","","","","","","",""
"Led Zeppelin","Led Zeppelin","Album: Led Zeppelin/ Artist: Led Zeppelin","1969","","100","0.01%","86.9436191%","Yes","","","","","","","","","","","","","","","","",""
"Led Zeppelin","Led Zeppelin II","Album: Led Zeppelin II/ Artist: Led Zeppelin","1969","","100","0.01%","86.9496665%","Yes","","","","","","","","","","","","","","","","",""
"Led Zeppellin","Remasters","Album: Remasters/ Artist: Led Zeppellin","1990","","100","0.01%","86.9557140%","Yes","","","","","","","","","","","","","","","","",""
"Lee Morgan","The Sidewinder","Album: The Sidewinder/ Artist: Lee Morgan","1964","","100","0.01%","86.9617614%","Yes","","","","","","","","","","","","","","","","",""
"Leftfield","Leftism","Album: Leftism/ Artist: Leftfield","1995","","100","0.01%","86.9678088%","Yes","","","","","","","","","","","","","","","","",""
"Leikeli47","Shape Up","Album: Shape Up/ Artist: Leikeli47","2022","","100","0.01%","86.9738562%","Yes","","","","","","","","","","","","","","","","",""
"Lemon Demon","Spirit Phone","Album: Spirit Phone/ Artist: Lemon Demon","2016","","100","0.01%","86.9799036%","Yes","","","","","","","","","","","","","","","","",""
"Lemon Demon","Nature Tapes","Album: Nature Tapes/ Artist: Lemon Demon","2014","","100","0.01%","86.9859510%","Yes","","","","","","","","","","","","","","","","",""
"Lena Raine","Celeste","Album: Celeste/ Artist: Lena Raine","2018","","100","0.01%","86.9919984%","Yes","","","","","","","","","","","","","","","","",""
"Leo Kottke","6 & 12 Strings","Album: 6 & 12 Strings/ Artist: Leo Kottke","1969","","100","0.01%","86.9980458%","Yes","","","","","","","","","","","","","","","","",""
"Leon Vynehall","Nothing is Still","Album: Nothing is Still/ Artist: Leon Vynehall","2019","","100","0.01%","87.0040933%","Yes","","","","","","","","","","","","","","","","",""
"Leon Vynehall","Music for the Uninvited","Album: Music for the Uninvited/ Artist: Leon Vynehall","2014","","100","0.01%","87.0101407%","Yes","","","","","","","","","","","","","","","","",""
"Leonard Cohen","You Want it Darker","Album: You Want it Darker/ Artist: Leonard Cohen","2016","","100","0.01%","87.0161881%","Yes","","","","","","","","","","","","","","","","",""
"Leonard Cohen","The Essential Leonard Cohen CD1","Album: The Essential Leonard Cohen CD1/ Artist: Leonard Cohen","2002","","100","0.01%","87.0222355%","Yes","","","","","","","","","","","","","","","","",""
"Leonard Cohen","The Essential Leonard Cohen CD2","Album: The Essential Leonard Cohen CD2/ Artist: Leonard Cohen","2002","","100","0.01%","87.0282829%","Yes","","","","","","","","","","","","","","","","",""
"Leonard Cohen","I'm Your Man","Album: I'm Your Man/ Artist: Leonard Cohen","1988","","100","0.01%","87.0343303%","Yes","","","","","","","","","","","","","","","","",""
"Leonard Cohen","Songs of Love and Hate","Album: Songs of Love and Hate/ Artist: Leonard Cohen","1971","","100","0.01%","87.0403777%","Yes","","","","","","","","","","","","","","","","",""
"Leonard Cohen","Songs from a Room","Album: Songs from a Room/ Artist: Leonard Cohen","1969","","100","0.01%","87.0464251%","Yes","","","","","","","","","","","","","","","","",""
"Leonard Cohen","Songs of Leonard Cohen","Album: Songs of Leonard Cohen/ Artist: Leonard Cohen","1967","","100","0.01%","87.0524725%","Yes","","","","","","","","","","","","","","","","",""
"Leprous","The Congregation","Album: The Congregation/ Artist: Leprous","2015","","100","0.01%","87.0585200%","Yes","","","","","","","","","","","","","","","","",""
"leroy","Grave Robbing","Album: Grave Robbing/ Artist: leroy","2023","","100","0.01%","87.0645674%","No","","","","","","","","","","","","","","","","",""
"leroy","Dariacore 3... At least I think that's what it's called?","Album: Dariacore 3... At least I think that's what it's called?/ Artist: leroy","2021","","100","0.01%","87.0706148%","No","","","","","","","","","","","","","","","","",""
"leroy","Diaracore","Album: Diaracore/ Artist: leroy","2021","","100","0.01%","87.0766622%","No","","","","","","","","","","","","","","","","",""
"leroy","Diaracore 2: Enter Here, Hall To The Left","Album: Diaracore 2: Enter Here, Hall To The Left/ Artist: leroy","2021","","100","0.01%","87.0827096%","No","","","","","","","","","","","","","","","","",""
"Leviathan","Scar Sighted","Album: Scar Sighted/ Artist: Leviathan","2015","","100","0.01%","87.0887570%","Yes","","","","","","","","","","","","","","","","",""
"Liana Flores","Flower of the soul","Album: Flower of the soul/ Artist: Liana Flores","2024","","100","0.01%","87.0948044%","Yes","","","","","","","","","","","","","","","","",""
"Lianne Le Havas","Lianne Le Havas","Album: Lianne Le Havas/ Artist: Lianne Le Havas","2020","","100","0.01%","87.1008518%","Yes","","","","","","","","","","","","","","","","",""
"Liars","Mess","Album: Mess/ Artist: Liars","2014","","100","0.01%","87.1068993%","Yes","","","","","","","","","","","","","","","","",""
"Liars","WIXIW","Album: WIXIW/ Artist: Liars","2012","","100","0.01%","87.1129467%","Yes","","","","","","","","","","","","","","","","",""
"Liars","Liars","Album: Liars/ Artist: Liars","2007","","100","0.01%","87.1189941%","Yes","","","","","","","","","","","","","","","","",""
"Liars","Drum's Not Dead","Album: Drum's Not Dead/ Artist: Liars","2006","","100","0.01%","87.1250415%","Yes","","","","","","","","","","","","","","","","",""
"Liars","The Threw Us All On Top and Stuck a Momentum On Top","Album: The Threw Us All On Top and Stuck a Momentum On Top/ Artist: Liars","2001","","100","0.01%","87.1310889%","Yes","","","","","","","","","","","","","","","","",""
"Life Without Buildings","Any Other City","Album: Any Other City/ Artist: Life Without Buildings","2001","","100","0.01%","87.1371363%","Yes","","","","","","","","","","","","","","","","",""
"Lift To Experience","The Texas-Jerusalem Crossroads","Album: The Texas-Jerusalem Crossroads/ Artist: Lift To Experience","2001","","100","0.01%","87.1431837%","Yes","","","","","","","","","","","","","","","","",""
"Lightning Bolt","Sonic Citadel","Album: Sonic Citadel/ Artist: Lightning Bolt","2019","","100","0.01%","87.1492311%","Yes","","","","","","","","","","","","","","","","",""
"Lightning Bolt","Wonderful Rainbow","Album: Wonderful Rainbow/ Artist: Lightning Bolt","2003","","100","0.01%","87.1552785%","Yes","","","","","","","","","","","","","","","","",""
"Lil B ""The BasedGod""","God's Father","Album: God's Father/ Artist: Lil B ""The BasedGod""","2012","","100","0.01%","87.1613260%","Yes","","","","","","","","","","","","","","","","",""
"Lil B ""The BasedGod""","6 Kiss","Album: 6 Kiss/ Artist: Lil B ""The BasedGod""","2009","","100","0.01%","87.1673734%","Yes","","","","","","","","","","","","","","","","",""
"Lil Nas X","Montero","Album: Montero/ Artist: Lil Nas X","2021","","100","0.01%","87.1734208%","Yes","","","","","","","","","","","","","","","","",""
"Lil Peep","LiL PEEP; PART ONE","Album: LiL PEEP; PART ONE/ Artist: Lil Peep","2015","","100","0.01%","87.1794682%","Yes","","","","","","","","","","","","","","","","",""
"Lil Ugly Mane","Third Side of Tape","Album: Third Side of Tape/ Artist: Lil Ugly Mane","2015","","100","0.01%","87.1855156%","Yes","","","","","","","","","","","","","","","","",""
"Lil Ugly Mane","The Weeping Worm","Album: The Weeping Worm/ Artist: Lil Ugly Mane","2014","","100","0.01%","87.1915630%","Yes","","","","","","","","","","","","","","","","",""
"Lil Ugly Mane","Three Sided Tape Volume One","Album: Three Sided Tape Volume One/ Artist: Lil Ugly Mane","2013","","100","0.01%","87.1976104%","Yes","","","","","","","","","","","","","","","","",""
"Lil Ugly Mane","Mista Thug Isolation","Album: Mista Thug Isolation/ Artist: Lil Ugly Mane","2012","","100","0.01%","87.2036578%","Yes","","","","","","","","","","","","","","","","",""
"Lil Ugly Mane","Uneven Compromise","Album: Uneven Compromise/ Artist: Lil Ugly Mane","2012","","100","0.01%","87.2097053%","Yes","","","","","","","","","","","","","","","","",""
"Lil Wayne","The Carter II","Album: The Carter II/ Artist: Lil Wayne","2005","","100","0.01%","87.2157527%","","","","","","","","","","","","","","","","","",""
"Lil Wayne","The Carter III","Album: The Carter III/ Artist: Lil Wayne","2008","","100","0.01%","87.2218001%","Yes","","","","","","","","","","","","","","","","",""
"Lil Wayne","Da Drought 3","Album: Da Drought 3/ Artist: Lil Wayne","2007","","100","0.01%","87.2278475%","Yes","","","","","","","","","","","","","","","","",""
"Lil Wayne & DJ Drama","Dedication 2","Album: Dedication 2/ Artist: Lil Wayne & DJ Drama","2006","","100","0.01%","87.2338949%","Yes","","","","","","","","","","","","","","","","",""
"Lil Yachty","Let's Start Here","Album: Let's Start Here/ Artist: Lil Yachty","2023","","100","0.01%","87.2399423%","Yes","","","","","","","","","","","","","","","","",""
"Lily Allen","It's Not Me, It's You","Album: It's Not Me, It's You/ Artist: Lily Allen","2009","","100","0.01%","87.2459897%","Yes","","","","","","","","","","","","","","","","",""
"Lily Allen","Alright, Still","Album: Alright, Still/ Artist: Lily Allen","2006","","100","0.01%","87.2520371%","Yes","","","","","","","","","","","","","","","","",""
"Lily Chou-Chou","呼吸 (Kokyuu)","Album: 呼吸 (Kokyuu)/ Artist: Lily Chou-Chou","2001","","100","0.01%","87.2580845%","Yes","","","","","","","","","","","","","","","","",""
"Linda Perhacs","Parallelograms","Album: Parallelograms/ Artist: Linda Perhacs","1970","","100","0.01%","87.2641320%","Yes","","","","","","","","","","","","","","","","",""
"Lindstorm","Where You Go I Will Go Too","Album: Where You Go I Will Go Too/ Artist: Lindstorm","2008","","100","0.01%","87.2701794%","Yes","","","","","","","","","","","","","","","","",""
"Lingua Ignota","Caligula","Album: Caligula/ Artist: Lingua Ignota","2019","","100","0.01%","87.2762268%","Yes","","","","","","","","","","","","","","","","",""
"Linkin Park","Minutes to Midnight","Album: Minutes to Midnight/ Artist: Linkin Park","2007","","100","0.01%","87.2822742%","Yes","","","","","","","","","","","","","","","","",""
"Liquid Tension Experiment","Liquid Tension Experiment 2","Album: Liquid Tension Experiment 2/ Artist: Liquid Tension Experiment","1999","","100","0.01%","87.2883216%","Yes","","","","","","","","","","","","","","","","",""
"Liquid Tension Experiment","Liquid Tension Experiment","Album: Liquid Tension Experiment/ Artist: Liquid Tension Experiment","1998","","100","0.01%","87.2943690%","Yes","","","","","","","","","","","","","","","","",""
"Lisa Germano","Geek the Girl","Album: Geek the Girl/ Artist: Lisa Germano","1994","","100","0.01%","87.3004164%","Yes","","","","","","","","","","","","","","","","",""
"Litourgiya","Batushka","Album: Batushka/ Artist: Litourgiya","2015","","100","0.01%","87.3064638%","Yes","","","","","","","","","","","","","","","","",""
"Little Brother","The Minstrel Show","Album: The Minstrel Show/ Artist: Little Brother","2005","","100","0.01%","87.3125113%","Yes","","","","","","","","","","","","","","","","",""
"Little Jesus","Río Salvaje","Album: Río Salvaje/ Artist: Little Jesus","2016","","100","0.01%","87.3185587%","Yes","","","","","","","","","","","","","","","","",""
"Little Jesus","Norte","Album: Norte/ Artist: Little Jesus","2014","","100","0.01%","87.3246061%","Yes","","","","","","","","","","","","","","","","",""
"Little Simz","NO THANK YOU","Album: NO THANK YOU/ Artist: Little Simz","2022","","100","0.01%","87.3306535%","Yes","","","","","","","","","","","","","","","","",""
"Little Simz","Sometimes I May Be an Introvert","Album: Sometimes I May Be an Introvert/ Artist: Little Simz","2021","","100","0.01%","87.3367009%","Yes","","","","","","","","","","","","","","","","",""
"Little Simz","Grey Area","Album: Grey Area/ Artist: Little Simz","2019","","100","0.01%","87.3427483%","Yes","","","","","","","","","","","","","","","","",""
"Little Simz","Lotus","Album: Lotus/ Artist: Little Simz","2025","","100","0.01%","87.3487957%","Yes","","","","","","","","","","","","","","","","",""
"Little Women","Throat","Album: Throat/ Artist: Little Women","2010","","100","0.01%","87.3548431%","Yes","","","","","","","","","","","","","","","","",""
"Liturgy","93696","Album: 93696/ Artist: Liturgy","2023","","100","0.01%","87.3608905%","Yes","","","","","","","","","","","","","","","","",""
"Liturgy","H.A.Q.Q","Album: H.A.Q.Q/ Artist: Liturgy","2019","","100","0.01%","87.3669380%","Yes","","","","","","","","","","","","","","","","",""
"Liturgy","Aesthetica","Album: Aesthetica/ Artist: Liturgy","2011","","100","0.01%","87.3729854%","Yes","","","","","","","","","","","","","","","","",""
"Live","Throwing Copper","Album: Throwing Copper/ Artist: Live","1994","","100","0.01%","87.3790328%","Yes","","","","","","","","","","","","","","","","",""
"Liz Phair","Exile in Guyville","Album: Exile in Guyville/ Artist: Liz Phair","1993","","100","0.01%","87.3850802%","Yes","","","","","","","","","","","","","","","","",""
"Lizzo","Cuz I Love You (Deluxe)","Album: Cuz I Love You (Deluxe)/ Artist: Lizzo","2019","","100","0.01%","87.3911276%","Yes","","","","","","","","","","","","","","","","",""
"Local Natives","Gorilla Manor","Album: Gorilla Manor/ Artist: Local Natives","2009","","100","0.01%","87.3971750%","Yes","","","","","","","","","","","","","","","","",""
"Logic","Ultra 85","Album: Ultra 85/ Artist: Logic","2024","","100","0.01%","87.4032224%","Yes","","","","","","","","","","","","","","","","",""
"Lonnie Holley","Oh Me Oh My","Album: Oh Me Oh My/ Artist: Lonnie Holley","2023","","100","0.01%","87.4092698%","Yes","","","","","","","","","","","","","","","","",""
"Loona Odd Eye Circle","Mix & Match","Album: Mix & Match/ Artist: Loona Odd Eye Circle","2017","","100","0.01%","87.4153172%","Yes","","","","","","","","","","","","","","","","",""
"Lorde","Melodrama","Album: Melodrama/ Artist: Lorde","2017","","100","0.01%","87.4213647%","Yes","","","","","","","","","","","","","","","","",""
"Lorde","Pure Heroine","Album: Pure Heroine/ Artist: Lorde","2013","","100","0.01%","87.4274121%","Yes","","","","","","","","","","","","","","","","",""
"Lorde","Tennis Court","Album: Tennis Court/ Artist: Lorde","2013","","100","0.01%","87.4334595%","Yes","","","","","","","","","","","","","","","","",""
"Lorde","The Love Club","Album: The Love Club/ Artist: Lorde","2013","","100","0.01%","87.4395069%","Yes","","","","","","","","","","","","","","","","",""
"Lorde","Virgin","Album: Virgin/ Artist: Lorde","2025","","100","0.01%","87.4455543%","","","","","","","","","","","","","","","","","",""
"Lorelle Meets the Obsolete","De facto","Album: De facto/ Artist: Lorelle Meets the Obsolete","2019","","100","0.01%","87.4516017%","Yes","","","","","","","","","","","","","","","","",""
"Los Campesinos!","Hold On Now, Youngster...","Album: Hold On Now, Youngster.../ Artist: Los Campesinos!","2008","","100","0.01%","87.4576491%","Yes","","","","","","","","","","","","","","","","",""
"Los Cogelones","Hijos del Sol","Album: Hijos del Sol/ Artist: Los Cogelones","2020","","100","0.01%","87.4636965%","Yes","","","","","","","","","","","","","","","","",""
"Los Espíritus ","Aguardiante","Album: Aguardiante/ Artist: Los Espíritus ","2017","","100","0.01%","87.4697440%","Yes","","","","","","","","","","","","","","","","",""
"Los Jaivas","Alturas de Machu Pichu","Album: Alturas de Machu Pichu/ Artist: Los Jaivas","1981","","100","0.01%","87.4757914%","Yes","","","","","","","","","","","","","","","","",""
"Los Jaivas","Los Jaivas (El Indio)","Album: Los Jaivas (El Indio)/ Artist: Los Jaivas","1975","","100","0.01%","87.4818388%","Yes","","","","","","","","","","","","","","","","",""
"Los Mundos","Calor Central","Album: Calor Central/ Artist: Los Mundos","2019","","100","0.01%","87.4878862%","Yes","","","","","","","","","","","","","","","","",""
"Los Mundos","Ciudades Flotantes","Album: Ciudades Flotantes/ Artist: Los Mundos","2018","","100","0.01%","87.4939336%","Yes","","","","","","","","","","","","","","","","",""
"Los Mundos","Las Montañas","Album: Las Montañas/ Artist: Los Mundos","2016","","100","0.01%","87.4999810%","Yes","","","","","","","","","","","","","","","","",""
"Los Prisioneros","Corazones","Album: Corazones/ Artist: Los Prisioneros","1990","","100","0.01%","87.5060284%","Yes","","","","","","","","","","","","","","","","",""
"Los Prisioneros","Pateando Piedras","Album: Pateando Piedras/ Artist: Los Prisioneros","1986","","100","0.01%","87.5120758%","Yes","","","","","","","","","","","","","","","","",""
"Lou Reed","The Blue Mask","Album: The Blue Mask/ Artist: Lou Reed","1982","","100","0.01%","87.5181232%","Yes","","","","","","","","","","","","","","","","",""
"Lou Reed","Coney Island Baby","Album: Coney Island Baby/ Artist: Lou Reed","1976","","100","0.01%","87.5241707%","Yes","","","","","","","","","","","","","","","","",""
"Lou Reed","Berlin","Album: Berlin/ Artist: Lou Reed","1973","","100","0.01%","87.5302181%","Yes","","","","","","","","","","","","","","","","",""
"Lou Reed","Transformer","Album: Transformer/ Artist: Lou Reed","1972","","100","0.01%","87.5362655%","Yes","","","","","","","","","","","","","","","","",""
"Louis Armstrong","Portrait of the Artist as a Young Man (1923 - 1932)","Album: Portrait of the Artist as a Young Man (1923 - 1932)/ Artist: Louis Armstrong","2004","","100","0.01%","87.5423129%","Yes","","","","","","","","","","","","","","","","",""
"Louis Cole","Time","Album: Time/ Artist: Louis Cole","2018","","100","0.01%","87.5483603%","Yes","","","","","","","","","","","","","","","","",""
"Louis Jordan","Five Guys Named Moe: Original Decca Recordings Vol. 2","Album: Five Guys Named Moe: Original Decca Recordings Vol. 2/ Artist: Louis Jordan","1992","","100","0.01%","87.5544077%","Yes","","","","","","","","","","","","","","","","",""
"Louis Prima","The Wildest!","Album: The Wildest!/ Artist: Louis Prima","1956","","100","0.01%","87.5604551%","Yes","","","","","","","","","","","","","","","","",""
"Love","Forever Changes","Album: Forever Changes/ Artist: Love","1967","","100","0.01%","87.5665025%","Yes","","","","","","","","","","","","","","","","",""
"Low","HEY WHAT","Album: HEY WHAT/ Artist: Low","2021","","100","0.01%","87.5725500%","Yes","","","","","","","","","","","","","","","","",""
"Low","Double Negative","Album: Double Negative/ Artist: Low","2018","","100","0.01%","87.5785974%","Yes","","","","","","","","","","","","","","","","",""
"Low","Ones and Sixes","Album: Ones and Sixes/ Artist: Low","2016","","100","0.01%","87.5846448%","Yes","","","","","","","","","","","","","","","","",""
"Low","Cmon","Album: Cmon/ Artist: Low","2011","","100","0.01%","87.5906922%","Yes","","","","","","","","","","","","","","","","",""
"Low","Things We lost In the Fire","Album: Things We lost In the Fire/ Artist: Low","2001","","100","0.01%","87.5967396%","Yes","","","","","","","","","","","","","","","","",""
"Low","The Curtain Hits the Cast EP","Album: The Curtain Hits the Cast EP/ Artist: Low","1996","","100","0.01%","87.6027870%","Yes","","","","","","","","","","","","","","","","",""
"Low","I Could Live in Hope","Album: I Could Live in Hope/ Artist: Low","1994","","100","0.01%","87.6088344%","Yes","","","","","","","","","","","","","","","","",""
"Low Roar","0","Album: 0/ Artist: Low Roar","2014","","100","0.01%","87.6148818%","Yes","","","","","","","","","","","","","","","","",""
"Lucinda Williams","Car Wheels on a Gravel Road","Album: Car Wheels on a Gravel Road/ Artist: Lucinda Williams","1998","","100","0.01%","87.6209292%","Yes","","","","","","","","","","","","","","","","",""
"Lucio Battisti","Anima latina","Album: Anima latina/ Artist: Lucio Battisti","1974","","100","0.01%","87.6269767%","Yes","","","","","","","","","","","","","","","","",""
"Lucrecia Dalt","¡Ay!","Album: ¡Ay!/ Artist: Lucrecia Dalt","2022","","100","0.01%","87.6330241%","Yes","","","","","","","","","","","","","","","","",""
"Lucy Dacus ","Home Video","Album: Home Video/ Artist: Lucy Dacus ","2021","","100","0.01%","87.6390715%","Yes","","","","","","","","","","","","","","","","",""
"Lucy Dacus ","Historian","Album: Historian/ Artist: Lucy Dacus ","2018","","100","0.01%","87.6451189%","Yes","","","","","","","","","","","","","","","","",""
"Ludwig Göransson","Oppenheimer: Original Motion Picture Soundtrack","Album: Oppenheimer: Original Motion Picture Soundtrack/ Artist: Ludwig Göransson","2023","","100","0.01%","87.6511663%","Yes","","","","","","","","","","","","","","","","",""
"Ludwig Göransson","TENET (Original Motion Picture Soundtrack)","Album: TENET (Original Motion Picture Soundtrack)/ Artist: Ludwig Göransson","2020","","100","0.01%","87.6572137%","Yes","","","","","","","","","","","","","","","","",""
"LUMP","Animal","Album: Animal/ Artist: LUMP","2021","","100","0.01%","87.6632611%","Yes","","","","","","","","","","","","","","","","",""
"Luna Li","Jams EP","Album: Jams EP/ Artist: Luna Li","2021","","100","0.01%","87.6693085%","Yes","","","","","","","","","","","","","","","","",""
"Luomo","Vocalcity","Album: Vocalcity/ Artist: Luomo","2000","","100","0.01%","87.6753560%","Yes","","","","","","","","","","","","","","","","",""
"Lupe Fiasco","Tetsuo & Youth","Album: Tetsuo & Youth/ Artist: Lupe Fiasco","2015","","100","0.01%","87.6814034%","Yes","","","","","","","","","","","","","","","","",""
"Lush","Split","Album: Split/ Artist: Lush","1994","","100","0.01%","87.6874508%","Yes","","","","","","","","","","","","","","","","",""
"Lush","Spooky","Album: Spooky/ Artist: Lush","1992","","100","0.01%","87.6934982%","Yes","","","","","","","","","","","","","","","","",""
"Lush","Gala","Album: Gala/ Artist: Lush","1990","","100","0.01%","87.6995456%","Yes","","","","","","","","","","","","","","","","",""
"Lykke Li","I Never Learn","Album: I Never Learn/ Artist: Lykke Li","2014","","100","0.01%","87.7055930%","Yes","","","","","","","","","","","","","","","","",""
"Lykke Li","Wounded Rhymes","Album: Wounded Rhymes/ Artist: Lykke Li","2011","","100","0.01%","87.7116404%","Yes","","","","","","","","","","","","","","","","",""
"Lynyrd Skynyrd","Pronounced 'Lĕh-'nérd 'Skin-'nérd","Album: Pronounced 'Lĕh-'nérd 'Skin-'nérd/ Artist: Lynyrd Skynyrd","1973","","100","0.01%","87.7176878%","Yes","","","","","","","","","","","","","","","","",""
"M.I.A","Matangi","Album: Matangi/ Artist: M.I.A","2013","","100","0.01%","87.7237352%","Yes","","","","","","","","","","","","","","","","",""
"M.I.A","Kala","Album: Kala/ Artist: M.I.A","2007","","100","0.01%","87.7297827%","Yes","","","","","","","","","","","","","","","","",""
"M.I.A","Arular","Album: Arular/ Artist: M.I.A","2005","","100","0.01%","87.7358301%","Yes","","","","","","","","","","","","","","","","",""
"M.I.A.","Vicki Leekx","Album: Vicki Leekx/ Artist: M.I.A.","2010","","100","0.01%","87.7418775%","No","","","","","","","","","","","","","","","","",""
"M83","Hurry Up, We're Dreaming","Album: Hurry Up, We're Dreaming/ Artist: M83","2011","","100","0.01%","87.7479249%","Yes","","","","","","","","","","","","","","","","",""
"M83","Saturdays = Youth","Album: Saturdays = Youth/ Artist: M83","2008","","100","0.01%","87.7539723%","Yes","","","","","","","","","","","","","","","","",""
"M83","Before the Dawn Heals Us","Album: Before the Dawn Heals Us/ Artist: M83","2005","","100","0.01%","87.7600197%","Yes","","","","","","","","","","","","","","","","",""
"M83","Dead Cities, Red Seas & Lost Ghosts","Album: Dead Cities, Red Seas & Lost Ghosts/ Artist: M83","2003","","100","0.01%","87.7660671%","Yes","","","","","","","","","","","","","","","","",""
"Mabe Fratti","Se Ve Desde Aqui","Album: Se Ve Desde Aqui/ Artist: Mabe Fratti","2022","","100","0.01%","87.7721145%","Yes","","","","","","","","","","","","","","","","",""
"Mac DeMarco","This Old Dog","Album: This Old Dog/ Artist: Mac DeMarco","2017","","100","0.01%","87.7781620%","Yes","","","","","","","","","","","","","","","","",""
"Mac DeMarco","Another One","Album: Another One/ Artist: Mac DeMarco","2015","","100","0.01%","87.7842094%","Yes","","","","","","","","","","","","","","","","",""
"Mac DeMarco","Salad Days","Album: Salad Days/ Artist: Mac DeMarco","2014","","100","0.01%","87.7902568%","Yes","","","","","","","","","","","","","","","","",""
"Mac DeMarco","2","Album: 2/ Artist: Mac DeMarco","2012","","100","0.01%","87.7963042%","Yes","","","","","","","","","","","","","","","","",""
"Mac Miller","Swimming","Album: Swimming/ Artist: Mac Miller","2018","","100","0.01%","87.8023516%","Yes","","","","","","","","","","","","","","","","",""
"Mac Miller","Circles","Album: Circles/ Artist: Mac Miller","2020","","100","0.01%","87.8083990%","Yes","","","","","","","","","","","","","","","","",""
"Mac-Hommy","The G.A.T","Album: The G.A.T/ Artist: Mac-Hommy","2017","","100","0.01%","87.8144464%","No","","","","","","","","","","","","","","","","",""
"Mac-Hommy","HBO","Album: HBO/ Artist: Mac-Hommy","2016","","100","0.01%","87.8204938%","Yes","","","","","","","","","","","","","","","","",""
"Machine Girl","…Because I’m Young Arrogant and Hate Everything You Stand For","Album: …Because I’m Young Arrogant and Hate Everything You Stand For/ Artist: Machine Girl","2017","","100","0.01%","87.8265412%","Yes","","","","","","","","","","","","","","","","",""
"Machine Head","The Blackening","Album: The Blackening/ Artist: Machine Head","2007","","100","0.01%","87.8325887%","Yes","","","","","","","","","","","","","","","","",""
"Madeon","Pop Culture","Album: Pop Culture/ Artist: Madeon","2011","","100","0.01%","87.8386361%","No","","","","","","","","","","","","","","","","",""
"madlib","Sound Ancestors","Album: Sound Ancestors/ Artist: madlib","2021","","100","0.01%","87.8446835%","Yes","","","","","","","","","","","","","","","","",""
"Madlib","Shades Of Blue: Madlib Invades Blue Note","Album: Shades Of Blue: Madlib Invades Blue Note/ Artist: Madlib","2003","","100","0.01%","87.8507309%","Yes","","","","","","","","","","","","","","","","",""
"Madonna","Celebration (cd1)","Album: Celebration (cd1)/ Artist: Madonna","2009","","100","0.01%","87.8567783%","Yes","","","","","","","","","","","","","","","","",""
"Madonna","Celebration (cd2)","Album: Celebration (cd2)/ Artist: Madonna","2009","","100","0.01%","87.8628257%","Yes","","","","","","","","","","","","","","","","",""
"Madonna","Music","Album: Music/ Artist: Madonna","2000","","100","0.01%","87.8688731%","Yes","","","","","","","","","","","","","","","","",""
"Madonna","Ray of Light","Album: Ray of Light/ Artist: Madonna","1998","","100","0.01%","87.8749205%","Yes","","","","","","","","","","","","","","","","",""
"Madonna","Something to Remember","Album: Something to Remember/ Artist: Madonna","1995","","100","0.01%","87.8809680%","Yes","","","","","","","","","","","","","","","","",""
"Madonna","Bedtime Stories","Album: Bedtime Stories/ Artist: Madonna","1994","","100","0.01%","87.8870154%","Yes","","","","","","","","","","","","","","","","",""
"Madonna","Erotica","Album: Erotica/ Artist: Madonna","1992","","100","0.01%","87.8930628%","Yes","","","","","","","","","","","","","","","","",""
"Madonna","The Inmaculate Collection","Album: The Inmaculate Collection/ Artist: Madonna","1990","","100","0.01%","87.8991102%","Yes","","","","","","","","","","","","","","","","",""
"Madonna","Like A Prayer","Album: Like A Prayer/ Artist: Madonna","1989","","100","0.01%","87.9051576%","Yes","","","","","","","","","","","","","","","","",""
"Madonna","True Blue","Album: True Blue/ Artist: Madonna","1986","","100","0.01%","87.9112050%","Yes","","","","","","","","","","","","","","","","",""
"Madonna","Madonna","Album: Madonna/ Artist: Madonna","1983","","100","0.01%","87.9172524%","Yes","","","","","","","","","","","","","","","","",""
"Madvillain","Madvillainy","Album: Madvillainy/ Artist: Madvillain","2004","","100","0.01%","87.9232998%","Yes","","","","","","","","","","","","","","","","",""
"Madvillain","Madvillainy Instrumentals","Album: Madvillainy Instrumentals/ Artist: Madvillain","2004","","100","0.01%","87.9293472%","Yes","","","","","","","","","","","","","","","","",""
"Magazine","Real-Life","Album: Real-Life/ Artist: Magazine","1978","","100","0.01%","87.9353947%","Yes","","","","","","","","","","","","","","","","",""
"Magma","K.A","Album: K.A/ Artist: Magma","2004","","100","0.01%","87.9414421%","Yes","","","","","","","","","","","","","","","","",""
"Main Source","Breaking Atoms","Album: Breaking Atoms/ Artist: Main Source","1991","","100","0.01%","87.9474895%","Yes","","","","","","","","","","","","","","","","",""
"Makaveli","The Don Killuminati: The 7 Day Theory","Album: The Don Killuminati: The 7 Day Theory/ Artist: Makaveli","1996","","100","0.01%","87.9535369%","Yes","","","","","","","","","","","","","","","","",""
"Mandy, Indiana","I've seen a way","Album: I've seen a way/ Artist: Mandy, Indiana","2023","","100","0.01%","87.9595843%","Yes","","","","","","","","","","","","","","","","",""
"Mandy, Indiana","URGH","Album: URGH/ Artist: Mandy, Indiana","2025","","100","0.01%","87.9656317%","Yes","","","","","","","","","","","","","","","","",""
"Manfred Mann's Earth Band","Solar Fire","Album: Solar Fire/ Artist: Manfred Mann's Earth Band","1973","","100","0.01%","87.9716791%","","","","","","","","","","","","","","","","","",""
"Manic Street Preachers","Everything Must Go","Album: Everything Must Go/ Artist: Manic Street Preachers","1996","","100","0.01%","87.9777265%","Yes","","","","","","","","","","","","","","","","",""
"Manic Street Preachers","The Holy Bible","Album: The Holy Bible/ Artist: Manic Street Preachers","1994","","100","0.01%","87.9837739%","Yes","","","","","","","","","","","","","","","","",""
"Manilla Road","Crystal Logic","Album: Crystal Logic/ Artist: Manilla Road","1983","","100","0.01%","87.9898214%","Yes","","","","","","","","","","","","","","","","",""
"Mano Negra","Casa Babylon","Album: Casa Babylon/ Artist: Mano Negra","1994","","100","0.01%","87.9958688%","Yes","","","","","","","","","","","","","","","","",""
"Manu Chao","La Radiolina","Album: La Radiolina/ Artist: Manu Chao","2007","","100","0.01%","88.0019162%","Yes","","","","","","","","","","","","","","","","",""
"Manu Chao","Proxima Estacion: Esperanza","Album: Proxima Estacion: Esperanza/ Artist: Manu Chao","2001","","100","0.01%","88.0079636%","Yes","","","","","","","","","","","","","","","","",""
"Manu Chao","Clandestino","Album: Clandestino/ Artist: Manu Chao","1998","","100","0.01%","88.0140110%","Yes","","","","","","","","","","","","","","","","",""
"Manuel Göttsching","E2-E4","Album: E2-E4/ Artist: Manuel Göttsching","1984","","100","0.01%","88.0200584%","Yes","","","","","","","","","","","","","","","","",""
"Mariah Carey","Daydream","Album: Daydream/ Artist: Mariah Carey","1995","","100","0.01%","88.0261058%","Yes","","","","","","","","","","","","","","","","",""
"Mariam the Believer","Blood Donation","Album: Blood Donation/ Artist: Mariam the Believer","2013","","100","0.01%","88.0321532%","Yes","","","","","","","","","","","","","","","","",""
"Marillion","Clutching at Straws","Album: Clutching at Straws/ Artist: Marillion","1987","","100","0.01%","88.0382007%","Yes","","","","","","","","","","","","","","","","",""
"Marilyn Manson","Holy Wood (In The Shadows Of The Valley Of Death)","Album: Holy Wood (In The Shadows Of The Valley Of Death)/ Artist: Marilyn Manson","2000","","100","0.01%","88.0442481%","Yes","","","","","","","","","","","","","","","","",""
"Marilyn Manson","Mechanical Animals","Album: Mechanical Animals/ Artist: Marilyn Manson","1998","","100","0.01%","88.0502955%","Yes","","","","","","","","","","","","","","","","",""
"Marilyn Manson","Antichrist Superstar","Album: Antichrist Superstar/ Artist: Marilyn Manson","1996","","100","0.01%","88.0563429%","Yes","","","","","","","","","","","","","","","","",""
"Mario Galaxy Orchestra","Super Mario Galaxy: Original Soundtrack","Album: Super Mario Galaxy: Original Soundtrack/ Artist: Mario Galaxy Orchestra","2008","","100","0.01%","88.0623903%","No","","","","","","","","","","","","","","","","",""
"Mark Hollis","Mark Hollis","Album: Mark Hollis/ Artist: Mark Hollis","1988","","100","0.01%","88.0684377%","Yes","","","","","","","","","","","","","","","","",""
"Mark Kozelec & Jimmy LaValle","Perils from the Sea","Album: Perils from the Sea/ Artist: Mark Kozelec & Jimmy LaValle","2013","","100","0.01%","88.0744851%","Yes","","","","","","","","","","","","","","","","",""
"Maroja","Kocknarea","Album: Kocknarea/ Artist: Maroja","2023","","100","0.01%","88.0805325%","Yes","","","","","","","","","","","","","","","","",""
"Maruja","Connie's Well","Album: Connie's Well/ Artist: Maruja","2024","","100","0.01%","88.0865799%","Yes","","","","","","","","","","","","","","","","",""
"Maruja","Knocknarea","Album: Knocknarea/ Artist: Maruja","2023","","100","0.01%","88.0926274%","Yes","","","","","","","","","","","","","","","","",""
"Marvin Gaye","Here, My Dear","Album: Here, My Dear/ Artist: Marvin Gaye","1978","","100","0.01%","88.0986748%","Yes","","","","","","","","","","","","","","","","",""
"Marvin Gaye","I Want You","Album: I Want You/ Artist: Marvin Gaye","1976","","100","0.01%","88.1047222%","Yes","","","","","","","","","","","","","","","","",""
"Marvin Gaye","Let´s Get it On","Album: Let´s Get it On/ Artist: Marvin Gaye","1971","","100","0.01%","88.1107696%","Yes","","","","","","","","","","","","","","","","",""
"Marvin Gaye","What's Going on","Album: What's Going on/ Artist: Marvin Gaye","1971","","100","0.01%","88.1168170%","Yes","","","","","","","","","","","","","","","","",""
"Masayoshi Takanaka","The Rainbow Goblins","Album: The Rainbow Goblins/ Artist: Masayoshi Takanaka","1981","","100","0.01%","88.1228644%","No","","","","","","","","","","","","","","","","",""
"Masayoshi Takanaka","AN INSATIABLE HIGH","Album: AN INSATIABLE HIGH/ Artist: Masayoshi Takanaka","1977","","100","0.01%","88.1289118%","Yes","","","","","","","","","","","","","","","","",""
"Masayoshi Takanaka","TAKANAKA","Album: TAKANAKA/ Artist: Masayoshi Takanaka","1977","","100","0.01%","88.1349592%","Yes","","","","","","","","","","","","","","","","",""
"Masayoshi Takanaka","Brasilian Skies","Album: Brasilian Skies/ Artist: Masayoshi Takanaka","1978","","100","0.01%","88.1410067%","Yes","","","","","","","","","","","","","","","","",""
"Masayoshi Takanaka","Seychelles","Album: Seychelles/ Artist: Masayoshi Takanaka","1976","","100","0.01%","88.1470541%","Yes","","","","","","","","","","","","","","","","",""
"MASS OF THE FERMENTING DREGS","World is yours","Album: World is yours/ Artist: MASS OF THE FERMENTING DREGS","2009","","100","0.01%","88.1531015%","Yes","","","","","","","","","","","","","","","","",""
"MASS OF THE FERMENTING DREGS","MASS OF THE FERMENTING DREGS","Album: MASS OF THE FERMENTING DREGS/ Artist: MASS OF THE FERMENTING DREGS","2008","","100","0.01%","88.1591489%","Yes","","","","","","","","","","","","","","","","",""
"Massive Attack","Ritual Spirit","Album: Ritual Spirit/ Artist: Massive Attack","2016","","100","0.01%","88.1651963%","Yes","","","","","","","","","","","","","","","","",""
"Massive Attack","Collected","Album: Collected/ Artist: Massive Attack","2006","","100","0.01%","88.1712437%","Yes","","","","","","","","","","","","","","","","",""
"Massive Attack","Mezzanine","Album: Mezzanine/ Artist: Massive Attack","1998","","100","0.01%","88.1772911%","Yes","","","","","","","","","","","","","","","","",""
"Massive Attack","Protection","Album: Protection/ Artist: Massive Attack","1994","","100","0.01%","88.1833385%","Yes","","","","","","","","","","","","","","","","",""
"Massive Attack","Blue Lines","Album: Blue Lines/ Artist: Massive Attack","1991","","100","0.01%","88.1893859%","Yes","","","","","","","","","","","","","","","","",""
"Mastodon","Crack the Skye","Album: Crack the Skye/ Artist: Mastodon","2009","","100","0.01%","88.1954334%","Yes","","","","","","","","","","","","","","","","",""
"Mastodon","Blood Mountain","Album: Blood Mountain/ Artist: Mastodon","2006","","100","0.01%","88.2014808%","Yes","","","","","","","","","","","","","","","","",""
"Mastodon","Leviathan","Album: Leviathan/ Artist: Mastodon","2004","","100","0.01%","88.2075282%","Yes","","","","","","","","","","","","","","","","",""
"Mastodon","Remission","Album: Remission/ Artist: Mastodon","2002","","100","0.01%","88.2135756%","Yes","","","","","","","","","","","","","","","","",""
"Matana Roberts","COIN COIN Chapter Four: Memphis","Album: COIN COIN Chapter Four: Memphis/ Artist: Matana Roberts","2019","","100","0.01%","88.2196230%","Yes","","","","","","","","","","","","","","","","",""
"Matana Roberts","Coin Coin Chapter One: Gens De Couleur Libre","Album: Coin Coin Chapter One: Gens De Couleur Libre/ Artist: Matana Roberts","2011","","100","0.01%","88.2256704%","Yes","","","","","","","","","","","","","","","","",""
"Matmos","Plastic Anniversary","Album: Plastic Anniversary/ Artist: Matmos","2019","","100","0.01%","88.2317178%","Yes","","","","","","","","","","","","","","","","",""
"Matmos","A Chance To Cut is a Chance to Cure","Album: A Chance To Cut is a Chance to Cure/ Artist: Matmos","2001","","100","0.01%","88.2377652%","Yes","","","","","","","","","","","","","","","","",""
"Matt Elliott","Drinking Songs","Album: Drinking Songs/ Artist: Matt Elliott","2005","","100","0.01%","88.2438127%","Yes","","","","","","","","","","","","","","","","",""
"maudlin of the Well","Bath","Album: Bath/ Artist: maudlin of the Well","2001","","100","0.01%","88.2498601%","Yes","","","","","","","","","","","","","","","","",""
"Maudlin of the Well","Leaving Your Body Map","Album: Leaving Your Body Map/ Artist: Maudlin of the Well","2001","","100","0.01%","88.2559075%","Yes","","","","","","","","","","","","","","","","",""
"Maurizio","MCD","Album: MCD/ Artist: Maurizio","1997","","100","0.01%","88.2619549%","No","","","","","","","","","","","","","","","","",""
"MAVI","Shadowbox","Album: Shadowbox/ Artist: MAVI","2024","","100","0.01%","88.2680023%","Yes","","","","","","","","","","","","","","","","",""
"MAVI","Laughing so Hard, It Hurts","Album: Laughing so Hard, It Hurts/ Artist: MAVI","2022","","100","0.01%","88.2740497%","Yes","","","","","","","","","","","","","","","","",""
"MAVI","Let The Sun Talk","Album: Let The Sun Talk/ Artist: MAVI","2019","","100","0.01%","88.2800971%","Yes","","","","","","","","","","","","","","","","",""
"Max Roach","We Insist! Max Roach's Freedom Now Suite","Album: We Insist! Max Roach's Freedom Now Suite/ Artist: Max Roach","1961","","100","0.01%","88.2861445%","Yes","","","","","","","","","","","","","","","","",""
"Maxwell","Maxwell's Urban Hang Suite","Album: Maxwell's Urban Hang Suite/ Artist: Maxwell","1996","","100","0.01%","88.2921919%","Yes","","","","","","","","","","","","","","","","",""
"Mayhem","De Mysteriis Dom Sathanas","Album: De Mysteriis Dom Sathanas/ Artist: Mayhem","1994","","100","0.01%","88.2982394%","Yes","","","","","","","","","","","","","","","","",""
"Mazzy Star","Among My Swan","Album: Among My Swan/ Artist: Mazzy Star","1996","","100","0.01%","88.3042868%","Yes","","","","","","","","","","","","","","","","",""
"Mazzy Star","So Tonight That I Might See","Album: So Tonight That I Might See/ Artist: Mazzy Star","1993","","100","0.01%","88.3103342%","Yes","","","","","","","","","","","","","","","","",""
"MC Tha","Rito de Passá","Album: Rito de Passá/ Artist: MC Tha","2019","","100","0.01%","88.3163816%","Yes","","","","","","","","","","","","","","","","",""
"MC5 ","Kick Out The Jams","Album: Kick Out The Jams/ Artist: MC5 ","1969","","100","0.01%","88.3224290%","Yes","","","","","","","","","","","","","","","","",""
"McKinley Dixon","Beloved! Paradise! Jazz?!","Album: Beloved! Paradise! Jazz?!/ Artist: McKinley Dixon","2023","","100","0.01%","88.3284764%","Yes","","","","","","","","","","","","","","","","",""
"The Exploding Hearts","Guitar Romantic","Album: Guitar Romantic/ Artist: The Exploding Hearts","2003","","100","0.01%","88.3345238%","","","","","","","","","","","","","","","","","",""
"McKinley Dixon","For My Mama and Anyone Who Look Like Her","Album: For My Mama and Anyone Who Look Like Her/ Artist: McKinley Dixon","2021","","100","0.01%","88.3405712%","Yes","","","","","","","","","","","","","","","","",""
"Ted Leo and the Pharmacists","Hearts of Oak ","Album: Hearts of Oak / Artist: Ted Leo and the Pharmacists","2003","","100","0.01%","88.3466187%","","","","","","","","","","","","","","","","","",""
"McKinley Dixon","Magic, Alive!","Album: Magic, Alive!/ Artist: McKinley Dixon","2025","","100","0.01%","88.3526661%","Yes","","","","","","","","","","","","","","","","",""
"Mclusky","Mclusky Do Dallas","Album: Mclusky Do Dallas/ Artist: Mclusky","2002","","100","0.01%","88.3587135%","Yes","","","","","","","","","","","","","","","","",""
"Meat Puppets","Up on the Sun","Album: Up on the Sun/ Artist: Meat Puppets","1985","","100","0.01%","88.3647609%","No","","","","","","","","","","","","","","","","",""
"Meat Puppets","Meat Puppets II","Album: Meat Puppets II/ Artist: Meat Puppets","1984","","100","0.01%","88.3708083%","No","","","","","","","","","","","","","","","","",""
"Mecano","Descanso Dominical","Album: Descanso Dominical/ Artist: Mecano","1988","","100","0.01%","88.3768557%","Yes","","","","","","","","","","","","","","","","",""
"Clinic","Internal Wrangler","Album: Internal Wrangler/ Artist: Clinic","2000","","100","0.01%","88.3829031%","","","","","","","","","","","","","","","","","",""
"The Rapture","Echoes","Album: Echoes/ Artist: The Rapture","2003","","100","0.01%","88.3889505%","","","","","","","","","","","","","","","","","",""
"Medeski, Martin and Wood","Combustication","Album: Combustication/ Artist: Medeski, Martin and Wood","1998","","100","0.01%","88.3949979%","Yes","","","","","","","","","","","","","","","","",""
"Megadeth","Rust in Peace","Album: Rust in Peace/ Artist: Megadeth","1990","","100","0.01%","88.4010454%","Yes","","","","","","","","","","","","","","","","",""
"Megadeth","Peace Sells… But Whp's Buying?","Album: Peace Sells… But Whp's Buying?/ Artist: Megadeth","1986","","100","0.01%","88.4070928%","Yes","","","","","","","","","","","","","","","","",""
"Melody's Echo Chamber","Bon Voyage","Album: Bon Voyage/ Artist: Melody's Echo Chamber","2018","","100","0.01%","88.4131402%","Yes","","","","","","","","","","","","","","","","",""
"Melvins","Houdini","Album: Houdini/ Artist: Melvins","1993","","100","0.01%","88.4191876%","Yes","","","","","","","","","","","","","","","","",""
"Menomena","I Am the Fun Blame Monster","Album: I Am the Fun Blame Monster/ Artist: Menomena","2003","","100","0.01%","88.4252350%","Yes","","","","","","","","","","","","","","","","",""
"Mercury Rev","Deserter's Songs","Album: Deserter's Songs/ Artist: Mercury Rev","1998","","100","0.01%","88.4312824%","Yes","","","","","","","","","","","","","","","","",""
"The Clean","Compilation","Album: Compilation/ Artist: The Clean","1988","","100","0.01%","88.4373298%","","","","","","","","","","","","","","","","","",""
"Mercyful Fate","Don't Break the Oath","Album: Don't Break the Oath/ Artist: Mercyful Fate","1984","","100","0.01%","88.4433772%","Yes","","","","","","","","","","","","","","","","",""
"The Clientele","Suburban Light","Album: Suburban Light/ Artist: The Clientele","2000","","100","0.01%","88.4494247%","","","","","","","","","","","","","","","","","",""
"Junior Boys","So This Is Goodbye","Album: So This Is Goodbye/ Artist: Junior Boys","2006","","100","0.01%","88.4554721%","","","","","","","","","","","","","","","","","",""
"Junior Boys","Last Exit","Album: Last Exit/ Artist: Junior Boys","2004","","100","0.01%","88.4615195%","","","","","","","","","","","","","","","","","",""
"Mercyful Fate","Melissa","Album: Melissa/ Artist: Mercyful Fate","1983","","100","0.01%","88.4675669%","Yes","","","","","","","","","","","","","","","","",""
"Meridian Brothers","Meridian Brothers & El Grupo Renacimiento","Album: Meridian Brothers & El Grupo Renacimiento/ Artist: Meridian Brothers","2022","","100","0.01%","88.4736143%","Yes","","","","","","","","","","","","","","","","",""
"Meridian Brothers","Cumbia Siglo XXI","Album: Cumbia Siglo XXI/ Artist: Meridian Brothers","2020","","100","0.01%","88.4796617%","Yes","","","","","","","","","","","","","","","","",""
"Meshuggah","obZen","Album: obZen/ Artist: Meshuggah","2008","","100","0.01%","88.4857091%","Yes","","","","","","","","","","","","","","","","",""
"Rites of Spring","Rites of Spring","Album: Rites of Spring/ Artist: Rites of Spring","1985","","100","0.01%","88.4917565%","","","","","","","","","","","","","","","","","",""
"Anita Baker","Rapture","Album: Rapture/ Artist: Anita Baker","1986","","100","0.01%","88.4978039%","","","","","","","","","","","","","","","","","",""
"Meshuggah","I","Album: I/ Artist: Meshuggah","2004","","100","0.01%","88.5038514%","Yes","","","","","","","","","","","","","","","","",""
"Meshuggah","Chaosphere","Album: Chaosphere/ Artist: Meshuggah","1998","","100","0.01%","88.5098988%","Yes","","","","","","","","","","","","","","","","",""
"Meshuggah","Destroy Erase Improve","Album: Destroy Erase Improve/ Artist: Meshuggah","1995","","100","0.01%","88.5159462%","Yes","","","","","","","","","","","","","","","","",""
"Metallica","The Black Album","Album: The Black Album/ Artist: Metallica","1991","","100","0.01%","88.5219936%","Yes","","","","","","","","","","","","","","","","",""
"Metallica","…And Justice for All","Album: …And Justice for All/ Artist: Metallica","1988","","100","0.01%","88.5280410%","Yes","","","","","","","","","","","","","","","","",""
"Metallica","Master Of Puppets","Album: Master Of Puppets/ Artist: Metallica","1986","","100","0.01%","88.5340884%","Yes","","","","","","","","","","","","","","","","",""
"Midori Takada","Through the Looking Glass","Album: Through the Looking Glass/ Artist: Midori Takada","1983","","100","0.01%","88.5401358%","","","","","","","","","","","","","","","","","",""
"Metallica","Ride The Lightning","Album: Ride The Lightning/ Artist: Metallica","1984","","100","0.01%","88.5461832%","Yes","","","","","","","","","","","","","","","","",""
"Metallica","Kill Em' All","Album: Kill Em' All/ Artist: Metallica","1983","","100","0.01%","88.5522307%","Yes","","","","","","","","","","","","","","","","",""
"Method Man & Redman","Blackout!","Album: Blackout!/ Artist: Method Man & Redman","1999","","100","0.01%","88.5582781%","Yes","","","","","","","","","","","","","","","","",""
"Metric","Fantasies","Album: Fantasies/ Artist: Metric","2009","","100","0.01%","88.5643255%","Yes","","","","","","","","","","","","","","","","",""
"Metronomy","The English Riviera","Album: The English Riviera/ Artist: Metronomy","2011","","100","0.01%","88.5703729%","Yes","","","","","","","","","","","","","","","","",""
"METZ","METZ","Album: METZ/ Artist: METZ","2012","","100","0.01%","88.5764203%","Yes","","","","","","","","","","","","","","","","",""
"Mew","Frengers","Album: Frengers/ Artist: Mew","2003","","100","0.01%","88.5824677%","Yes","","","","","","","","","","","","","","","","",""
"mewithoutYou","Brother, Sister","Album: Brother, Sister/ Artist: mewithoutYou","2006","","100","0.01%","88.5885151%","Yes","","","","","","","","","","","","","","","","",""
"mewithoutYou","Catch for Us the Foxes","Album: Catch for Us the Foxes/ Artist: mewithoutYou","2004","","100","0.01%","88.5945625%","Yes","","","","","","","","","","","","","","","","",""
"MF Doom","Mm… Food","Album: Mm… Food/ Artist: MF Doom","2004","","100","0.01%","88.6006099%","Yes","","","","","","","","","","","","","","","","",""
"MF Doom","Operation: Doomsday","Album: Operation: Doomsday/ Artist: MF Doom","1999","","100","0.01%","88.6066574%","Yes","","","","","","","","","","","","","","","","",""
"Mgla","Exercises in Futility","Album: Exercises in Futility/ Artist: Mgla","2015","","100","0.01%","88.6127048%","Yes","","","","","","","","","","","","","","","","",""
"MGMT","Loss of Life","Album: Loss of Life/ Artist: MGMT","2024","","100","0.01%","88.6187522%","Yes","","","","","","","","","","","","","","","","",""
"MGMT","Little Dark Ages","Album: Little Dark Ages/ Artist: MGMT","2018","","100","0.01%","88.6247996%","Yes","","","","","","","","","","","","","","","","",""
"MGMT","Late Night Tales (MGMT)","Album: Late Night Tales (MGMT)/ Artist: MGMT","2011","","100","0.01%","88.6308470%","Yes","","","","","","","","","","","","","","","","",""
"MGMT","Congratulations","Album: Congratulations/ Artist: MGMT","2010","","100","0.01%","88.6368944%","Yes","","","","","","","","","","","","","","","","",""
"MGMT","Oracular Spectacular","Album: Oracular Spectacular/ Artist: MGMT","2007","","100","0.01%","88.6429418%","Yes","","","","","","","","","","","","","","","","",""
"Michael Hurley/The Unholy Modal Rounders/Jeffrey Frederick & The Clamtones","Have Moicy!","Album: Have Moicy!/ Artist: Michael Hurley/The Unholy Modal Rounders/Jeffrey Frederick & The Clamtones","1976","","100","0.01%","88.6489892%","Yes","","","","","","","","","","","","","","","","",""
"Michael Jackson","Bad","Album: Bad/ Artist: Michael Jackson","1987","","100","0.01%","88.6550366%","Yes","","","","","","","","","","","","","","","","",""
"Michael Jackson","Thriller","Album: Thriller/ Artist: Michael Jackson","1982","","100","0.01%","88.6610841%","Yes","","","","","","","","","","","","","","","","",""
"Michael Jackson","Off the Wall","Album: Off the Wall/ Artist: Michael Jackson","1979","","100","0.01%","88.6671315%","Yes","","","","","","","","","","","","","","","","",""
"Michael Kiwanuka","Small Changes","Album: Small Changes/ Artist: Michael Kiwanuka","2024","","100","0.01%","88.6731789%","Yes","","","","","","","","","","","","","","","","",""
"Michael Kiwanuka","KIWANUKA","Album: KIWANUKA/ Artist: Michael Kiwanuka","2019","","100","0.01%","88.6792263%","Yes","","","","","","","","","","","","","","","","",""
"Michael Mayer","Immer","Album: Immer/ Artist: Michael Mayer","2002","","100","0.01%","88.6852737%","Yes","","","","","","","","","","","","","","","","",""
"Mick Gordon","Doom: Original Game Soundtrack","Album: Doom: Original Game Soundtrack/ Artist: Mick Gordon","2016","","100","0.01%","88.6913211%","Yes","","","","","","","","","","","","","","","","",""
"Mick Jenkins","The Water[s]","Album: The Water[s]/ Artist: Mick Jenkins","2014","","100","0.01%","88.6973685%","Yes","","","","","","","","","","","","","","","","",""
"Mid-Air Thief","Crumbling","Album: Crumbling/ Artist: Mid-Air Thief","2019","","100","0.01%","88.7034159%","Yes","","","","","","","","","","","","","","","","",""
"Mighty Sparrow","Volume One","Album: Volume One/ Artist: Mighty Sparrow","1993","","100","0.01%","88.7094634%","Yes","","","","","","","","","","","","","","","","",""
"Miguel","Kaleidoscope Dream","Album: Kaleidoscope Dream/ Artist: Miguel","2012","","100","0.01%","88.7155108%","Yes","","","","","","","","","","","","","","","","",""
"MIKE","Showbiz!","Album: Showbiz!/ Artist: MIKE","2025","","100","0.01%","88.7215582%","Yes","","","","","","","","","","","","","","","","",""
"MIKE","Burning Desire!","Album: Burning Desire!/ Artist: MIKE","2023","","100","0.01%","88.7276056%","Yes","","","","","","","","","","","","","","","","",""
"MIKE","tears of joy","Album: tears of joy/ Artist: MIKE","2019","","100","0.01%","88.7336530%","Yes","","","","","","","","","","","","","","","","",""
"MIKE","May God Bless your Hustle","Album: May God Bless your Hustle/ Artist: MIKE","2017","","100","0.01%","88.7397004%","Yes","","","","","","","","","","","","","","","","",""
"Mike Oldfield","Ommadawn","Album: Ommadawn/ Artist: Mike Oldfield","1975","","100","0.01%","88.7457478%","Yes","","","","","","","","","","","","","","","","",""
"Mike Oldfield","Tubular Bells","Album: Tubular Bells/ Artist: Mike Oldfield","1973","","100","0.01%","88.7517952%","Yes","","","","","","","","","","","","","","","","",""
"MIKE, Tony Seltzer","Pinball","Album: Pinball/ Artist: MIKE, Tony Seltzer","2024","","100","0.01%","88.7578426%","Yes","","","","","","","","","","","","","","","","",""
"M.I.A. / Diplo","Piracy Funds Terrorism, Vol. 1","Album: Piracy Funds Terrorism, Vol. 1/ Artist: M.I.A. / Diplo","2004","","100","0.01%","88.7638901%","","","","","","","","","","","","","","","","","",""
"Miles David","Filles de Kilimanjaro","Album: Filles de Kilimanjaro/ Artist: Miles David","1969","","100","0.01%","88.7699375%","Yes","","","","","","","","","","","","","","","","",""
"Miles Davis","Miles Davis","Album: Miles Davis/ Artist: Miles Davis","1974","","100","0.01%","88.7759849%","Yes","","","","","","","","","","","","","","","","",""
"Miles Davis","On the Corner","Album: On the Corner/ Artist: Miles Davis","1972","","100","0.01%","88.7820323%","Yes","","","","","","","","","","","","","","","","",""
"Miles Davis","A Tribute to Jack Johnson","Album: A Tribute to Jack Johnson/ Artist: Miles Davis","1971","","100","0.01%","88.7880797%","Yes","","","","","","","","","","","","","","","","",""
"Miles Davis","Live-Evil","Album: Live-Evil/ Artist: Miles Davis","1971","","100","0.01%","88.7941271%","Yes","","","","","","","","","","","","","","","","",""
"Miles Davis","Bitches Brew","Album: Bitches Brew/ Artist: Miles Davis","1969","","100","0.01%","88.8001745%","Yes","","","","","","","","","","","","","","","","",""
"Miles Davis","In a Silent Way","Album: In a Silent Way/ Artist: Miles Davis","1969","","100","0.01%","88.8062219%","Yes","","","","","","","","","","","","","","","","",""
"Miles Davis","Miles Smiles","Album: Miles Smiles/ Artist: Miles Davis","1962","","100","0.01%","88.8122694%","Yes","","","","","","","","","","","","","","","","",""
"Miles Davis","Nefertiti","Album: Nefertiti/ Artist: Miles Davis","1962","","100","0.01%","88.8183168%","Yes","","","","","","","","","","","","","","","","",""
"Miles Davis","Sketches of Spain","Album: Sketches of Spain/ Artist: Miles Davis","1960","","100","0.01%","88.8243642%","Yes","","","","","","","","","","","","","","","","",""
"Miles Davis","Kind of Blue","Album: Kind of Blue/ Artist: Miles Davis","1959","","100","0.01%","88.8304116%","Yes","","","","","","","","","","","","","","","","",""
"Miles Davis","Birth of the Cool","Album: Birth of the Cool/ Artist: Miles Davis","1957","","100","0.01%","88.8364590%","Yes","","","","","","","","","","","","","","","","",""
"Milo","So The Flies Don't Come","Album: So The Flies Don't Come/ Artist: Milo","2015","","100","0.01%","88.8425064%","Yes","","","","","","","","","","","","","","","","",""
"Milo","Things That Happen At Night","Album: Things That Happen At Night/ Artist: Milo","2013","","100","0.01%","88.8485538%","Yes","","","","","","","","","","","","","","","","",""
"Milton Nascimento & Lo Borges","Clube Da Esquina","Album: Clube Da Esquina/ Artist: Milton Nascimento & Lo Borges","1972","","100","0.01%","88.8546012%","Yes","","","","","","","","","","","","","","","","",""
"Ministry","Psalm 69: The Way To Succeed and The Way To Suck Eggs","Album: Psalm 69: The Way To Succeed and The Way To Suck Eggs/ Artist: Ministry","1992","","100","0.01%","88.8606486%","Yes","","","","","","","","","","","","","","","","",""
"Ninajirachi","I Love My Computer","Album: I Love My Computer/ Artist: Ninajirachi","2025","","100","0.01%","88.8666961%","Yes","","","","","","","","","","","","","","","","",""
"Rihanna","ANTI","Album: ANTI/ Artist: Rihanna","2014","","100","0.01%","88.8727435%","","","","","","","","","","","","","","","","","",""
"Minnie Riperton","Come to My Garden","Album: Come to My Garden/ Artist: Minnie Riperton","1970","","100","0.01%","88.8787909%","Yes","","","","","","","","","","","","","","","","",""
"Minor Threat","Out of Step","Album: Out of Step/ Artist: Minor Threat","1983","","100","0.01%","88.8848383%","Yes","","","","","","","","","","","","","","","","",""
"DJ Rashad","Double Cup","Album: Double Cup/ Artist: DJ Rashad","2013","","100","0.01%","88.8908857%","","","","","","","","","","","","","","","","","",""
"Minor Threat","Minor Threat","Album: Minor Threat/ Artist: Minor Threat","1981","","100","0.01%","88.8969331%","Yes","","","","","","","","","","","","","","","","",""
"Minutemen","Double Nickels on the Dime (Disc 1)","Album: Double Nickels on the Dime (Disc 1)/ Artist: Minutemen","1984","","100","0.01%","88.9029805%","Yes","","","","","","","","","","","","","","","","",""
"Minutemen","Double Nickels on the Dime (Disc 2)","Album: Double Nickels on the Dime (Disc 2)/ Artist: Minutemen","1984","","100","0.01%","88.9090279%","Yes","","","","","","","","","","","","","","","","",""
"By Storm","My Ghosts Go Ghost","Album: My Ghosts Go Ghost/ Artist: By Storm","1984","","100","0.01%","88.9150754%","Yes","","","","","","","","","","","","","","","","",""
"Minutemen","Double Nickels on the Dime (Disc 3)","Album: Double Nickels on the Dime (Disc 3)/ Artist: Minutemen","1984","","100","0.01%","88.9211228%","Yes","","","","","","","","","","","","","","","","",""
"Minutemen","Double Nickels on the Dime (Disc 4)","Album: Double Nickels on the Dime (Disc 4)/ Artist: Minutemen","1984","","100","0.01%","88.9271702%","Yes","","","","","","","","","","","","","","","","",""
"Miranda Lambert","The Weight of These Wings","Album: The Weight of These Wings/ Artist: Miranda Lambert","2016","","100","0.01%","88.9332176%","Yes","","","","","","","","","","","","","","","","",""
"Misfits","Misfits","Album: Misfits/ Artist: Misfits","1986","","100","0.01%","88.9392650%","No","","","","","","","","","","","","","","","","",""
"Misfits","Beware","Album: Beware/ Artist: Misfits","1980","","100","0.01%","88.9453124%","No","","","","","","","","","","","","","","","","",""
"Misfits","Static Age","Album: Static Age/ Artist: Misfits","1997","","100","0.01%","88.9513598%","Yes","","","","","","","","","","","","","","","","",""
"Misfits","Walk Among Us","Album: Walk Among Us/ Artist: Misfits","1982","","100","0.01%","88.9574072%","Yes","","","","","","","","","","","","","","","","",""
"Mission of Burma","Vs.","Album: Vs./ Artist: Mission of Burma","1982","","100","0.01%","88.9634546%","Yes","","","","","","","","","","","","","","","","",""
"Mission of Burma","Signals, Calls and Marches","Album: Signals, Calls and Marches/ Artist: Mission of Burma","1981","","100","0.01%","88.9695021%","Yes","","","","","","","","","","","","","","","","",""
"Mississippi John Hurt","Rediscovered (Mississippi John Hurt)","Album: Rediscovered (Mississippi John Hurt)/ Artist: Mississippi John Hurt","1998","","100","0.01%","88.9755495%","Yes","","","","","","","","","","","","","","","","",""
"Missy Elliot","Supa Dupa Fly","Album: Supa Dupa Fly/ Artist: Missy Elliot","1997","","100","0.01%","88.9815969%","Yes","","","","","","","","","","","","","","","","",""
"Mitski","The Land Is Inhospitable and So Are We","Album: The Land Is Inhospitable and So Are We/ Artist: Mitski","2023","","100","0.01%","88.9876443%","Yes","","","","","","","","","","","","","","","","",""
"Mitski","Be The Cowboy","Album: Be The Cowboy/ Artist: Mitski","2018","","100","0.01%","88.9936917%","Yes","","","","","","","","","","","","","","","","",""
"Mitski","Puberty 2","Album: Puberty 2/ Artist: Mitski","2016","","100","0.01%","88.9997391%","Yes","","","","","","","","","","","","","","","","",""
"Mitski","Bury Me at Makeout Creek","Album: Bury Me at Makeout Creek/ Artist: Mitski","2014","","100","0.01%","89.0057865%","Yes","","","","","","","","","","","","","","","","",""
"MJ Lenderman","Boat Songs","Album: Boat Songs/ Artist: MJ Lenderman","2022","","100","0.01%","89.0118339%","Yes","","","","","","","","","","","","","","","","",""
"Mobb Deep","Hell on Earth","Album: Hell on Earth/ Artist: Mobb Deep","1996","","100","0.01%","89.0178814%","Yes","","","","","","","","","","","","","","","","",""
"Mobb Deep","The Infamous","Album: The Infamous/ Artist: Mobb Deep","1995","","100","0.01%","89.0239288%","Yes","","","","","","","","","","","","","","","","",""
"Moby","Play","Album: Play/ Artist: Moby","1999","","100","0.01%","89.0299762%","Yes","","","","","","","","","","","","","","","","",""
"Moby Grape","Moby Grape","Album: Moby Grape/ Artist: Moby Grape","1967","","100","0.01%","89.0360236%","Yes","","","","","","","","","","","","","","","","",""
"Model/Actriz","Dogbody","Album: Dogbody/ Artist: Model/Actriz","2023","","100","0.01%","89.0420710%","Yes","","","","","","","","","","","","","","","","",""
"Moderat","II","Album: II/ Artist: Moderat","2013","","100","0.01%","89.0481184%","Yes","","","","","","","","","","","","","","","","",""
"Modern Baseball","You're Gonna Miss it All","Album: You're Gonna Miss it All/ Artist: Modern Baseball","2014","","100","0.01%","89.0541658%","Yes","","","","","","","","","","","","","","","","",""
"Modern Jazz Quartet","Fontessa","Album: Fontessa/ Artist: Modern Jazz Quartet","1956","","100","0.01%","89.0602132%","Yes","","","","","","","","","","","","","","","","",""
"Modest Mouse","We Were Dead Before the Ship Even Sank","Album: We Were Dead Before the Ship Even Sank/ Artist: Modest Mouse","2007","","100","0.01%","89.0662606%","Yes","","","","","","","","","","","","","","","","",""
"Modest Mouse","Good News For People Who Love Bad News","Album: Good News For People Who Love Bad News/ Artist: Modest Mouse","2004","","100","0.01%","89.0723081%","Yes","","","","","","","","","","","","","","","","",""
"Modest Mouse","Building Nothing Out Of Something","Album: Building Nothing Out Of Something/ Artist: Modest Mouse","2000","","100","0.01%","89.0783555%","Yes","","","","","","","","","","","","","","","","",""
"Modest Mouse","The Moon And Antarctica","Album: The Moon And Antarctica/ Artist: Modest Mouse","2000","","100","0.01%","89.0844029%","Yes","","","","","","","","","","","","","","","","",""
"Modest Mouse","The Lonesome Crowded West","Album: The Lonesome Crowded West/ Artist: Modest Mouse","1997","","100","0.01%","89.0904503%","Yes","","","","","","","","","","","","","","","","",""
"Modest Mouse","Interstate 8 ep","Album: Interstate 8 ep/ Artist: Modest Mouse","1996","","100","0.01%","89.0964977%","Yes","","","","","","","","","","","","","","","","",""
"Modest Mouse","This is A Long Drive For Someone With Nothing to Think About","Album: This is A Long Drive For Someone With Nothing to Think About/ Artist: Modest Mouse","1996","","100","0.01%","89.1025451%","Yes","","","","","","","","","","","","","","","","",""
"Mogwai","Central Belters CD1","Album: Central Belters CD1/ Artist: Mogwai","2017","","100","0.01%","89.1085925%","Yes","","","","","","","","","","","","","","","","",""
"Mogwai","Central Belters CD2","Album: Central Belters CD2/ Artist: Mogwai","2017","","100","0.01%","89.1146399%","Yes","","","","","","","","","","","","","","","","",""
"Mogwai","Rave Tapes","Album: Rave Tapes/ Artist: Mogwai","2014","","100","0.01%","89.1206874%","Yes","","","","","","","","","","","","","","","","",""
"Mogwai","Hardcore Will Never Die, But You Will","Album: Hardcore Will Never Die, But You Will/ Artist: Mogwai","2011","","100","0.01%","89.1267348%","Yes","","","","","","","","","","","","","","","","",""
"Mogwai","Mr. Beast","Album: Mr. Beast/ Artist: Mogwai","2006","","100","0.01%","89.1327822%","Yes","","","","","","","","","","","","","","","","",""
"Mogwai","Happy Songs for Happy People","Album: Happy Songs for Happy People/ Artist: Mogwai","2003","","100","0.01%","89.1388296%","Yes","","","","","","","","","","","","","","","","",""
"Mogwai","Come On Die Young","Album: Come On Die Young/ Artist: Mogwai","1999","","100","0.01%","89.1448770%","Yes","","","","","","","","","","","","","","","","",""
"Mogwai","Young Team","Album: Young Team/ Artist: Mogwai","1997","","100","0.01%","89.1509244%","Yes","","","","","","","","","","","","","","","","",""
"Mojave 3","Ask Me Tomorrow","Album: Ask Me Tomorrow/ Artist: Mojave 3","1995","","100","0.01%","89.1569718%","Yes","","","","","","","","","","","","","","","","",""
"Molotov","¿Y donde jugaran las niñas?","Album: ¿Y donde jugaran las niñas?/ Artist: Molotov","1997","","100","0.01%","89.1630192%","Yes","","","","","","","","","","","","","","","","",""
"Momoko Kikuchi","Adventure","Album: Adventure/ Artist: Momoko Kikuchi","1986","","100","0.01%","89.1690666%","Yes","","","","","","","","","","","","","","","","",""
"Mon Laferte","Autopoiética","Album: Autopoiética/ Artist: Mon Laferte","2023","","100","0.01%","89.1751141%","Yes","","","","","","","","","","","","","","","","",""
"Mono","Hymn to the Immortal Wind","Album: Hymn to the Immortal Wind/ Artist: Mono","2009","","100","0.01%","89.1811615%","Yes","","","","","","","","","","","","","","","","",""
"Moodymann","DJ-Kicks (Moodymann)","Album: DJ-Kicks (Moodymann)/ Artist: Moodymann","2016","","100","0.01%","89.1872089%","Yes","","","","","","","","","","","","","","","","",""
"Moodymann","Forevernevermore","Album: Forevernevermore/ Artist: Moodymann","2000","","100","0.01%","89.1932563%","Yes","","","","","","","","","","","","","","","","",""
"Moondog","Moondog","Album: Moondog/ Artist: Moondog","1969","","100","0.01%","89.1993037%","Yes","","","","","","","","","","","","","","","","",""
"Moonsorrow","V: Hävitetty","Album: V: Hävitetty/ Artist: Moonsorrow","2007","","100","0.01%","89.2053511%","Yes","","","","","","","","","","","","","","","","",""
"Moonsorrow","Verisäkeet","Album: Verisäkeet/ Artist: Moonsorrow","2005","","100","0.01%","89.2113985%","Yes","","","","","","","","","","","","","","","","",""
"Moonsorrow","Kivenkantaja","Album: Kivenkantaja/ Artist: Moonsorrow","2003","","100","0.01%","89.2174459%","Yes","","","","","","","","","","","","","","","","",""
"Moor Mother & Billy Woods","BRASS","Album: BRASS/ Artist: Moor Mother & Billy Woods","2021","","100","0.01%","89.2234933%","Yes","","","","","","","","","","","","","","","","",""
"Morbid Angel","Covenant","Album: Covenant/ Artist: Morbid Angel","1993","","100","0.01%","89.2295408%","Yes","","","","","","","","","","","","","","","","",""
"Morbid Angel","Blessed Are the Sick","Album: Blessed Are the Sick/ Artist: Morbid Angel","1991","","100","0.01%","89.2355882%","Yes","","","","","","","","","","","","","","","","",""
"Morbid Saint","Spectrum of Death","Album: Spectrum of Death/ Artist: Morbid Saint","1990","","100","0.01%","89.2416356%","Yes","","","","","","","","","","","","","","","","",""
"Morphine","Cure For Pain","Album: Cure For Pain/ Artist: Morphine","1993","","100","0.01%","89.2476830%","Yes","","","","","","","","","","","","","","","","",""
"Morrisey","You Are The Quarry","Album: You Are The Quarry/ Artist: Morrisey","2004","","100","0.01%","89.2537304%","Yes","","","","","","","","","","","","","","","","",""
"Morrisey","Vauxhall And I","Album: Vauxhall And I/ Artist: Morrisey","1994","","100","0.01%","89.2597778%","Yes","","","","","","","","","","","","","","","","",""
"Morrisey","Viva Hate","Album: Viva Hate/ Artist: Morrisey","1988","","100","0.01%","89.2658252%","Yes","","","","","","","","","","","","","","","","",""
"Morrissey","Bona Drag","Album: Bona Drag/ Artist: Morrissey","1990","","100","0.01%","89.2718726%","Yes","","","","","","","","","","","","","","","","",""
"Mort Garson","Mother's Earth Plantasia","Album: Mother's Earth Plantasia/ Artist: Mort Garson","1976","","100","0.01%","89.2779201%","Yes","","","","","","","","","","","","","","","","",""
"Mos Def","The Ecstatic","Album: The Ecstatic/ Artist: Mos Def","2009","","100","0.01%","89.2839675%","No","","","","","","","","","","","","","","","","",""
"Mos Def","Black on Both Sides","Album: Black on Both Sides/ Artist: Mos Def","1999","","100","0.01%","89.2900149%","Yes","","","","","","","","","","","","","","","","",""
"Moses in Sumney","Black in Deep Red, 2014","Album: Black in Deep Red, 2014/ Artist: Moses in Sumney","2018","","100","0.01%","89.2960623%","Yes","","","","","","","","","","","","","","","","",""
"Moses Sumney","Grae","Album: Grae/ Artist: Moses Sumney","2020","","100","0.01%","89.3021097%","Yes","","","","","","","","","","","","","","","","",""
"Moses Sumney","Aromanticism","Album: Aromanticism/ Artist: Moses Sumney","2017","","100","0.01%","89.3081571%","Yes","","","","","","","","","","","","","","","","",""
"Motion City Soundtrack","Commit This to Memory","Album: Commit This to Memory/ Artist: Motion City Soundtrack","2005","","100","0.01%","89.3142045%","Yes","","","","","","","","","","","","","","","","",""
"Motörhead","Ace of Spades","Album: Ace of Spades/ Artist: Motörhead","1980","","100","0.01%","89.3202519%","Yes","","","","","","","","","","","","","","","","",""
"Motörhead","Overkill","Album: Overkill/ Artist: Motörhead","1979","","100","0.01%","89.3262993%","Yes","","","","","","","","","","","","","","","","",""
"Mötorhead","No Remorse","Album: No Remorse/ Artist: Mötorhead","1984","","100","0.01%","89.3323468%","Yes","","","","","","","","","","","","","","","","",""
"Mount Eerie","Ocean Roar","Album: Ocean Roar/ Artist: Mount Eerie","2012","","100","0.01%","89.3383942%","Yes","","","","","","","","","","","","","","","","",""
"Movements","Feel Something","Album: Feel Something/ Artist: Movements","2017","","100","0.01%","89.3444416%","Yes","","","","","","","","","","","","","","","","",""
"Mr Twin Sister","Mr Twin Sister","Album: Mr Twin Sister/ Artist: Mr Twin Sister","2014","","100","0.01%","89.3504890%","Yes","","","","","","","","","","","","","","","","",""
"Mr. Bungle","California","Album: California/ Artist: Mr. Bungle","1999","","100","0.01%","89.3565364%","Yes","","","","","","","","","","","","","","","","",""
"Mudhoney","Superfuzz Bigmuff EP","Album: Superfuzz Bigmuff EP/ Artist: Mudhoney","1988","","100","0.01%","89.3625838%","Yes","","","","","","","","","","","","","","","","",""
"Mulatu Astatke","Éthiopiques 4: Ethio Jazz & Musique Instrumentale 1969-1974","Album: Éthiopiques 4: Ethio Jazz & Musique Instrumentale 1969-1974/ Artist: Mulatu Astatke","1998","","100","0.01%","89.3686312%","Yes","","","","","","","","","","","","","","","","",""
"Murmuüre","Murmuüre","Album: Murmuüre/ Artist: Murmuüre","2010","","100","0.01%","89.3746786%","Yes","","","","","","","","","","","","","","","","",""
"Muse","The 2nd Law","Album: The 2nd Law/ Artist: Muse","2012","","100","0.01%","89.3807261%","Yes","","","","","","","","","","","","","","","","",""
"Muse","Absolution","Album: Absolution/ Artist: Muse","2003","","100","0.01%","89.3867735%","Yes","","","","","","","","","","","","","","","","",""
"Mutual Benefit","Love's Crushing Diamond","Album: Love's Crushing Diamond/ Artist: Mutual Benefit","2013","","100","0.01%","89.3928209%","Yes","","","","","","","","","","","","","","","","",""
"My Bloody Valentine","mbv","Album: mbv/ Artist: My Bloody Valentine","2013","","100","0.01%","89.3988683%","Yes","","","","","","","","","","","","","","","","",""
"my bloody valentine","EPs 1988-1991","Album: EPs 1988-1991/ Artist: my bloody valentine","2012","","100","0.01%","89.4049157%","Yes","","","","","","","","","","","","","","","","",""
"My Bloody Valentine","Loveless","Album: Loveless/ Artist: My Bloody Valentine","1991","","100","0.01%","89.4109631%","Yes","","","","","","","","","","","","","","","","",""
"my bloody valentine","Tremolo EP","Album: Tremolo EP/ Artist: my bloody valentine","1991","","100","0.01%","89.4170105%","Yes","","","","","","","","","","","","","","","","",""
"my bloody valentine","Glider EP","Album: Glider EP/ Artist: my bloody valentine","1990","","100","0.01%","89.4230579%","Yes","","","","","","","","","","","","","","","","",""
"My Bloody Valentine","Isn't Anything","Album: Isn't Anything/ Artist: My Bloody Valentine","1988","","100","0.01%","89.4291053%","Yes","","","","","","","","","","","","","","","","",""
"My Bloody Valentine","You Made me Realise ","Album: You Made me Realise / Artist: My Bloody Valentine","1988","","100","0.01%","89.4351528%","Yes","","","","","","","","","","","","","","","","",""
"My Chemical Romance","The Black Parade: The B-Sides","Album: The Black Parade: The B-Sides/ Artist: My Chemical Romance","2009","","100","0.01%","89.4412002%","Yes","","","","","","","","","","","","","","","","",""
"My Chemical Romance","Three Cheers for Revenge","Album: Three Cheers for Revenge/ Artist: My Chemical Romance","2004","","100","0.01%","89.4472476%","Yes","","","","","","","","","","","","","","","","",""
"My Dying Bride","The Dreadful Hours","Album: The Dreadful Hours/ Artist: My Dying Bride","2001","","100","0.01%","89.4532950%","Yes","","","","","","","","","","","","","","","","",""
"My Dying Bride","The Angel and the Dark River","Album: The Angel and the Dark River/ Artist: My Dying Bride","1995","","100","0.01%","89.4593424%","Yes","","","","","","","","","","","","","","","","",""
"My Morning Jacket","Z","Album: Z/ Artist: My Morning Jacket","2005","","100","0.01%","89.4653898%","Yes","","","","","","","","","","","","","","","","",""
"My Morning Jacket","It Still Moves","Album: It Still Moves/ Artist: My Morning Jacket","2003","","100","0.01%","89.4714372%","Yes","","","","","","","","","","","","","","","","",""
"Mylo","Destroy Rock & Roll","Album: Destroy Rock & Roll/ Artist: Mylo","2004","","100","0.01%","89.4774846%","Yes","","","","","","","","","","","","","","","","",""
"N.E.R.D","In Search Of…","Album: In Search Of…/ Artist: N.E.R.D","2001","","100","0.01%","89.4835321%","Yes","","","","","","","","","","","","","","","","",""
"N.W.A","Straight Outta Compton","Album: Straight Outta Compton/ Artist: N.W.A","1988","","100","0.01%","89.4895795%","Yes","","","","","","","","","","","","","","","","",""
"Nação Zumbi & Chico Science","Da Lama Ao Caos","Album: Da Lama Ao Caos/ Artist: Nação Zumbi & Chico Science","1994","","100","0.01%","89.4956269%","Yes","","","","","","","","","","","","","","","","",""
"Naked City","Naked City","Album: Naked City/ Artist: Naked City","1990","","100","0.01%","89.5016743%","No","","","","","","","","","","","","","","","","",""
"Nala Sinephro","Endlessness","Album: Endlessness/ Artist: Nala Sinephro","2024","","100","0.01%","89.5077217%","Yes","","","","","","","","","","","","","","","","",""
"Nas","King's Disease III","Album: King's Disease III/ Artist: Nas","2022","","100","0.01%","89.5137691%","Yes","","","","","","","","","","","","","","","","",""
"Nas","King's Disease 2","Album: King's Disease 2/ Artist: Nas","2021","","100","0.01%","89.5198165%","Yes","","","","","","","","","","","","","","","","",""
"Nas","It Was Written","Album: It Was Written/ Artist: Nas","1996","","100","0.01%","89.5258639%","Yes","","","","","","","","","","","","","","","","",""
"Nas","Illmatic","Album: Illmatic/ Artist: Nas","1994","","100","0.01%","89.5319113%","Yes","","","","","","","","","","","","","","","","",""
"Natalia Lafourcade","De Todas las Flores","Album: De Todas las Flores/ Artist: Natalia Lafourcade","2022","","100","0.01%","89.5379588%","Yes","","","","","","","","","","","","","","","","",""
"Natalia Lafourcade","Musas, Vol. 2","Album: Musas, Vol. 2/ Artist: Natalia Lafourcade","2018","","100","0.01%","89.5440062%","Yes","","","","","","","","","","","","","","","","",""
"Natalia Lafourcade","Musas","Album: Musas/ Artist: Natalia Lafourcade","2017","","100","0.01%","89.5500536%","Yes","","","","","","","","","","","","","","","","",""
"Natalia Lafourcade","Hasta la Raíz","Album: Hasta la Raíz/ Artist: Natalia Lafourcade","2015","","100","0.01%","89.5561010%","Yes","","","","","","","","","","","","","","","","",""
"Natalia Lafourcade","Hu Hu Hu","Album: Hu Hu Hu/ Artist: Natalia Lafourcade","2009","","100","0.01%","89.5621484%","Yes","","","","","","","","","","","","","","","","",""
"Natalie Prass","Natalie Prass","Album: Natalie Prass/ Artist: Natalie Prass","2015","","100","0.01%","89.5681958%","Yes","","","","","","","","","","","","","","","","",""
"Natural Snow Buildings","Shadow Kingdom","Album: Shadow Kingdom/ Artist: Natural Snow Buildings","2009","","100","0.01%","89.5742432%","No","","","","","","","","","","","","","","","","",""
"Natural Snow Buildings","The Dance of the Moon and the Sun","Album: The Dance of the Moon and the Sun/ Artist: Natural Snow Buildings","2006","","100","0.01%","89.5802906%","No","","","","","","","","","","","","","","","","",""
"Natural Snow Buildings","Daughter of Darkness CD 1","Album: Daughter of Darkness CD 1/ Artist: Natural Snow Buildings","2009","","100","0.01%","89.5863381%","Yes","","","","","","","","","","","","","","","","",""
"Natural Snow Buildings","Daughter of Darkness CD 2","Album: Daughter of Darkness CD 2/ Artist: Natural Snow Buildings","2009","","100","0.01%","89.5923855%","Yes","","","","","","","","","","","","","","","","",""
"Natural Snow Buildings","Daughter of Darkness CD 3","Album: Daughter of Darkness CD 3/ Artist: Natural Snow Buildings","2009","","100","0.01%","89.5984329%","Yes","","","","","","","","","","","","","","","","",""
"Natural Snow Buildings","Daughter of Darkness CD 4","Album: Daughter of Darkness CD 4/ Artist: Natural Snow Buildings","2009","","100","0.01%","89.6044803%","Yes","","","","","","","","","","","","","","","","",""
"Natural Snow Buildings","Daughter of Darkness CD 5","Album: Daughter of Darkness CD 5/ Artist: Natural Snow Buildings","2009","","100","0.01%","89.6105277%","Yes","","","","","","","","","","","","","","","","",""
"Natural Snow Buildings","Daughter of Darkness CD 6","Album: Daughter of Darkness CD 6/ Artist: Natural Snow Buildings","2009","","100","0.01%","89.6165751%","Yes","","","","","","","","","","","","","","","","",""
"Navy Blue","Ways of Knowing","Album: Ways of Knowing/ Artist: Navy Blue","2023","","100","0.01%","89.6226225%","Yes","","","","","","","","","","","","","","","","",""
"Ne Obliviscaris","Citadel","Album: Citadel/ Artist: Ne Obliviscaris","2014","","100","0.01%","89.6286699%","Yes","","","","","","","","","","","","","","","","",""
"Ne Obliviscaris","Portal of I","Album: Portal of I/ Artist: Ne Obliviscaris","2012","","100","0.01%","89.6347173%","Yes","","","","","","","","","","","","","","","","",""
"Neck Deep","Life's Not Out To Get You","Album: Life's Not Out To Get You/ Artist: Neck Deep","2015","","100","0.01%","89.6407648%","Yes","","","","","","","","","","","","","","","","",""
"Neil Cicieraga","Mouth Dreams","Album: Mouth Dreams/ Artist: Neil Cicieraga","2020","","100","0.01%","89.6468122%","No","","","","","","","","","","","","","","","","",""
"Neil Cicieraga","Mouth Moods","Album: Mouth Moods/ Artist: Neil Cicieraga","2017","","100","0.01%","89.6528596%","No","","","","","","","","","","","","","","","","",""
"Neil Cicieraga","Mouth Silence","Album: Mouth Silence/ Artist: Neil Cicieraga","2014","","100","0.01%","89.6589070%","No","","","","","","","","","","","","","","","","",""
"Neil Cicieraga","Mouth Sounds","Album: Mouth Sounds/ Artist: Neil Cicieraga","2014","","100","0.01%","89.6649544%","No","","","","","","","","","","","","","","","","",""
"Neil Young","Greatest Hits","Album: Greatest Hits/ Artist: Neil Young","2004","","100","0.01%","89.6710018%","Yes","","","","","","","","","","","","","","","","",""
"Neil Young","Ragged Glory","Album: Ragged Glory/ Artist: Neil Young","1990","","100","0.01%","89.6770492%","Yes","","","","","","","","","","","","","","","","",""
"Neil Young","Freedom (Neil Young)","Album: Freedom (Neil Young)/ Artist: Neil Young","1989","","100","0.01%","89.6830966%","Yes","","","","","","","","","","","","","","","","",""
"Neil Young","Rust Never Sleeps","Album: Rust Never Sleeps/ Artist: Neil Young","1979","","100","0.01%","89.6891441%","Yes","","","","","","","","","","","","","","","","",""
"Neil Young","Decade","Album: Decade/ Artist: Neil Young","1977","","100","0.01%","89.6951915%","Yes","","","","","","","","","","","","","","","","",""
"Neil Young","Hitchhiker","Album: Hitchhiker/ Artist: Neil Young","1976","","100","0.01%","89.7012389%","Yes","","","","","","","","","","","","","","","","",""
"Neil Young","Tonight's The Night","Album: Tonight's The Night/ Artist: Neil Young","1975","","100","0.01%","89.7072863%","Yes","","","","","","","","","","","","","","","","",""
"Neil Young","On the Beach","Album: On the Beach/ Artist: Neil Young","1974","","100","0.01%","89.7133337%","Yes","","","","","","","","","","","","","","","","",""
"Neil Young","Harvest","Album: Harvest/ Artist: Neil Young","1972","","100","0.01%","89.7193811%","Yes","","","","","","","","","","","","","","","","",""
"Neil Young","After the Gold Rush","Album: After the Gold Rush/ Artist: Neil Young","1970","","100","0.01%","89.7254285%","Yes","","","","","","","","","","","","","","","","",""
"Lil Peep","LiL PEEP; PART ONE","Album: LiL PEEP; PART ONE/ Artist: Lil Peep","2016","","100","0.01%","89.7314759%","","","","","","","","","","","","","","","","","",""
"Neil Young","Everybody Knows This is Nowhere","Album: Everybody Knows This is Nowhere/ Artist: Neil Young","1969","","100","0.01%","89.7375233%","Yes","","","","","","","","","","","","","","","","",""
"Neil Young & Crazy Horse","Zuma","Album: Zuma/ Artist: Neil Young & Crazy Horse","1975","","100","0.01%","89.7435708%","Yes","","","","","","","","","","","","","","","","",""
"Neko Case","Fox Confessor Brings the Flood","Album: Fox Confessor Brings the Flood/ Artist: Neko Case","2006","","100","0.01%","89.7496182%","Yes","","","","","","","","","","","","","","","","",""
"Neon Indian","Psychic Chasms","Album: Psychic Chasms/ Artist: Neon Indian","2009","","100","0.01%","89.7556656%","Yes","","","","","","","","","","","","","","","","",""
"Neu!","Neu! '75","Album: Neu! '75/ Artist: Neu!","1975","","100","0.01%","89.7617130%","Yes","","","","","","","","","","","","","","","","",""
"Neu!","Neu!","Album: Neu!/ Artist: Neu!","1972","","100","0.01%","89.7677604%","Yes","","","","","","","","","","","","","","","","",""
"Neurosis","Times of Grace","Album: Times of Grace/ Artist: Neurosis","1997","","100","0.01%","89.7738078%","Yes","","","","","","","","","","","","","","","","",""
"Neurosis","Through Silver in Blood","Album: Through Silver in Blood/ Artist: Neurosis","1996","","100","0.01%","89.7798552%","Yes","","","","","","","","","","","","","","","","",""
"Neurosis","Souls at Zero","Album: Souls at Zero/ Artist: Neurosis","1992","","100","0.01%","89.7859026%","Yes","","","","","","","","","","","","","","","","",""
"Neurosis","The Eye of Every Storm","Album: The Eye of Every Storm/ Artist: Neurosis","2004","","100","0.01%","89.7919501%","Yes","","","","","","","","","","","","","","","","",""
"Neurosis","A Sun That Never Sets","Album: A Sun That Never Sets/ Artist: Neurosis","2001","","100","0.01%","89.7979975%","Yes","","","","","","","","","","","","","","","","",""
"Neurosis","Enemy of the Sun","Album: Enemy of the Sun/ Artist: Neurosis","1993","","100","0.01%","89.8040449%","Yes","","","","","","","","","","","","","","","","",""
"Neutral Milk Hotel","In The Aeroplane Over The Sea","Album: In The Aeroplane Over The Sea/ Artist: Neutral Milk Hotel","1998","","100","0.01%","89.8100923%","Yes","","","","","","","","","","","","","","","","",""
"Neutral Milk Hotel","On Avery Island","Album: On Avery Island/ Artist: Neutral Milk Hotel","1996","","100","0.01%","89.8161397%","Yes","","","","","","","","","","","","","","","","",""
"New Order","(The Best Of) New Order","Album: (The Best Of) New Order/ Artist: New Order","1994","","100","0.01%","89.8221871%","Yes","","","","","","","","","","","","","","","","",""
"New Order","Technique","Album: Technique/ Artist: New Order","1989","","100","0.01%","89.8282345%","Yes","","","","","","","","","","","","","","","","",""
"New Order","Substance 1987 (Singles, first 13 songs)","Album: Substance 1987 (Singles, first 13 songs)/ Artist: New Order","1987","","100","0.01%","89.8342819%","Yes","","","","","","","","","","","","","","","","",""
"New Order","Brotherhood","Album: Brotherhood/ Artist: New Order","1986","","100","0.01%","89.8403293%","Yes","","","","","","","","","","","","","","","","",""
"New Order","Low-Life","Album: Low-Life/ Artist: New Order","1985","","100","0.01%","89.8463768%","Yes","","","","","","","","","","","","","","","","",""
"New Order","Power, Corruption & Lies","Album: Power, Corruption & Lies/ Artist: New Order","1983","","100","0.01%","89.8524242%","Yes","","","","","","","","","","","","","","","","",""
"New Order","Movement","Album: Movement/ Artist: New Order","1981","","100","0.01%","89.8584716%","Yes","","","","","","","","","","","","","","","","",""
"New Radicals","Maybe You've Been Brainwashed too","Album: Maybe You've Been Brainwashed too/ Artist: New Radicals","1999","","100","0.01%","89.8645190%","Yes","","","","","","","","","","","","","","","","",""
"New York Dolls","New York Dolls","Album: New York Dolls/ Artist: New York Dolls","1973","","100","0.01%","89.8705664%","Yes","","","","","","","","","","","","","","","","",""
"Nick Cave & The Bad Seeds","Tender Prey","Album: Tender Prey/ Artist: Nick Cave & The Bad Seeds","1988","","100","0.01%","89.8766138%","Yes","","","","","","","","","","","","","","","","",""
"Nick Cave & The Bad Seeds","Your Funeral… My Trial","Album: Your Funeral… My Trial/ Artist: Nick Cave & The Bad Seeds","1986","","100","0.01%","89.8826612%","Yes","","","","","","","","","","","","","","","","",""
"Nick Cave & The Bad Seeds","Ghosteen","Album: Ghosteen/ Artist: Nick Cave & The Bad Seeds","2019","","100","0.01%","89.8887086%","Yes","","","","","","","","","","","","","","","","",""
"Nick Cave & Warren Ellis","CARNAGE","Album: CARNAGE/ Artist: Nick Cave & Warren Ellis","2021","","100","0.01%","89.8947560%","Yes","","","","","","","","","","","","","","","","",""
"Nick Drake","Pink Moon","Album: Pink Moon/ Artist: Nick Drake","1972","","100","0.01%","89.9008035%","Yes","","","","","","","","","","","","","","","","",""
"Nick Drake","Bryter Layter","Album: Bryter Layter/ Artist: Nick Drake","1970","","100","0.01%","89.9068509%","Yes","","","","","","","","","","","","","","","","",""
"Nick Drake","Five Leaves Left","Album: Five Leaves Left/ Artist: Nick Drake","1969","","100","0.01%","89.9128983%","Yes","","","","","","","","","","","","","","","","",""
"Nico","Desertshore","Album: Desertshore/ Artist: Nico","1970","","100","0.01%","89.9189457%","Yes","","","","","","","","","","","","","","","","",""
"Nico","The Marble Index","Album: The Marble Index/ Artist: Nico","1968","","100","0.01%","89.9249931%","Yes","","","","","","","","","","","","","","","","",""
"Nico","Chelsea Girl","Album: Chelsea Girl/ Artist: Nico","1967","","100","0.01%","89.9310405%","Yes","","","","","","","","","","","","","","","","",""
"Nicolas Jaar","Essential BBC Mix (Nicolas Jaar)","Album: Essential BBC Mix (Nicolas Jaar)/ Artist: Nicolas Jaar","2012","","100","0.01%","89.9370879%","No","","","","","","","","","","","","","","","","",""
"Nicolas Jaar","Cenizas","Album: Cenizas/ Artist: Nicolas Jaar","2020","","100","0.01%","89.9431353%","Yes","","","","","","","","","","","","","","","","",""
"Nicolas Jaar","Sirens","Album: Sirens/ Artist: Nicolas Jaar","2016","","100","0.01%","89.9491828%","Yes","","","","","","","","","","","","","","","","",""
"Nicolas Jaar","Nymphs I & II","Album: Nymphs I & II/ Artist: Nicolas Jaar","2015","","100","0.01%","89.9552302%","Yes","","","","","","","","","","","","","","","","",""
"Nicolas Jaar","Pomegranates","Album: Pomegranates/ Artist: Nicolas Jaar","2015","","100","0.01%","89.9612776%","Yes","","","","","","","","","","","","","","","","",""
"Nicolas Jaar","Space Is Only Noise","Album: Space Is Only Noise/ Artist: Nicolas Jaar","2011","","100","0.01%","89.9673250%","Yes","","","","","","","","","","","","","","","","",""
"Nils Frahm","Late Night Tales (Nils Frahm)","Album: Late Night Tales (Nils Frahm)/ Artist: Nils Frahm","2014","","100","0.01%","89.9733724%","No","","","","","","","","","","","","","","","","",""
"Nils Frahm","Spaces","Album: Spaces/ Artist: Nils Frahm","2013","","100","0.01%","89.9794198%","Yes","","","","","","","","","","","","","","","","",""
"Nina Simone","I Put A Spell on You","Album: I Put A Spell on You/ Artist: Nina Simone","1968","","100","0.01%","89.9854672%","Yes","","","","","","","","","","","","","","","","",""
"Nina Simone","Wild is the Wind","Album: Wild is the Wind/ Artist: Nina Simone","1966","","100","0.01%","89.9915146%","Yes","","","","","","","","","","","","","","","","",""
"Nina Simone","Pastel Blues","Album: Pastel Blues/ Artist: Nina Simone","1965","","100","0.01%","89.9975620%","Yes","","","","","","","","","","","","","","","","",""
"Nine Inch Nails","Add Violence","Album: Add Violence/ Artist: Nine Inch Nails","2017","","100","0.01%","90.0036095%","Yes","","","","","","","","","","","","","","","","",""
"Nine Inch Nails","Not The Actual Events","Album: Not The Actual Events/ Artist: Nine Inch Nails","2017","","100","0.01%","90.0096569%","Yes","","","","","","","","","","","","","","","","",""
"Nine Inch Nails","Hesitation Marks","Album: Hesitation Marks/ Artist: Nine Inch Nails","2013","","100","0.01%","90.0157043%","Yes","","","","","","","","","","","","","","","","",""
"Nine Inch Nails","Year Zero","Album: Year Zero/ Artist: Nine Inch Nails","2007","","100","0.01%","90.0217517%","Yes","","","","","","","","","","","","","","","","",""
"Nine Inch Nails","With Teeth","Album: With Teeth/ Artist: Nine Inch Nails","2005","","100","0.01%","90.0277991%","Yes","","","","","","","","","","","","","","","","",""
"Nine Inch Nails","The Fragile","Album: The Fragile/ Artist: Nine Inch Nails","1999","","100","0.01%","90.0338465%","Yes","","","","","","","","","","","","","","","","",""
"Nine Inch Nails","The Downward Spiral","Album: The Downward Spiral/ Artist: Nine Inch Nails","1994","","100","0.01%","90.0398939%","Yes","","","","","","","","","","","","","","","","",""
"Nine Inch Nails","Broken","Album: Broken/ Artist: Nine Inch Nails","1992","","100","0.01%","90.0459413%","Yes","","","","","","","","","","","","","","","","",""
"Nine Inch Nails","Pretty Hate Machine","Album: Pretty Hate Machine/ Artist: Nine Inch Nails","1989","","100","0.01%","90.0519888%","Yes","","","","","","","","","","","","","","","","",""
"Niños del Cerro","Suave pendiente","Album: Suave pendiente/ Artist: Niños del Cerro","2022","","100","0.01%","90.0580362%","Yes","","","","","","","","","","","","","","","","",""
"Niños del Cerro","Lance","Album: Lance/ Artist: Niños del Cerro","2018","","100","0.01%","90.0640836%","Yes","","","","","","","","","","","","","","","","",""
"Nirvana","Live at Reading","Album: Live at Reading/ Artist: Nirvana","2009","","100","0.01%","90.0701310%","Yes","","","","","","","","","","","","","","","","",""
"Nirvana","Nirvana","Album: Nirvana/ Artist: Nirvana","2002","","100","0.01%","90.0761784%","Yes","","","","","","","","","","","","","","","","",""
"Nirvana","From the Muddy Bank of the Wishkah","Album: From the Muddy Bank of the Wishkah/ Artist: Nirvana","1996","","100","0.01%","90.0822258%","Yes","","","","","","","","","","","","","","","","",""
"Nirvana","Unplugged In New York","Album: Unplugged In New York/ Artist: Nirvana","1994","","100","0.01%","90.0882732%","Yes","","","","","","","","","","","","","","","","",""
"Nirvana","In Utero","Album: In Utero/ Artist: Nirvana","1993","","100","0.01%","90.0943206%","Yes","","","","","","","","","","","","","","","","",""
"Nirvana","Nevermind","Album: Nevermind/ Artist: Nirvana","1991","","100","0.01%","90.1003680%","Yes","","","","","","","","","","","","","","","","",""
"Nirvana","Bleach","Album: Bleach/ Artist: Nirvana","1989","","100","0.01%","90.1064155%","Yes","","","","","","","","","","","","","","","","",""
"Nmesh","Welcome to Warp Zone!","Album: Welcome to Warp Zone!/ Artist: Nmesh","2014","","100","0.01%","90.1124629%","No","","","","","","","","","","","","","","","","",""
"No Age","Weirdo Rippers","Album: Weirdo Rippers/ Artist: No Age","2007","","100","0.01%","90.1185103%","","","","","","","","","","","","","","","","","",""
"No Age","Snares Like A Haircut","Album: Snares Like A Haircut/ Artist: No Age","2018","","100","0.01%","90.1245577%","Yes","","","","","","","","","","","","","","","","",""
"No Age","Nouns","Album: Nouns/ Artist: No Age","2008","","100","0.01%","90.1306051%","Yes","","","","","","","","","","","","","","","","",""
"No Somos Marineros","D'arcy","Album: D'arcy/ Artist: No Somos Marineros","2017","","100","0.01%","90.1366525%","Yes","","","","","","","","","","","","","","","","",""
"Nobuo Uematsu 植松伸夫","Final Fantasy VII","Album: Final Fantasy VII/ Artist: Nobuo Uematsu 植松伸夫","1997","","100","0.01%","90.1426999%","Yes","","","","","","","","","","","","","","","","",""
"Nobuo Uematsu 植松伸夫","ファイナルファンタジーVI (Final Fantasy VI)","Album: ファイナルファンタジーVI (Final Fantasy VI)/ Artist: Nobuo Uematsu 植松伸夫","1994","","100","0.01%","90.1487473%","Yes","","","","","","","","","","","","","","","","",""
"NOFX","Punk In Drublic","Album: Punk In Drublic/ Artist: NOFX","1994","","100","0.01%","90.1547948%","Yes","","","","","","","","","","","","","","","","",""
"NoMeansNo","Wrong","Album: Wrong/ Artist: NoMeansNo","1989","","100","0.01%","90.1608422%","Yes","","","","","","","","","","","","","","","","",""
"Noname","Room 25","Album: Room 25/ Artist: Noname","2018","","100","0.01%","90.1668896%","Yes","","","","","","","","","","","","","","","","",""
"Noname","Telefone","Album: Telefone/ Artist: Noname","2016","","100","0.01%","90.1729370%","Yes","","","","","","","","","","","","","","","","",""
"Norah Jones","Come Away With Me","Album: Come Away With Me/ Artist: Norah Jones","2002","","100","0.01%","90.1789844%","Yes","","","","","","","","","","","","","","","","",""
"Novos Baianos","Acabou Chocare","Album: Acabou Chocare/ Artist: Novos Baianos","1972","","100","0.01%","90.1850318%","Yes","","","","","","","","","","","","","","","","",""
"Nujabes","Modal Soul","Album: Modal Soul/ Artist: Nujabes","2005","","100","0.01%","90.1910792%","Yes","","","","","","","","","","","","","","","","",""
"Nujabes","Metaphorical Music","Album: Metaphorical Music/ Artist: Nujabes","2003","","100","0.01%","90.1971266%","Yes","","","","","","","","","","","","","","","","",""
"Nujabes & Fat Jon","Samurai Champloo Music Record: Departure","Album: Samurai Champloo Music Record: Departure/ Artist: Nujabes & Fat Jon","2004","","100","0.01%","90.2031740%","Yes","","","","","","","","","","","","","","","","",""
"Nujabes feat. Shing02","Luv(sic) Hexalogy","Album: Luv(sic) Hexalogy/ Artist: Nujabes feat. Shing02","2015","","100","0.01%","90.2092215%","Yes","","","","","","","","","","","","","","","","",""
"Number Girl","Sappukei","Album: Sappukei/ Artist: Number Girl","2000","","100","0.01%","90.2152689%","Yes","","","","","","","","","","","","","","","","",""
"Number Girl","School Girl Distortional Addict","Album: School Girl Distortional Addict/ Artist: Number Girl","1999","","100","0.01%","90.2213163%","Yes","","","","","","","","","","","","","","","","",""
"NxWorries","WHY LAWD?","Album: WHY LAWD?/ Artist: NxWorries","2024","","100","0.01%","90.2273637%","Yes","","","","","","","","","","","","","","","","",""
"Oasis","Time Flies... 1994-2009 (CD1)","Album: Time Flies... 1994-2009 (CD1)/ Artist: Oasis","2010","","100","0.01%","90.2334111%","Yes","","","","","","","","","","","","","","","","",""
"Oasis","Time Flies... 1994-2009 (CD2)","Album: Time Flies... 1994-2009 (CD2)/ Artist: Oasis","2010","","100","0.01%","90.2394585%","Yes","","","","","","","","","","","","","","","","",""
"Oasis","The Masterplan","Album: The Masterplan/ Artist: Oasis","1998","","100","0.01%","90.2455059%","Yes","","","","","","","","","","","","","","","","",""
"Oasis","(What's the Story) Morning Glory?","Album: (What's the Story) Morning Glory?/ Artist: Oasis","1995","","100","0.01%","90.2515533%","Yes","","","","","","","","","","","","","","","","",""
"Oasis","Definitely Maybe","Album: Definitely Maybe/ Artist: Oasis","1994","","100","0.01%","90.2576008%","Yes","","","","","","","","","","","","","","","","",""
"Objekt","Cocoon Crush","Album: Cocoon Crush/ Artist: Objekt","2018","","100","0.01%","90.2636482%","Yes","","","","","","","","","","","","","","","","",""
"Of Montreal","Hissing Fauna, Are You the Destroyer?","Album: Hissing Fauna, Are You the Destroyer?/ Artist: Of Montreal","2007","","100","0.01%","90.2696956%","Yes","","","","","","","","","","","","","","","","",""
"OFF!","Free LSD","Album: Free LSD/ Artist: OFF!","2022","","100","0.01%","90.2757430%","Yes","","","","","","","","","","","","","","","","",""
"Ohsees","Intercepted Message","Album: Intercepted Message/ Artist: Ohsees","2023","","100","0.01%","90.2817904%","Yes","","","","","","","","","","","","","","","","",""
"Oingo Boingo","Dead Man's Party","Album: Dead Man's Party/ Artist: Oingo Boingo","1985","","100","0.01%","90.2878378%","Yes","","","","","","","","","","","","","","","","",""
"Oingo Boingo","Good for Your Soul","Album: Good for Your Soul/ Artist: Oingo Boingo","1983","","100","0.01%","90.2938852%","Yes","","","","","","","","","","","","","","","","",""
"Oingo Boingo","Only a Lad","Album: Only a Lad/ Artist: Oingo Boingo","1981","","100","0.01%","90.2999326%","Yes","","","","","","","","","","","","","","","","",""
"Okkervil River","The Stage Names","Album: The Stage Names/ Artist: Okkervil River","2007","","100","0.01%","90.3059800%","Yes","","","","","","","","","","","","","","","","",""
"Okkervil River","Black Sheep Boy","Album: Black Sheep Boy/ Artist: Okkervil River","2005","","100","0.01%","90.3120275%","Yes","","","","","","","","","","","","","","","","",""
"Oktubre","Patricio Rey y sus Redonditos de Ricota","Album: Patricio Rey y sus Redonditos de Ricota/ Artist: Oktubre","1986","","100","0.01%","90.3180749%","Yes","","","","","","","","","","","","","","","","",""
"Ol' Dirty Bastard","Return to the 36 Chambers: Dirty Version","Album: Return to the 36 Chambers: Dirty Version/ Artist: Ol' Dirty Bastard","1995","","100","0.01%","90.3241223%","Yes","","","","","","","","","","","","","","","","",""
"Oliver Tree","Do You Feel Me?","Album: Do You Feel Me?/ Artist: Oliver Tree","2019","","100","0.01%","90.3301697%","Yes","","","","","","","","","","","","","","","","",""
"Olivia Rodrigo","GUTS","Album: GUTS/ Artist: Olivia Rodrigo","2023","","100","0.01%","90.3362171%","Yes","","","","","","","","","","","","","","","","",""
"Olivia Rodrigo","SOUR","Album: SOUR/ Artist: Olivia Rodrigo","2021","","100","0.01%","90.3422645%","Yes","","","","","","","","","","","","","","","","",""
"Om","Adviatic Songs","Album: Adviatic Songs/ Artist: Om","2012","","100","0.01%","90.3483119%","Yes","","","","","","","","","","","","","","","","",""
"Om","Pilgrimage ","Album: Pilgrimage / Artist: Om","2007","","100","0.01%","90.3543593%","Yes","","","","","","","","","","","","","","","","",""
"Omocat","OMORI [Original Soundtrack]","Album: OMORI [Original Soundtrack]/ Artist: Omocat","2020","","100","0.01%","90.3604068%","Yes","","","","","","","","","","","","","","","","",""
"Ondatrópica","Ondatrópica","Album: Ondatrópica/ Artist: Ondatrópica","2012","","100","0.01%","90.3664542%","Yes","","","","","","","","","","","","","","","","",""
"Oneohtrix Point Never","Rifts","Album: Rifts/ Artist: Oneohtrix Point Never","2009","","100","0.01%","90.3725016%","No","","","","","","","","","","","","","","","","",""
"Oneohtrix Point Never","Returnal","Album: Returnal/ Artist: Oneohtrix Point Never","2010","","100","0.01%","90.3785490%","Yes","","","","","","","","","","","","","","","","",""
"Oneohtrix Point Never","Garden of Delete","Album: Garden of Delete/ Artist: Oneohtrix Point Never","2015","","100","0.01%","90.3845964%","Yes","","","","","","","","","","","","","","","","",""
"Oneohtrix Point Never","R Plus Seven","Album: R Plus Seven/ Artist: Oneohtrix Point Never","2013","","100","0.01%","90.3906438%","Yes","","","","","","","","","","","","","","","","",""
"Oneohtrix Point Never","Replica","Album: Replica/ Artist: Oneohtrix Point Never","2011","","100","0.01%","90.3966912%","Yes","","","","","","","","","","","","","","","","",""
"Oneohtrix Point Never","Tranquilizer","Album: Tranquilizer/ Artist: Oneohtrix Point Never","2025","","100","0.01%","90.4027386%","Yes","","","","","","","","","","","","","","","","",""
"Open Mike Eagle","What Happens When I Try To Relax","Album: What Happens When I Try To Relax/ Artist: Open Mike Eagle","2018","","100","0.01%","90.4087860%","Yes","","","","","","","","","","","","","","","","",""
"Open Mike Eagle","Brick Body Kids Still Daydream","Album: Brick Body Kids Still Daydream/ Artist: Open Mike Eagle","2017","","100","0.01%","90.4148335%","Yes","","","","","","","","","","","","","","","","",""
"Open Mike Eagle","A Special Episode Of","Album: A Special Episode Of/ Artist: Open Mike Eagle","2015","","100","0.01%","90.4208809%","Yes","","","","","","","","","","","","","","","","",""
"Open Mike Eagle","Dark Comedy","Album: Dark Comedy/ Artist: Open Mike Eagle","2014","","100","0.01%","90.4269283%","Yes","","","","","","","","","","","","","","","","",""
"Open Mike Eagle","Neighborhood Gods Unlimited","Album: Neighborhood Gods Unlimited/ Artist: Open Mike Eagle","2025","","100","0.01%","90.4329757%","","","","","","","","","","","","","","","","","",""
"Operation Ivy","Operation Ivy","Album: Operation Ivy/ Artist: Operation Ivy","1991","","100","0.01%","90.4390231%","Yes","","","","","","","","","","","","","","","","",""
"Opeth","Morningrise","Album: Morningrise/ Artist: Opeth","1996","","100","0.01%","90.4450705%","Yes","","","","","","","","","","","","","","","","",""
"Orbital","In Sides","Album: In Sides/ Artist: Orbital","1996","","100","0.01%","90.4511179%","Yes","","","","","","","","","","","","","","","","",""
"Orbital","Orbital (The Brown Album)","Album: Orbital (The Brown Album)/ Artist: Orbital","1993","","100","0.01%","90.4571653%","Yes","","","","","","","","","","","","","","","","",""
"Orchestral Manoeuvres In The Dark","Architecture & Morality","Album: Architecture & Morality/ Artist: Orchestral Manoeuvres In The Dark","1981","","100","0.01%","90.4632127%","Yes","","","","","","","","","","","","","","","","",""
"Orchid","Dance Tonight! Revolution Tomorrow!","Album: Dance Tonight! Revolution Tomorrow!/ Artist: Orchid","2000","","100","0.01%","90.4692602%","Yes","","","","","","","","","","","","","","","","",""
"Orchid","Chaos Is Me","Album: Chaos Is Me/ Artist: Orchid","1999","","100","0.01%","90.4753076%","Yes","","","","","","","","","","","","","","","","",""
"Organized Konfusion","Stress: The Extinction Agenda","Album: Stress: The Extinction Agenda/ Artist: Organized Konfusion","1994","","100","0.01%","90.4813550%","Yes","","","","","","","","","","","","","","","","",""
"Origami Angel","Somewhere City","Album: Somewhere City/ Artist: Origami Angel","2019","","100","0.01%","90.4874024%","Yes","","","","","","","","","","","","","","","","",""
"Ornette Coleman","Free Jazz","Album: Free Jazz/ Artist: Ornette Coleman","1961","","100","0.01%","90.4934498%","Yes","","","","","","","","","","","","","","","","",""
"Ornette Coleman","The Shape of Jazz to Come","Album: The Shape of Jazz to Come/ Artist: Ornette Coleman","1959","","100","0.01%","90.4994972%","Yes","","","","","","","","","","","","","","","","",""
"Orville Peck","Bronco","Album: Bronco/ Artist: Orville Peck","2022","","100","0.01%","90.5055446%","Yes","","","","","","","","","","","","","","","","",""
"Emeralds","Does It Look Like I'm Here?","Album: Does It Look Like I'm Here?/ Artist: Emeralds","2018","","100","0.01%","90.5115920%","","","","","","","","","","","","","","","","","",""
"Ossia","Devil's Dance","Album: Devil's Dance/ Artist: Ossia","2019","","100","0.01%","90.5176395%","Yes","","","","","","","","","","","","","","","","",""
"Otis Redding","The Dock of the Bay","Album: The Dock of the Bay/ Artist: Otis Redding","1968","","100","0.01%","90.5236869%","Yes","","","","","","","","","","","","","","","","",""
"Otis Redding","Otis Blue/Otis Redding Sings Soul","Album: Otis Blue/Otis Redding Sings Soul/ Artist: Otis Redding","1965","","100","0.01%","90.5297343%","Yes","","","","","","","","","","","","","","","","",""
"Frankie Cosmos","Zentropy","Album: Zentropy/ Artist: Frankie Cosmos","2014","","100","0.01%","90.5357817%","","","","","","","","","","","","","","","","","",""
"OutKast","Stankonia","Album: Stankonia/ Artist: OutKast","2000","","100","0.01%","90.5418291%","Yes","","","","","","","","","","","","","","","","",""
"OutKast","Aquemini","Album: Aquemini/ Artist: OutKast","1998","","100","0.01%","90.5478765%","Yes","","","","","","","","","","","","","","","","",""
"OutKast","Southernplayalisticadillacmuzik","Album: Southernplayalisticadillacmuzik/ Artist: OutKast","1994","","100","0.01%","90.5539239%","Yes","","","","","","","","","","","","","","","","",""
"Oval","94 Diskont","Album: 94 Diskont/ Artist: Oval","1994","","100","0.01%","90.5599713%","Yes","","","","","","","","","","","","","","","","",""
"Owen Pallett","Heartland","Album: Heartland/ Artist: Owen Pallett","2010","","100","0.01%","90.5660187%","Yes","","","","","","","","","","","","","","","","",""
"Oxbow","Thin Black Duke","Album: Thin Black Duke/ Artist: Oxbow","2017","","100","0.01%","90.5720662%","Yes","","","","","","","","","","","","","","","","",""
"Ozzy Osbourne","No More Tears","Album: No More Tears/ Artist: Ozzy Osbourne","1991","","100","0.01%","90.5781136%","Yes","","","","","","","","","","","","","","","","",""
"Ozzy Osbourne","Diary of a Madman","Album: Diary of a Madman/ Artist: Ozzy Osbourne","1981","","100","0.01%","90.5841610%","Yes","","","","","","","","","","","","","","","","",""
"Ozzy Osbourne","Blizzard of Ozz","Album: Blizzard of Ozz/ Artist: Ozzy Osbourne","1980","","100","0.01%","90.5902084%","Yes","","","","","","","","","","","","","","","","",""
"Paavoharju","Yhä hämärää","Album: Yhä hämärää/ Artist: Paavoharju","2005","","100","0.01%","90.5962558%","Yes","","","","","","","","","","","","","","","","",""
"Panchiko","Kicking Cars","Album: Kicking Cars/ Artist: Panchiko","2001","","100","0.01%","90.6023032%","Yes","","","","","","","","","","","","","","","","",""
"Panchiko","D>E>A>T>H>M>E>T>A>L","Album: D>E>A>T>H>M>E>T>A>L/ Artist: Panchiko","2000","","100","0.01%","90.6083506%","Yes","","","","","","","","","","","","","","","","",""
"Panda Bear","Tomboy","Album: Tomboy/ Artist: Panda Bear","2011","","100","0.01%","90.6143980%","","","","","","","","","","","","","","","","","",""
"Panda Bear","Panda Bear Meets The Grim Reaper","Album: Panda Bear Meets The Grim Reaper/ Artist: Panda Bear","2015","","100","0.01%","90.6204455%","","","","","","","","","","","","","","","","","",""
"Panda Bear","Person Pitch","Album: Person Pitch/ Artist: Panda Bear","2007","","100","0.01%","90.6264929%","Yes","","","","","","","","","","","","","","","","",""
"Panopticon","…And Again into the Light","Album: …And Again into the Light/ Artist: Panopticon","2021","","100","0.01%","90.6325403%","Yes","","","","","","","","","","","","","","","","",""
"Panopticon","Autumn Eternal","Album: Autumn Eternal/ Artist: Panopticon","2015","","100","0.01%","90.6385877%","Yes","","","","","","","","","","","","","","","","",""
"Panopticon","Roads to the North","Album: Roads to the North/ Artist: Panopticon","2014","","100","0.01%","90.6446351%","Yes","","","","","","","","","","","","","","","","",""
"Pantera","The Great Southern Trendkill","Album: The Great Southern Trendkill/ Artist: Pantera","1996","","100","0.01%","90.6506825%","Yes","","","","","","","","","","","","","","","","",""
"Pantera","Far Beyond Driven","Album: Far Beyond Driven/ Artist: Pantera","1994","","100","0.01%","90.6567299%","Yes","","","","","","","","","","","","","","","","",""
"Pantera","Vulgar Display of Power","Album: Vulgar Display of Power/ Artist: Pantera","1992","","100","0.01%","90.6627773%","Yes","","","","","","","","","","","","","","","","",""
"Pantera","Cowboys from Hell","Album: Cowboys from Hell/ Artist: Pantera","1990","","100","0.01%","90.6688247%","Yes","","","","","","","","","","","","","","","","",""
"Pantha Du Prince","Black Noise","Album: Black Noise/ Artist: Pantha Du Prince","2010","","100","0.01%","90.6748722%","Yes","","","","","","","","","","","","","","","","",""
"Paramore","This is Why","Album: This is Why/ Artist: Paramore","2023","","100","0.01%","90.6809196%","Yes","","","","","","","","","","","","","","","","",""
"Paramore","After Laughter","Album: After Laughter/ Artist: Paramore","2017","","100","0.01%","90.6869670%","Yes","","","","","","","","","","","","","","","","",""
"Paramore","Paramore","Album: Paramore/ Artist: Paramore","2013","","100","0.01%","90.6930144%","Yes","","","","","","","","","","","","","","","","",""
"Paramore","Brand new Eyes","Album: Brand new Eyes/ Artist: Paramore","2009","","100","0.01%","90.6990618%","Yes","","","","","","","","","","","","","","","","",""
"Parcels","Day/Night","Album: Day/Night/ Artist: Parcels","2021","","100","0.01%","90.7051092%","Yes","","","","","","","","","","","","","","","","",""
"Parcels","Parcels","Album: Parcels/ Artist: Parcels","2018","","100","0.01%","90.7111566%","Yes","","","","","","","","","","","","","","","","",""
"Parliament","Mothership Connection","Album: Mothership Connection/ Artist: Parliament","1975","","100","0.01%","90.7172040%","Yes","","","","","","","","","","","","","","","","",""
"Passion Pit","Manners","Album: Manners/ Artist: Passion Pit","2009","","100","0.01%","90.7232515%","Yes","","","","","","","","","","","","","","","","",""
"Patricio Rey y sus Redonditos de Ricota","Un baión para el ojo idiota","Album: Un baión para el ojo idiota/ Artist: Patricio Rey y sus Redonditos de Ricota","1988","","100","0.01%","90.7292989%","Yes","","","","","","","","","","","","","","","","",""
"Patti Smith","Horses","Album: Horses/ Artist: Patti Smith","1975","","100","0.01%","90.7353463%","Yes","","","","","","","","","","","","","","","","",""
"Patti Smith Group","Easter","Album: Easter/ Artist: Patti Smith Group","1978","","100","0.01%","90.7413937%","Yes","","","","","","","","","","","","","","","","",""
"Patti Smith Group","Radio Ethiopia","Album: Radio Ethiopia/ Artist: Patti Smith Group","1976","","100","0.01%","90.7474411%","Yes","","","","","","","","","","","","","","","","",""
"Paul McCartney","Chaos and Creation in the Backyard","Album: Chaos and Creation in the Backyard/ Artist: Paul McCartney","2005","","100","0.01%","90.7534885%","Yes","","","","","","","","","","","","","","","","",""
"Paul McCartney","Ram (Remaster)","Album: Ram (Remaster)/ Artist: Paul McCartney","1971","","100","0.01%","90.7595359%","Yes","","","","","","","","","","","","","","","","",""
"Paul McCartney & Wings","Band On the Run","Album: Band On the Run/ Artist: Paul McCartney & Wings","1973","","100","0.01%","90.7655833%","Yes","","","","","","","","","","","","","","","","",""
"Paul Simon","Graceland","Album: Graceland/ Artist: Paul Simon","1986","","100","0.01%","90.7716307%","Yes","","","","","","","","","","","","","","","","",""
"Paul Simon","Paul Simon","Album: Paul Simon/ Artist: Paul Simon","1972","","100","0.01%","90.7776782%","Yes","","","","","","","","","","","","","","","","",""
"Paul White ft. Danny Brown","Accelerator","Album: Accelerator/ Artist: Paul White ft. Danny Brown","2017","","100","0.01%","90.7837256%","Yes","","","","","","","","","","","","","","","","",""
"Paysage d'Hiver","Winterkaelte","Album: Winterkaelte/ Artist: Paysage d'Hiver","2001","","100","0.01%","90.7897730%","Yes","","","","","","","","","","","","","","","","",""
"Paysage d'Hiver","Paysage d'Hiver","Album: Paysage d'Hiver/ Artist: Paysage d'Hiver","1996","","100","0.01%","90.7958204%","Yes","","","","","","","","","","","","","","","","",""
"Pearl Jam","Rearviewmirror: Greatest Hits 1991-2003 CD1","Album: Rearviewmirror: Greatest Hits 1991-2003 CD1/ Artist: Pearl Jam","2004","","100","0.01%","90.8018678%","Yes","","","","","","","","","","","","","","","","",""
"Pearl Jam","Rearviewmirror: Greatest Hits 1991-2003 CD2","Album: Rearviewmirror: Greatest Hits 1991-2003 CD2/ Artist: Pearl Jam","2004","","100","0.01%","90.8079152%","Yes","","","","","","","","","","","","","","","","",""
"Pearl Jam","Yield","Album: Yield/ Artist: Pearl Jam","1998","","100","0.01%","90.8139626%","Yes","","","","","","","","","","","","","","","","",""
"Pearl Jam","Vitalogy","Album: Vitalogy/ Artist: Pearl Jam","1994","","100","0.01%","90.8200100%","Yes","","","","","","","","","","","","","","","","",""
"Pearl Jam","Vs.","Album: Vs./ Artist: Pearl Jam","1993","","100","0.01%","90.8260575%","Yes","","","","","","","","","","","","","","","","",""
"Pearl Jam","Ten ","Album: Ten / Artist: Pearl Jam","1991","","100","0.01%","90.8321049%","Yes","","","","","","","","","","","","","","","","",""
"Pere Ubu","Dub Housing","Album: Dub Housing/ Artist: Pere Ubu","1981","","100","0.01%","90.8381523%","Yes","","","","","","","","","","","","","","","","",""
"Pere Ubu","The Modern Dance","Album: The Modern Dance/ Artist: Pere Ubu","1978","","100","0.01%","90.8441997%","Yes","","","","","","","","","","","","","","","","",""
"Perfume","⊿","Album: ⊿/ Artist: Perfume","2009","","100","0.01%","90.8502471%","Yes","","","","","","","","","","","","","","","","",""
"Perfume Genius","Ugly Season","Album: Ugly Season/ Artist: Perfume Genius","2022","","100","0.01%","90.8562945%","Yes","","","","","","","","","","","","","","","","",""
"Perfume Genius","Set My Heart on Fire Inmediately","Album: Set My Heart on Fire Inmediately/ Artist: Perfume Genius","2020","","100","0.01%","90.8623419%","Yes","","","","","","","","","","","","","","","","",""
"Perfume Genius","No Shape","Album: No Shape/ Artist: Perfume Genius","2017","","100","0.01%","90.8683893%","Yes","","","","","","","","","","","","","","","","",""
"Perfume Genius","Too Bright","Album: Too Bright/ Artist: Perfume Genius","2014","","100","0.01%","90.8744367%","Yes","","","","","","","","","","","","","","","","",""
"Perfume Genius","Put Your Back N 2 It","Album: Put Your Back N 2 It/ Artist: Perfume Genius","2012","","100","0.01%","90.8804842%","Yes","","","","","","","","","","","","","","","","",""
"Perturbator","New Model","Album: New Model/ Artist: Perturbator","2017","","100","0.01%","90.8865316%","Yes","","","","","","","","","","","","","","","","",""
"Pescado Rabioso","Artaud","Album: Artaud/ Artist: Pescado Rabioso","1973","","100","0.01%","90.8925790%","Yes","","","","","","","","","","","","","","","","",""
"Pestilence","Consuming Impulse","Album: Consuming Impulse/ Artist: Pestilence","1989","","100","0.01%","90.8986264%","Yes","","","","","","","","","","","","","","","","",""
"Pet Shop Boys","PopArt: The Hits (Art)","Album: PopArt: The Hits (Art)/ Artist: Pet Shop Boys","2000","","100","0.01%","90.9046738%","Yes","","","","","","","","","","","","","","","","",""
"Pet Shop Boys","PopArt: The Hits (Pop)","Album: PopArt: The Hits (Pop)/ Artist: Pet Shop Boys","2000","","100","0.01%","90.9107212%","Yes","","","","","","","","","","","","","","","","",""
"Pet Shop Boys","Very","Album: Very/ Artist: Pet Shop Boys","1993","","100","0.01%","90.9167686%","Yes","","","","","","","","","","","","","","","","",""
"Pet Shop Boys","Discography: The Complete Singles Collection","Album: Discography: The Complete Singles Collection/ Artist: Pet Shop Boys","1991","","100","0.01%","90.9228160%","Yes","","","","","","","","","","","","","","","","",""
"Pet Shop Boys","Behaviour","Album: Behaviour/ Artist: Pet Shop Boys","1990","","100","0.01%","90.9288635%","Yes","","","","","","","","","","","","","","","","",""
"Pet Shop Boys","Introspective","Album: Introspective/ Artist: Pet Shop Boys","1988","","100","0.01%","90.9349109%","Yes","","","","","","","","","","","","","","","","",""
"Pet Shop Boys","Actually","Album: Actually/ Artist: Pet Shop Boys","1987","","100","0.01%","90.9409583%","Yes","","","","","","","","","","","","","","","","",""
"Pet Shop Boys","Please","Album: Please/ Artist: Pet Shop Boys","1986","","100","0.01%","90.9470057%","Yes","","","","","","","","","","","","","","","","",""
"Pete Rock & CL Smooth","The Main Ingredient","Album: The Main Ingredient/ Artist: Pete Rock & CL Smooth","1994","","100","0.01%","90.9530531%","Yes","","","","","","","","","","","","","","","","",""
"Pete Rock & CL Smooth","Mecca and the Soul Brother","Album: Mecca and the Soul Brother/ Artist: Pete Rock & CL Smooth","1992","","100","0.01%","90.9591005%","Yes","","","","","","","","","","","","","","","","",""
"Pete Rock & InI","Center of Attention","Album: Center of Attention/ Artist: Pete Rock & InI","2003","","100","0.01%","90.9651479%","Yes","","","","","","","","","","","","","","","","",""
"Peter Gabriel","So","Album: So/ Artist: Peter Gabriel","1986","","100","0.01%","90.9711953%","Yes","","","","","","","","","","","","","","","","",""
"Peter Gabriel","Peter Gabriel (1980)","Album: Peter Gabriel (1980)/ Artist: Peter Gabriel","1980","","100","0.01%","90.9772427%","Yes","","","","","","","","","","","","","","","","",""
"Petrol Girls","Baby","Album: Baby/ Artist: Petrol Girls","2022","","100","0.01%","90.9832902%","Yes","","","","","","","","","","","","","","","","",""
"Pharoah Sanders","Black Unity","Album: Black Unity/ Artist: Pharoah Sanders","1972","","100","0.01%","90.9893376%","Yes","","","","","","","","","","","","","","","","",""
"Pharoah Sanders","Karma","Album: Karma/ Artist: Pharoah Sanders","1969","","100","0.01%","90.9953850%","Yes","","","","","","","","","","","","","","","","",""
"Pharoahe Monch","Internal Affairs","Album: Internal Affairs/ Artist: Pharoahe Monch","1999","","100","0.01%","91.0014324%","Yes","","","","","","","","","","","","","","","","",""
"Phil Spector","Back to Mono (1958-1969)","Album: Back to Mono (1958-1969)/ Artist: Phil Spector","1991","","100","0.01%","91.0074798%","Yes","","","","","","","","","","","","","","","","",""
"Phillip Glass","Glassworks","Album: Glassworks/ Artist: Phillip Glass","1982","","100","0.01%","91.0135272%","Yes","","","","","","","","","","","","","","","","",""
"Phoebe Bridgers","Punisher","Album: Punisher/ Artist: Phoebe Bridgers","2020","","100","0.01%","91.0195746%","Yes","","","","","","","","","","","","","","","","",""
"Phoebe Bridgers","Lost Weekend","Album: Lost Weekend/ Artist: Phoebe Bridgers","2026","","100","0.01%","91.0256220%","Yes","","","","","","","","","","","","","","","","",""
"Phoebe Bridgers","Stranger in the Alps","Album: Stranger in the Alps/ Artist: Phoebe Bridgers","2017","","100","0.01%","91.0316695%","Yes","","","","","","","","","","","","","","","","",""
"Phoenix","It's Never Been Like That","Album: It's Never Been Like That/ Artist: Phoenix","2006","","100","0.01%","91.0377169%","","","","","","","","","","","","","","","","","",""
"Phoenix","Wolfgang Amadeus Phoenix","Album: Wolfgang Amadeus Phoenix/ Artist: Phoenix","2009","","100","0.01%","91.0437643%","Yes","","","","","","","","","","","","","","","","",""
"Phosphorecent","C'est La Vie","Album: C'est La Vie/ Artist: Phosphorecent","2018","","100","0.01%","91.0498117%","Yes","","","","","","","","","","","","","","","","",""
"Phosphorecent","Muchacho","Album: Muchacho/ Artist: Phosphorecent","2013","","100","0.01%","91.0558591%","Yes","","","","","","","","","","","","","","","","",""
"Phosphorecent","Pride","Album: Pride/ Artist: Phosphorecent","2011","","100","0.01%","91.0619065%","Yes","","","","","","","","","","","","","","","","",""
"Pig Destroyer","Terrifyer","Album: Terrifyer/ Artist: Pig Destroyer","2004","","100","0.01%","91.0679539%","Yes","","","","","","","","","","","","","","","","",""
"Pig Destroyer","Prowler in the Yard","Album: Prowler in the Yard/ Artist: Pig Destroyer","2001","","100","0.01%","91.0740013%","Yes","","","","","","","","","","","","","","","","",""
"Pink Floyd","Echoes: The Best of Pink Floyd CD1","Album: Echoes: The Best of Pink Floyd CD1/ Artist: Pink Floyd","2001","","100","0.01%","91.0800487%","Yes","","","","","","","","","","","","","","","","",""
"Pink Floyd","Echoes: The Best of Pink Floyd CD2","Album: Echoes: The Best of Pink Floyd CD2/ Artist: Pink Floyd","2001","","100","0.01%","91.0860962%","Yes","","","","","","","","","","","","","","","","",""
"JID","God Does Like Ugly","Album: God Does Like Ugly/ Artist: JID","2025","","100","0.01%","91.0921436%","Yes","","","","","","","","","","","","","","","","",""
"Racing Mount Pleasant","Racing Mount Pleasant","Album: Racing Mount Pleasant/ Artist: Racing Mount Pleasant","2025","","100","0.01%","91.0981910%","Yes","","","","","","","","","","","","","","","","",""
"Pink Floyd","The Division Bell","Album: The Division Bell/ Artist: Pink Floyd","1994","","100","0.01%","91.1042384%","Yes","","","","","","","","","","","","","","","","",""
"Pink Floyd","The Final Cut","Album: The Final Cut/ Artist: Pink Floyd","1983","","100","0.01%","91.1102858%","Yes","","","","","","","","","","","","","","","","",""
"Pink Floyd","The Wall","Album: The Wall/ Artist: Pink Floyd","1979","","100","0.01%","91.1163332%","Yes","","","","","","","","","","","","","","","","",""
"Pink Floyd","Animals (2018 Remix)","Album: Animals (2018 Remix)/ Artist: Pink Floyd","1977","","100","0.01%","91.1223806%","Yes","","","","","","","","","","","","","","","","",""
"Pink Floyd","Wish You Were Here","Album: Wish You Were Here/ Artist: Pink Floyd","1975","","100","0.01%","91.1284280%","Yes","","","","","","","","","","","","","","","","",""
"Pink Floyd","Dark Side Of The Moon","Album: Dark Side Of The Moon/ Artist: Pink Floyd","1973","","100","0.01%","91.1344754%","Yes","","","","","","","","","","","","","","","","",""
"Pink Floyd","Meddle","Album: Meddle/ Artist: Pink Floyd","1971","","100","0.01%","91.1405229%","Yes","","","","","","","","","","","","","","","","",""
"Pink Floyd","Relics","Album: Relics/ Artist: Pink Floyd","1971","","100","0.01%","91.1465703%","Yes","","","","","","","","","","","","","","","","",""
"Pink Floyd","The Piper Gates of Dawn","Album: The Piper Gates of Dawn/ Artist: Pink Floyd","1967","","100","0.01%","91.1526177%","Yes","","","","","","","","","","","","","","","","",""
"Pink Silfu'","GUMBO!","Album: GUMBO!/ Artist: Pink Silfu'","2021","","100","0.01%","91.1586651%","Yes","","","","","","","","","","","","","","","","",""
"PinkPantheress","Fancy That","Album: Fancy That/ Artist: PinkPantheress","2025","","100","0.01%","91.1647125%","Yes","","","","","","","","","","","","","","","","",""
"PinkPantheress","Heaven Knows","Album: Heaven Knows/ Artist: PinkPantheress","2023","","100","0.01%","91.1707599%","Yes","","","","","","","","","","","","","","","","",""
"Pixies","Wave of Mutilation: Best of Pixies","Album: Wave of Mutilation: Best of Pixies/ Artist: Pixies","2004","","100","0.01%","91.1768073%","Yes","","","","","","","","","","","","","","","","",""
"Pixies","Death to the Pixies","Album: Death to the Pixies/ Artist: Pixies","1997","","100","0.01%","91.1828547%","Yes","","","","","","","","","","","","","","","","",""
"Pixies","Trompe le Monde","Album: Trompe le Monde/ Artist: Pixies","1991","","100","0.01%","91.1889022%","Yes","","","","","","","","","","","","","","","","",""
"Pixies","Bossanova","Album: Bossanova/ Artist: Pixies","1990","","100","0.01%","91.1949496%","Yes","","","","","","","","","","","","","","","","",""
"Pixies","Doolittle","Album: Doolittle/ Artist: Pixies","1989","","100","0.01%","91.2009970%","Yes","","","","","","","","","","","","","","","","",""
"Pixies","Surfer Rosa","Album: Surfer Rosa/ Artist: Pixies","1988","","100","0.01%","91.2070444%","Yes","","","","","","","","","","","","","","","","",""
"Pixies","Come On, Pilgrim","Album: Come On, Pilgrim/ Artist: Pixies","1987","","100","0.01%","91.2130918%","Yes","","","","","","","","","","","","","","","","",""
"PJ Harvey","The Hope Six Demolition Project","Album: The Hope Six Demolition Project/ Artist: PJ Harvey","2016","","100","0.01%","91.2191392%","Yes","","","","","","","","","","","","","","","","",""
"PJ Harvey","Let England Shake","Album: Let England Shake/ Artist: PJ Harvey","2011","","100","0.01%","91.2251866%","Yes","","","","","","","","","","","","","","","","",""
"Joey Valence & Brae","NO HANDS","Album: NO HANDS/ Artist: Joey Valence & Brae","2025","","100","0.01%","91.2312340%","Yes","","","","","","","","","","","","","","","","",""
"Joey Valence & Brae","HYPERYOUTH","Album: HYPERYOUTH/ Artist: Joey Valence & Brae","2025","","100","0.01%","91.2372814%","Yes","","","","","","","","","","","","","","","","",""
"PJ Harvey","White Chalk","Album: White Chalk/ Artist: PJ Harvey","2007","","100","0.01%","91.2433289%","Yes","","","","","","","","","","","","","","","","",""
"PJ Harvey","Stories from the City - Stories from the Sea","Album: Stories from the City - Stories from the Sea/ Artist: PJ Harvey","2000","","100","0.01%","91.2493763%","Yes","","","","","","","","","","","","","","","","",""
"PJ Harvey","Is This Desire?","Album: Is This Desire?/ Artist: PJ Harvey","1998","","100","0.01%","91.2554237%","Yes","","","","","","","","","","","","","","","","",""
"PJ Harvey","To Bring You my Love","Album: To Bring You my Love/ Artist: PJ Harvey","1995","","100","0.01%","91.2614711%","Yes","","","","","","","","","","","","","","","","",""
"PJ Harvey","Rid of Me","Album: Rid of Me/ Artist: PJ Harvey","1993","","100","0.01%","91.2675185%","Yes","","","","","","","","","","","","","","","","",""
"Placebo","Once More With Feeling","Album: Once More With Feeling/ Artist: Placebo","2004","","100","0.01%","91.2735659%","Yes","","","","","","","","","","","","","","","","",""
"Placebo","Without You I'm Nothing","Album: Without You I'm Nothing/ Artist: Placebo","1998","","100","0.01%","91.2796133%","Yes","","","","","","","","","","","","","","","","",""
"Playboi Carti","Die Lit","Album: Die Lit/ Artist: Playboi Carti","2018","","100","0.01%","91.2856607%","Yes","","","","","","","","","","","","","","","","",""
"Policias y Ladrones","Flores","Album: Flores/ Artist: Policias y Ladrones","2016","","100","0.01%","91.2917082%","Yes","","","","","","","","","","","","","","","","",""
"Polvo","Today's Active Lifestyles","Album: Today's Active Lifestyles/ Artist: Polvo","1993","","100","0.01%","91.2977556%","Yes","","","","","","","","","","","","","","","","",""
"Polyphia","New Levels New Devils","Album: New Levels New Devils/ Artist: Polyphia","2018","","100","0.01%","91.3038030%","Yes","","","","","","","","","","","","","","","","",""
"Pond","Man It Feels Like Space Again","Album: Man It Feels Like Space Again/ Artist: Pond","2015","","100","0.01%","91.3098504%","Yes","","","","","","","","","","","","","","","","",""
"Popol Vuh","Hosiana Mantrah","Album: Hosiana Mantrah/ Artist: Popol Vuh","1972","","100","0.01%","91.3158978%","Yes","","","","","","","","","","","","","","","","",""
"Popol Vuh","In den Gärten Pharaos","Album: In den Gärten Pharaos/ Artist: Popol Vuh","1972","","100","0.01%","91.3219452%","Yes","","","","","","","","","","","","","","","","",""
"Porches","Pool","Album: Pool/ Artist: Porches","2015","","100","0.01%","91.3279926%","Yes","","","","","","","","","","","","","","","","",""
"Porcupine Tree","The Incident","Album: The Incident/ Artist: Porcupine Tree","2009","","100","0.01%","91.3340400%","Yes","","","","","","","","","","","","","","","","",""
"Porcupine Tree","Fear of a Blank Planet","Album: Fear of a Blank Planet/ Artist: Porcupine Tree","2007","","100","0.01%","91.3400874%","Yes","","","","","","","","","","","","","","","","",""
"Porcupine Tree","Deadwing","Album: Deadwing/ Artist: Porcupine Tree","2005","","100","0.01%","91.3461349%","Yes","","","","","","","","","","","","","","","","",""
"Porcupine Tree","In Absentia","Album: In Absentia/ Artist: Porcupine Tree","2002","","100","0.01%","91.3521823%","Yes","","","","","","","","","","","","","","","","",""
"Porcupine Tree","Lightbulb Sun","Album: Lightbulb Sun/ Artist: Porcupine Tree","2000","","100","0.01%","91.3582297%","Yes","","","","","","","","","","","","","","","","",""
"Porcupine Tree","Stupid Dream","Album: Stupid Dream/ Artist: Porcupine Tree","1999","","100","0.01%","91.3642771%","Yes","","","","","","","","","","","","","","","","",""
"Porridge Radio","Every Bad","Album: Every Bad/ Artist: Porridge Radio","2020","","100","0.01%","91.3703245%","Yes","","","","","","","","","","","","","","","","",""
"Porter Ricks","Biokinetics","Album: Biokinetics/ Artist: Porter Ricks","1996","","100","0.01%","91.3763719%","Yes","","","","","","","","","","","","","","","","",""
"Porter Robinson","SMILE! :D","Album: SMILE! :D/ Artist: Porter Robinson","2024","","100","0.01%","91.3824193%","Yes","","","","","","","","","","","","","","","","",""
"Portico Quartet","Portico Quartet","Album: Portico Quartet/ Artist: Portico Quartet","2012","","100","0.01%","91.3884667%","Yes","","","","","","","","","","","","","","","","",""
"Posessed","Seven Churches","Album: Seven Churches/ Artist: Posessed","1985","","100","0.01%","91.3945142%","Yes","","","","","","","","","","","","","","","","",""
"Powder","Powder in Space (DJ Mix)","Album: Powder in Space (DJ Mix)/ Artist: Powder","2019","","100","0.01%","91.4005616%","Yes","","","","","","","","","","","","","","","","",""
"Prefuse 73","One Word Extinguisher","Album: One Word Extinguisher/ Artist: Prefuse 73","2003","","100","0.01%","91.4066090%","Yes","","","","","","","","","","","","","","","","",""
"Premiata Forneria Marconi","Per un Amico","Album: Per un Amico/ Artist: Premiata Forneria Marconi","1972","","100","0.01%","91.4126564%","Yes","","","","","","","","","","","","","","","","",""
"Premiata Forneria Marconi","Storia di un minuto","Album: Storia di un minuto/ Artist: Premiata Forneria Marconi","1972","","100","0.01%","91.4187038%","Yes","","","","","","","","","","","","","","","","",""
"Jill Scott","To Whom This May Concern","Album: To Whom This May Concern/ Artist: Jill Scott","2025","","100","0.01%","91.4247512%","Yes","","","","","","","","","","","","","","","","",""
"GENA","The Pleasure Is Yours","Album: The Pleasure Is Yours/ Artist: GENA","2025","","100","0.01%","91.4307986%","Yes","","","","","","","","","","","","","","","","",""
"Gorillaz","The Mountain","Album: The Mountain/ Artist: Gorillaz","2025","","100","0.01%","91.4368460%","Yes","","","","","","","","","","","","","","","","",""
"Bill Callahan","My Days of 58","Album: My Days of 58/ Artist: Bill Callahan","2025","","100","0.01%","91.4428934%","Yes","","","","","","","","","","","","","","","","",""
"James Blake","Trying Times","Album: Trying Times/ Artist: James Blake","2025","","100","0.01%","91.4489409%","Yes","","","","","","","","","","","","","","","","",""
"slayr","Half Blood (BloodLuxe)","Album: Half Blood (BloodLuxe)/ Artist: slayr","2025","","100","0.01%","91.4549883%","Yes","","","","","","","","","","","","","","","","",""
"underscores","fishmonger","Album: fishmonger/ Artist: underscores","2025","","100","0.01%","91.4610357%","Yes","","","","","","","","","","","","","","","","",""
"Neurosis","An Undying Love for a Burning World","Album: An Undying Love for a Burning World/ Artist: Neurosis","2025","","100","0.01%","91.4670831%","Yes","","","","","","","","","","","","","","","","",""
"Blood Command","Wet Death EP","Album: Wet Death EP/ Artist: Blood Command","2025","","100","0.01%","91.4718155%","Yes","","","","","","","","","","","","","","","","",""
"Dylan Brady","Needle Guy EP","Album: Needle Guy EP/ Artist: Dylan Brady","2025","","100","0.01%","91.4718155%","Yes","","","","","","","","","","","","","","","","",""
"Cowboy Hunters","Epeepee EP","Album: Epeepee EP/ Artist: Cowboy Hunters","2025","","100","0.01%","91.4718155%","Yes","","","","","","","","","","","","","","","","",""
"Model/ Actriz","Swans Song EP","Album: Swans Song EP/ Artist: Model/ Actriz","2025","","100","0.01%","91.4718155%","Yes","","","","","","","","","","","","","","","","",""
"Preoccupations","Preoccupations","Album: Preoccupations/ Artist: Preoccupations","2016","","100","0.01%","91.4972385%","Yes","","","","","","","","","","","","","","","","",""
"Preoccupations","Viet Cong","Album: Viet Cong/ Artist: Preoccupations","2015","","100","0.01%","91.5032859%","Yes","","","","","","","","","","","","","","","","",""
"Pretenders","The Singles","Album: The Singles/ Artist: Pretenders","1987","","100","0.01%","91.5093333%","Yes","","","","","","","","","","","","","","","","",""
"Pretenders","Pretenders","Album: Pretenders/ Artist: Pretenders","1980","","100","0.01%","91.5153807%","Yes","","","","","","","","","","","","","","","","",""
"PRhyme","PRhyme","Album: PRhyme/ Artist: PRhyme","2014","","100","0.01%","91.5214282%","Yes","","","","","","","","","","","","","","","","",""
"Primal Scream","XTRMNTR","Album: XTRMNTR/ Artist: Primal Scream","2000","","100","0.01%","91.5274756%","Yes","","","","","","","","","","","","","","","","",""
"Primal Scream","Vanishing Point","Album: Vanishing Point/ Artist: Primal Scream","1997","","100","0.01%","91.5335230%","Yes","","","","","","","","","","","","","","","","",""
"Primal Scream","Screamadelica","Album: Screamadelica/ Artist: Primal Scream","1991","","100","0.01%","91.5395704%","Yes","","","","","","","","","","","","","","","","",""
"The Thermals","The Body, the Blood, the Machine","Album: The Body, the Blood, the Machine/ Artist: The Thermals","2006","","100","0.01%","91.5456178%","","","","","","","","","","","","","","","","","",""
"Primus","Pork Soda","Album: Pork Soda/ Artist: Primus","1993","","100","0.01%","91.5516652%","Yes","","","","","","","","","","","","","","","","",""
"Primus","Sailing The Seas of Cheese","Album: Sailing The Seas of Cheese/ Artist: Primus","1991","","100","0.01%","91.5577126%","Yes","","","","","","","","","","","","","","","","",""
"Primus","Frizzle Fry","Album: Frizzle Fry/ Artist: Primus","1990","","100","0.01%","91.5637600%","Yes","","","","","","","","","","","","","","","","",""
"Prince","Originals","Album: Originals/ Artist: Prince","2019","","100","0.01%","91.5698074%","Yes","","","","","","","","","","","","","","","","",""
"Prince","Piano & a Microphone 1983","Album: Piano & a Microphone 1983/ Artist: Prince","2018","","100","0.01%","91.5758549%","Yes","","","","","","","","","","","","","","","","",""
"Prince","[Love Symbol]","Album: [Love Symbol]/ Artist: Prince","1992","","100","0.01%","91.5819023%","Yes","","","","","","","","","","","","","","","","",""
"Prince","Sign O' The Times","Album: Sign O' The Times/ Artist: Prince","1987","","100","0.01%","91.5879497%","Yes","","","","","","","","","","","","","","","","",""
"Prince","Parade","Album: Parade/ Artist: Prince","1986","","100","0.01%","91.5939971%","Yes","","","","","","","","","","","","","","","","",""
"Prince","Purple Rain","Album: Purple Rain/ Artist: Prince","1984","","100","0.01%","91.6000445%","Yes","","","","","","","","","","","","","","","","",""
"Prince","1999","Album: 1999/ Artist: Prince","1982","","100","0.01%","91.6060919%","Yes","","","","","","","","","","","","","","","","",""
"Prince","Controversy","Album: Controversy/ Artist: Prince","1981","","100","0.01%","91.6121393%","Yes","","","","","","","","","","","","","","","","",""
"Prince","Dirty Mind","Album: Dirty Mind/ Artist: Prince","1980","","100","0.01%","91.6181867%","Yes","","","","","","","","","","","","","","","","",""
"Patrice Rushen","Straight from the Heart","Album: Straight from the Heart/ Artist: Patrice Rushen","1982","","100","0.01%","91.6242342%","","","","","","","","","","","","","","","","","",""
"Change","The Glow of Love","Album: The Glow of Love/ Artist: Change","1980","","100","0.01%","91.6302816%","","","","","","","","","","","","","","","","","",""
"Yoko Ono","Seasons Of Glass","Album: Seasons Of Glass/ Artist: Yoko Ono","1982","","100","0.01%","91.6363290%","","","","","","","","","","","","","","","","","",""
"Protomartyr","Ultimate Success Today","Album: Ultimate Success Today/ Artist: Protomartyr","2020","","100","0.01%","91.6423764%","Yes","","","","","","","","","","","","","","","","",""
"Protomartyr","Consolation","Album: Consolation/ Artist: Protomartyr","2018","","100","0.01%","91.6484238%","Yes","","","","","","","","","","","","","","","","",""
"Protomartyr","Relatives in Descent","Album: Relatives in Descent/ Artist: Protomartyr","2017","","100","0.01%","91.6544712%","Yes","","","","","","","","","","","","","","","","",""
"Protomartyr","The Agent Intellect","Album: The Agent Intellect/ Artist: Protomartyr","2015","","100","0.01%","91.6605186%","Yes","","","","","","","","","","","","","","","","",""
"Tropical Fuck Storm","Fairyland Codex","Album: Fairyland Codex/ Artist: Tropical Fuck Storm","2015","","100","0.01%","91.6665660%","Yes","","","","","","","","","","","","","","","","",""
"Protomartyr","Under Color of Official Right","Album: Under Color of Official Right/ Artist: Protomartyr","2014","","100","0.01%","91.6726134%","Yes","","","","","","","","","","","","","","","","",""
"Gaby Amarantos","ROCK DOIDO","Album: ROCK DOIDO/ Artist: Gaby Amarantos","2025","","100","0.01%","91.6786609%","Yes","","","","","","","","","","","","","","","","",""
"Ini Kamoze","Ini Kamoze","Album: Ini Kamoze/ Artist: Ini Kamoze","1984","","100","0.01%","91.6847083%","","","","","","","","","","","","","","","","","",""
"Psychedelic Porn Crumpets","High Visceral pt. 1","Album: High Visceral pt. 1/ Artist: Psychedelic Porn Crumpets","2017","","100","0.01%","91.6907557%","Yes","","","","","","","","","","","","","","","","",""
"Psychedelic Porn Crumpets","High Visceral pt. 2","Album: High Visceral pt. 2/ Artist: Psychedelic Porn Crumpets","2017","","100","0.01%","91.6968031%","Yes","","","","","","","","","","","","","","","","",""
"Bronski Beat","The Age of Consent ","Album: The Age of Consent / Artist: Bronski Beat","1984","","100","0.01%","91.7028505%","","","","","","","","","","","","","","","","","",""
"Flipper","Generic Album - Flipper ","Album: Generic Album - Flipper / Artist: Flipper","1982","","100","0.01%","91.7088979%","","","","","","","","","","","","","","","","","",""
"Public Enemy","Fear of a Black Planet","Album: Fear of a Black Planet/ Artist: Public Enemy","1990","","100","0.01%","91.7149453%","Yes","","","","","","","","","","","","","","","","",""
"Public Enemy","It Takes a Nation of Millions to Hold Us Back","Album: It Takes a Nation of Millions to Hold Us Back/ Artist: Public Enemy","1988","","100","0.01%","91.7209927%","Yes","","","","","","","","","","","","","","","","",""
"Public Image Ltd.","The Flowers of Romance","Album: The Flowers of Romance/ Artist: Public Image Ltd.","1981","","100","0.01%","91.7270402%","Yes","","","","","","","","","","","","","","","","",""
"Public Image Ltd.","Metal Box","Album: Metal Box/ Artist: Public Image Ltd.","1979","","100","0.01%","91.7330876%","Yes","","","","","","","","","","","","","","","","",""
"Public Image Ltd.","First Issue","Album: First Issue/ Artist: Public Image Ltd.","1978","","100","0.01%","91.7391350%","Yes","","","","","","","","","","","","","","","","",""
"Pulp","Different Class","Album: Different Class/ Artist: Pulp","1995","","100","0.01%","91.7451824%","Yes","","","","","","","","","","","","","","","","",""
"Pulp","This is Hardcore","Album: This is Hardcore/ Artist: Pulp","1995","","100","0.01%","91.7512298%","Yes","","","","","","","","","","","","","","","","",""
"Pulp","His 'n' Hers","Album: His 'n' Hers/ Artist: Pulp","1994","","100","0.01%","91.7572772%","Yes","","","","","","","","","","","","","","","","",""
"PUP","Morbid Stuff","Album: Morbid Stuff/ Artist: PUP","2019","","100","0.01%","91.7633246%","Yes","","","","","","","","","","","","","","","","",""
"Purple Mountains","Purple Mountains","Album: Purple Mountains/ Artist: Purple Mountains","2019","","100","0.01%","91.7693720%","Yes","","","","","","","","","","","","","","","","",""
"Pusha T","It's Almost Dry","Album: It's Almost Dry/ Artist: Pusha T","2022","","100","0.01%","91.7754194%","Yes","","","","","","","","","","","","","","","","",""
"Pusha T","Daytona","Album: Daytona/ Artist: Pusha T","2018","","100","0.01%","91.7814669%","Yes","","","","","","","","","","","","","","","","",""
"Q-Tip","The Renaissance","Album: The Renaissance/ Artist: Q-Tip","2008","","100","0.01%","91.7875143%","Yes","","","","","","","","","","","","","","","","",""
"Quadeca","Scrapyard","Album: Scrapyard/ Artist: Quadeca","2024","","100","0.01%","91.7935617%","Yes","","","","","","","","","","","","","","","","",""
"Quadeca","I Didn't Mean to Haunt You","Album: I Didn't Mean to Haunt You/ Artist: Quadeca","2022","","100","0.01%","91.7996091%","Yes","","","","","","","","","","","","","","","","",""
"Quadeca","Vanisher Horizon, Scraper","Album: Vanisher Horizon, Scraper/ Artist: Quadeca","2025","","100","0.01%","91.8056565%","Yes","","","","","","","","","","","","","","","","",""
"Quasimoto","The Unseen","Album: The Unseen/ Artist: Quasimoto","2000","","100","0.01%","91.8117039%","Yes","","","","","","","","","","","","","","","","",""
"Queen","Greatest Hits II","Album: Greatest Hits II/ Artist: Queen","1991","","100","0.01%","91.8177513%","Yes","","","","","","","","","","","","","","","","",""
"Queen","Greatest Hits","Album: Greatest Hits/ Artist: Queen","1981","","100","0.01%","91.8237987%","Yes","","","","","","","","","","","","","","","","",""
"Queen","A Night At The Opera","Album: A Night At The Opera/ Artist: Queen","1975","","100","0.01%","91.8298462%","Yes","","","","","","","","","","","","","","","","",""
"Queen","Sheer Heart Attack","Album: Sheer Heart Attack/ Artist: Queen","1974","","100","0.01%","91.8358936%","Yes","","","","","","","","","","","","","","","","",""
"Queens of the Stone Age","In Times New Roman… ","Album: In Times New Roman… / Artist: Queens of the Stone Age","2023","","100","0.01%","91.8419410%","Yes","","","","","","","","","","","","","","","","",""
"Queens Of The Stone Age","Villains","Album: Villains/ Artist: Queens Of The Stone Age","2017","","100","0.01%","91.8479884%","Yes","","","","","","","","","","","","","","","","",""
"Queens Of The Stone Age","...Like Clockwork","Album: ...Like Clockwork/ Artist: Queens Of The Stone Age","2013","","100","0.01%","91.8540358%","Yes","","","","","","","","","","","","","","","","",""
"Queens Of The Stone Age","Era Vulgaris","Album: Era Vulgaris/ Artist: Queens Of The Stone Age","2007","","100","0.01%","91.8600832%","Yes","","","","","","","","","","","","","","","","",""
"Queens Of The Stone Age","Lullabies to Paralyze","Album: Lullabies to Paralyze/ Artist: Queens Of The Stone Age","2005","","100","0.01%","91.8661306%","Yes","","","","","","","","","","","","","","","","",""
"Queens Of The Stone Age","Songs For The Deaf","Album: Songs For The Deaf/ Artist: Queens Of The Stone Age","2002","","100","0.01%","91.8721780%","Yes","","","","","","","","","","","","","","","","",""
"Queens Of The Stone Age","Rated R","Album: Rated R/ Artist: Queens Of The Stone Age","2000","","100","0.01%","91.8782254%","Yes","","","","","","","","","","","","","","","","",""
"Queensrÿche","Operation: Mindcrime","Album: Operation: Mindcrime/ Artist: Queensrÿche","1988","","100","0.01%","91.8842729%","Yes","","","","","","","","","","","","","","","","",""
"R.E.M","New Adventures in Hi-Fi","Album: New Adventures in Hi-Fi/ Artist: R.E.M","1996","","100","0.01%","91.8903203%","Yes","","","","","","","","","","","","","","","","",""
"R.E.M","Automatic for the People","Album: Automatic for the People/ Artist: R.E.M","1992","","100","0.01%","91.8963677%","Yes","","","","","","","","","","","","","","","","",""
"R.E.M","Out of Time","Album: Out of Time/ Artist: R.E.M","1991","","100","0.01%","91.9024151%","Yes","","","","","","","","","","","","","","","","",""
"R.E.M","Eponymous","Album: Eponymous/ Artist: R.E.M","1988","","100","0.01%","91.9084625%","Yes","","","","","","","","","","","","","","","","",""
"R.E.M","Green","Album: Green/ Artist: R.E.M","1988","","100","0.01%","91.9145099%","Yes","","","","","","","","","","","","","","","","",""
"R.E.M","Document","Album: Document/ Artist: R.E.M","1987","","100","0.01%","91.9205573%","Yes","","","","","","","","","","","","","","","","",""
"R.E.M","Lifes Rich Pageant","Album: Lifes Rich Pageant/ Artist: R.E.M","1986","","100","0.01%","91.9266047%","Yes","","","","","","","","","","","","","","","","",""
"R.E.M","Fables of Reconstrution","Album: Fables of Reconstrution/ Artist: R.E.M","1985","","100","0.01%","91.9326522%","Yes","","","","","","","","","","","","","","","","",""
"R.E.M","Reckoning","Album: Reckoning/ Artist: R.E.M","1984","","100","0.01%","91.9386996%","Yes","","","","","","","","","","","","","","","","",""
"R.E.M","Murmur","Album: Murmur/ Artist: R.E.M","1983","","100","0.01%","91.9447470%","Yes","","","","","","","","","","","","","","","","",""
"R.E.M","Chronic Town","Album: Chronic Town/ Artist: R.E.M","1982","","100","0.01%","91.9507944%","Yes","","","","","","","","","","","","","","","","",""
"R.E.M.","Part Lies, Part Heart, Part Truth, Part Garbage: 1982-2011 (CD 1)","Album: Part Lies, Part Heart, Part Truth, Part Garbage: 1982-2011 (CD 1)/ Artist: R.E.M.","2011","","100","0.01%","91.9568418%","Yes","","","","","","","","","","","","","","","","",""
"R.E.M.","Part Lies, Part Heart, Part Truth, Part Garbage: 1982-2011 (CD 2)","Album: Part Lies, Part Heart, Part Truth, Part Garbage: 1982-2011 (CD 2)/ Artist: R.E.M.","2011","","100","0.01%","91.9628892%","Yes","","","","","","","","","","","","","","","","",""
"R.E.M.","In Time: The Best of R.E.M. 1988-2003","Album: In Time: The Best of R.E.M. 1988-2003/ Artist: R.E.M.","2003","","100","0.01%","91.9689366%","Yes","","","","","","","","","","","","","","","","",""
"Rachel Chinouriri","Four° in Winter","Album: Four° in Winter/ Artist: Rachel Chinouriri","2021","","100","0.01%","91.9749840%","Yes","","","","","","","","","","","","","","","","",""
"Rachika Nayar","heaven Come Crashing","Album: heaven Come Crashing/ Artist: Rachika Nayar","2022","","100","0.01%","91.9810314%","Yes","","","","","","","","","","","","","","","","",""
"Racionais MC's","Sobrevivendo no inferno","Album: Sobrevivendo no inferno/ Artist: Racionais MC's","1997","","100","0.01%","91.9870789%","Yes","","","","","","","","","","","","","","","","",""
"Radio Stereo","Sueño Stereo","Album: Sueño Stereo/ Artist: Radio Stereo","1995","","100","0.01%","91.9931263%","Yes","","","","","","","","","","","","","","","","",""
"Radiohead","KID A MNESIA (CD 1 + CD2)","Album: KID A MNESIA (CD 1 + CD2)/ Artist: Radiohead","2022","","100","0.01%","91.9991737%","Yes","","","","","","","","","","","","","","","","",""
"Radiohead","KID A MNESIA (CD 3)","Album: KID A MNESIA (CD 3)/ Artist: Radiohead","2022","","100","0.01%","92.0052211%","Yes","","","","","","","","","","","","","","","","",""
"Radiohead","OK Computer OKNOTOK CD2","Album: OK Computer OKNOTOK CD2/ Artist: Radiohead","2017","","100","0.01%","92.0112685%","Yes","","","","","","","","","","","","","","","","",""
"Radiohead","A Moon Shaped Pool","Album: A Moon Shaped Pool/ Artist: Radiohead","2016","","100","0.01%","92.0173159%","Yes","","","","","","","","","","","","","","","","",""
"Radiohead","The King of Limbs (Live at the Basement)","Album: The King of Limbs (Live at the Basement)/ Artist: Radiohead","2011","","100","0.01%","92.0233633%","Yes","","","","","","","","","","","","","","","","",""
"Radiohead","In Rainbows: From the Basement","Album: In Rainbows: From the Basement/ Artist: Radiohead","2008","","100","0.01%","92.0294107%","Yes","","","","","","","","","","","","","","","","",""
"Radiohead","In Rainbows","Album: In Rainbows/ Artist: Radiohead","2007","","100","0.01%","92.0354582%","Yes","","","","","","","","","","","","","","","","",""
"Radiohead","Hail to the Thief","Album: Hail to the Thief/ Artist: Radiohead","2003","","100","0.01%","92.0415056%","Yes","","","","","","","","","","","","","","","","",""
"Radiohead","Amnesiac","Album: Amnesiac/ Artist: Radiohead","2001","","100","0.01%","92.0475530%","Yes","","","","","","","","","","","","","","","","",""
"Radiohead","Kid A","Album: Kid A/ Artist: Radiohead","2000","","100","0.01%","92.0536004%","Yes","","","","","","","","","","","","","","","","",""
"Radiohead","OK Computer OKNOTOK CD1","Album: OK Computer OKNOTOK CD1/ Artist: Radiohead","1997","","100","0.01%","92.0596478%","Yes","","","","","","","","","","","","","","","","",""
"Radiohead","The Bends","Album: The Bends/ Artist: Radiohead","1995","","100","0.01%","92.0656952%","Yes","","","","","","","","","","","","","","","","",""
"Raekwon","Only Built 4 Cuban Linx... Pt. II","Album: Only Built 4 Cuban Linx... Pt. II/ Artist: Raekwon","2009","","100","0.01%","92.0717426%","Yes","","","","","","","","","","","","","","","","",""
"Raekwon","Only Built 4 Cuban Linx","Album: Only Built 4 Cuban Linx/ Artist: Raekwon","1995","","100","0.01%","92.0777900%","Yes","","","","","","","","","","","","","","","","",""
"Rage Against the Machine","The Battle of Los Angeles","Album: The Battle of Los Angeles/ Artist: Rage Against the Machine","1999","","100","0.01%","92.0838374%","Yes","","","","","","","","","","","","","","","","",""
"Rage Against the Machine","Evil Empire","Album: Evil Empire/ Artist: Rage Against the Machine","1996","","100","0.01%","92.0898849%","Yes","","","","","","","","","","","","","","","","",""
"Rage Against the Machine","Rage Against the Machine","Album: Rage Against the Machine/ Artist: Rage Against the Machine","1992","","100","0.01%","92.0959323%","Yes","","","","","","","","","","","","","","","","",""
"Rainbow","Long Live Rock 'n' Roll","Album: Long Live Rock 'n' Roll/ Artist: Rainbow","1978","","100","0.01%","92.1019797%","Yes","","","","","","","","","","","","","","","","",""
"Rainbow","Rising","Album: Rising/ Artist: Rainbow","1976","","100","0.01%","92.1080271%","Yes","","","","","","","","","","","","","","","","",""
"Rakim & Eric B.","Follow the Leader","Album: Follow the Leader/ Artist: Rakim & Eric B.","1988","","100","0.01%","92.1140745%","Yes","","","","","","","","","","","","","","","","",""
"Rammstein","Mutter","Album: Mutter/ Artist: Rammstein","2001","","100","0.01%","92.1201219%","Yes","","","","","","","","","","","","","","","","",""
"Ramones","Anthology: Hey Ho Let's Go!","Album: Anthology: Hey Ho Let's Go!/ Artist: Ramones","1999","","100","0.01%","92.1261693%","Yes","","","","","","","","","","","","","","","","",""
"Ramones","Ramones Mania","Album: Ramones Mania/ Artist: Ramones","1988","","100","0.01%","92.1322167%","Yes","","","","","","","","","","","","","","","","",""
"Ramones","It's Alive","Album: It's Alive/ Artist: Ramones","1979","","100","0.01%","92.1382641%","Yes","","","","","","","","","","","","","","","","",""
"Ramones","Leave Home","Album: Leave Home/ Artist: Ramones","1977","","100","0.01%","92.1443116%","Yes","","","","","","","","","","","","","","","","",""
"Ramones","Rocket to Russia","Album: Rocket to Russia/ Artist: Ramones","1977","","100","0.01%","92.1503590%","Yes","","","","","","","","","","","","","","","","",""
"Ramones","Ramones","Album: Ramones/ Artist: Ramones","1976","","100","0.01%","92.1564064%","Yes","","","","","","","","","","","","","","","","",""
"Rancid","...And Out Come the Wolves","Album: ...And Out Come the Wolves/ Artist: Rancid","1995","","100","0.01%","92.1624538%","Yes","","","","","","","","","","","","","","","","",""
"Randy Newman","Sail Away","Album: Sail Away/ Artist: Randy Newman","1972","","100","0.01%","92.1685012%","Yes","","","","","","","","","","","","","","","","",""
"Randy Newman","12 Songs","Album: 12 Songs/ Artist: Randy Newman","1970","","100","0.01%","92.1745486%","Yes","","","","","","","","","","","","","","","","",""
"Rapsody","Laila's Wisdom","Album: Laila's Wisdom/ Artist: Rapsody","2017","","100","0.01%","92.1805960%","Yes","","","","","","","","","","","","","","","","",""
"Ratatat","Classics","Album: Classics/ Artist: Ratatat","2006","","100","0.01%","92.1866434%","Yes","","","","","","","","","","","","","","","","",""
"Ratking","So It Goes","Album: So It Goes/ Artist: Ratking","2014","","100","0.01%","92.1926909%","Yes","","","","","","","","","","","","","","","","",""
"Rav","Beneath the Toxic Jungle","Album: Beneath the Toxic Jungle/ Artist: Rav","2015","","100","0.01%","92.1987383%","Yes","","","","","","","","","","","","","","","","",""
"Ravyn Lenae","Hypnos","Album: Hypnos/ Artist: Ravyn Lenae","2022","","100","0.01%","92.2047857%","Yes","","","","","","","","","","","","","","","","",""
"Les Savy Fav","Rome (Written Upside Down) EP","Album: Rome (Written Upside Down) EP/ Artist: Les Savy Fav","2000","","100","0.01%","92.2108331%","","","","","","","","","","","","","","","","","",""
"Ravyn Lenae","Crush","Album: Crush/ Artist: Ravyn Lenae","2018","","100","0.01%","92.2168805%","Yes","","","","","","","","","","","","","","","","",""
"DJ /rupture","Uproot","Album: Uproot/ Artist: DJ /rupture","2008","","100","0.01%","92.2229279%","","","","","","","","","","","","","","","","","",""
"Ray Charles","A 25th Anniversary in Show Business Salute to Ray Charles","Album: A 25th Anniversary in Show Business Salute to Ray Charles/ Artist: Ray Charles","1970","","100","0.01%","92.2289753%","Yes","","","","","","","","","","","","","","","","",""
"RBD","Nuestro Amor","Album: Nuestro Amor/ Artist: RBD","2005","","100","0.01%","92.2350227%","Yes","","","","","","","","","","","","","","","","",""
"RBD","Rebelde","Album: Rebelde/ Artist: RBD","2004","","100","0.01%","92.2410701%","Yes","","","","","","","","","","","","","","","","",""
"Real Estate","Atlas","Album: Atlas/ Artist: Real Estate","2014","","100","0.01%","92.2471176%","Yes","","","","","","","","","","","","","","","","",""
"Real Estate","Days","Album: Days/ Artist: Real Estate","2011","","100","0.01%","92.2531650%","Yes","","","","","","","","","","","","","","","","",""
"Real Estate","Real Estate","Album: Real Estate/ Artist: Real Estate","2009","","100","0.01%","92.2592124%","Yes","","","","","","","","","","","","","","","","",""
"Red Hot Chili Peppers","I'm With You","Album: I'm With You/ Artist: Red Hot Chili Peppers","2011","","100","0.01%","92.2652598%","Yes","","","","","","","","","","","","","","","","",""
"Jimmy Cliff","The Harder They Come","Album: The Harder They Come/ Artist: Jimmy Cliff","1972","","100","0.01%","92.2713072%","","","","","","","","","","","","","","","","","",""
"Red Hot Chili Peppers","Stadium Arcadium CD1","Album: Stadium Arcadium CD1/ Artist: Red Hot Chili Peppers","2006","","100","0.01%","92.2773546%","Yes","","","","","","","","","","","","","","","","",""
"Red Hot Chili Peppers","Stadium Arcadium CD2","Album: Stadium Arcadium CD2/ Artist: Red Hot Chili Peppers","2006","","100","0.01%","92.2834020%","Yes","","","","","","","","","","","","","","","","",""
"Red Hot Chili Peppers","Greatest Hits","Album: Greatest Hits/ Artist: Red Hot Chili Peppers","2003","","100","0.01%","92.2894494%","Yes","","","","","","","","","","","","","","","","",""
"Red Hot Chili Peppers","By the Way","Album: By the Way/ Artist: Red Hot Chili Peppers","2002","","100","0.01%","92.2954969%","Yes","","","","","","","","","","","","","","","","",""
"Red Hot Chili Peppers","Californication","Album: Californication/ Artist: Red Hot Chili Peppers","1999","","100","0.01%","92.3015443%","Yes","","","","","","","","","","","","","","","","",""
"Red Hot Chili Peppers","Blood Sugar Sex Magik","Album: Blood Sugar Sex Magik/ Artist: Red Hot Chili Peppers","1991","","100","0.01%","92.3075917%","Yes","","","","","","","","","","","","","","","","",""
"Red House Painters","Ocean Beach","Album: Ocean Beach/ Artist: Red House Painters","1995","","100","0.01%","92.3136391%","Yes","","","","","","","","","","","","","","","","",""
"Red House Painters","Red House Painters","Album: Red House Painters/ Artist: Red House Painters","1993","","100","0.01%","92.3196865%","Yes","","","","","","","","","","","","","","","","",""
"Red House Painters","Down Colorful Hill","Album: Down Colorful Hill/ Artist: Red House Painters","1992","","100","0.01%","92.3257339%","Yes","","","","","","","","","","","","","","","","",""
"Redman","Muddy Waters","Album: Muddy Waters/ Artist: Redman","1996","","100","0.01%","92.3317813%","Yes","","","","","","","","","","","","","","","","",""
"Redman","Dare Iz a Darkside","Album: Dare Iz a Darkside/ Artist: Redman","1994","","100","0.01%","92.3378287%","Yes","","","","","","","","","","","","","","","","",""
"Redman","Whut? Thee Album","Album: Whut? Thee Album/ Artist: Redman","1992","","100","0.01%","92.3438761%","Yes","","","","","","","","","","","","","","","","",""
"Reflection Eternal","Train of Thought","Album: Train of Thought/ Artist: Reflection Eternal","2000","","100","0.01%","92.3499236%","Yes","","","","","","","","","","","","","","","","",""
"Refused","The Shape of Punk to Come","Album: The Shape of Punk to Come/ Artist: Refused","1998","","100","0.01%","92.3559710%","Yes","","","","","","","","","","","","","","","","",""
"Regina Spektor","Begin To Hope","Album: Begin To Hope/ Artist: Regina Spektor","2006","","100","0.01%","92.3620184%","Yes","","","","","","","","","","","","","","","","",""
"Regina Spektor","Soviet Kitsch","Album: Soviet Kitsch/ Artist: Regina Spektor","2004","","100","0.01%","92.3680658%","Yes","","","","","","","","","","","","","","","","",""
"Rhye","Woman","Album: Woman/ Artist: Rhye","2013","","100","0.01%","92.3741132%","Yes","","","","","","","","","","","","","","","","",""
"Rhythm & Sound","Rhythm & Sound w/ the Artists","Album: Rhythm & Sound w/ the Artists/ Artist: Rhythm & Sound","2003","","100","0.01%","92.3801606%","Yes","","","","","","","","","","","","","","","","",""
"Ricardo Villalobos","Alcachofa","Album: Alcachofa/ Artist: Ricardo Villalobos","2003","","100","0.01%","92.3862080%","No","","","","","","","","","","","","","","","","",""
"Richard Dawson","The Ruby Chord","Album: The Ruby Chord/ Artist: Richard Dawson","2022","","100","0.01%","92.3922554%","Yes","","","","","","","","","","","","","","","","",""
"Richard Dawson","2020","Album: 2020/ Artist: Richard Dawson","2019","","100","0.01%","92.3983029%","Yes","","","","","","","","","","","","","","","","",""
"Richard Dawson","Peasant","Album: Peasant/ Artist: Richard Dawson","2019","","100","0.01%","92.4043503%","Yes","","","","","","","","","","","","","","","","",""
"Richard Dawson & Circle","Henki","Album: Henki/ Artist: Richard Dawson & Circle","2021","","100","0.01%","92.4103977%","Yes","","","","","","","","","","","","","","","","",""
"Richard Jacques","Sonic R","Album: Sonic R/ Artist: Richard Jacques","1998","","100","0.01%","92.4164451%","Yes","","","","","","","","","","","","","","","","",""
"Rick James","Street Songs","Album: Street Songs/ Artist: Rick James","1981","","100","0.01%","92.4224925%","Yes","","","","","","","","","","","","","","","","",""
"Ride","Going Blank Again","Album: Going Blank Again/ Artist: Ride","1992","","100","0.01%","92.4285399%","Yes","","","","","","","","","","","","","","","","",""
"Ride","Nowhere","Album: Nowhere/ Artist: Ride","1990","","100","0.01%","92.4345873%","Yes","","","","","","","","","","","","","","","","",""
"Rilo Kiley","The Execution of All Things","Album: The Execution of All Things/ Artist: Rilo Kiley","2002","","100","0.01%","92.4406347%","Yes","","","","","","","","","","","","","","","","",""
"Rina Sawayama","SAWAYAMA","Album: SAWAYAMA/ Artist: Rina Sawayama","2020","","100","0.01%","92.4466821%","Yes","","","","","","","","","","","","","","","","",""
"Rina Sawayama","RINA ","Album: RINA / Artist: Rina Sawayama","2017","","100","0.01%","92.4527296%","Yes","","","","","","","","","","","","","","","","",""
"Rise Against","The Sufferer & the Witness","Album: The Sufferer & the Witness/ Artist: Rise Against","2006","","100","0.01%","92.4587770%","Yes","","","","","","","","","","","","","","","","",""
"Rita Indiana","Mandinga Times","Album: Mandinga Times/ Artist: Rita Indiana","2020","","100","0.01%","92.4648244%","Yes","","","","","","","","","","","","","","","","",""
"River Tiber","Indigo","Album: Indigo/ Artist: River Tiber","2017","","100","0.01%","92.4708718%","Yes","","","","","","","","","","","","","","","","",""
"RJD2","Dead Ringer","Album: Dead Ringer/ Artist: RJD2","2002","","100","0.01%","92.4769192%","Yes","","","","","","","","","","","","","","","","",""
"Robbie Basho","Visions of the Country","Album: Visions of the Country/ Artist: Robbie Basho","1978","","100","0.01%","92.4829666%","No","","","","","","","","","","","","","","","","",""
"Robert Johnson","Complete Recordings, CD 1","Album: Complete Recordings, CD 1/ Artist: Robert Johnson","1990","","100","0.01%","92.4890140%","Yes","","","","","","","","","","","","","","","","",""
"Robert Johnson","Complete Recordings, CD 2","Album: Complete Recordings, CD 2/ Artist: Robert Johnson","1990","","100","0.01%","92.4950614%","Yes","","","","","","","","","","","","","","","","",""
"Robert Plant & Alison Krauss","Raising Sand","Album: Raising Sand/ Artist: Robert Plant & Alison Krauss","2007","","100","0.01%","92.5011089%","Yes","","","","","","","","","","","","","","","","",""
"Robert Wyatt","Rock Bottom","Album: Rock Bottom/ Artist: Robert Wyatt","1974","","100","0.01%","92.5071563%","Yes","","","","","","","","","","","","","","","","",""
"Robyn","Honey","Album: Honey/ Artist: Robyn","2018","","100","0.01%","92.5132037%","Yes","","","","","","","","","","","","","","","","",""
"Robyn","Body Talk","Album: Body Talk/ Artist: Robyn","2010","","100","0.01%","92.5192511%","Yes","","","","","","","","","","","","","","","","",""
"Roc Marciano","Behold A Dark Horse","Album: Behold A Dark Horse/ Artist: Roc Marciano","2018","","100","0.01%","92.5252985%","Yes","","","","","","","","","","","","","","","","",""
"Roc Marciano","Reloaded","Album: Reloaded/ Artist: Roc Marciano","2011","","100","0.01%","92.5313459%","Yes","","","","","","","","","","","","","","","","",""
"Roc Marciano/ The Alchemist","The Elephant Man's  Bones","Album: The Elephant Man's  Bones/ Artist: Roc Marciano/ The Alchemist","2022","","100","0.01%","92.5373933%","Yes","","","","","","","","","","","","","","","","",""
"Rodriguez","Cold Fact","Album: Cold Fact/ Artist: Rodriguez","1970","","100","0.01%","92.5434407%","Yes","","","","","","","","","","","","","","","","",""
"Roger Waters","Amused To Death","Album: Amused To Death/ Artist: Roger Waters","1992","","100","0.01%","92.5494881%","Yes","","","","","","","","","","","","","","","","",""
"Róisín Murphy","Hit Parade","Album: Hit Parade/ Artist: Róisín Murphy","2023","","100","0.01%","92.5555356%","Yes","","","","","","","","","","","","","","","","",""
"Róisín Murphy","Overpowered","Album: Overpowered/ Artist: Róisín Murphy","2007","","100","0.01%","92.5615830%","Yes","","","","","","","","","","","","","","","","",""
"Róisín Murphy","Ruby Blue","Album: Ruby Blue/ Artist: Róisín Murphy","2005","","100","0.01%","92.5676304%","Yes","","","","","","","","","","","","","","","","",""
"Roland Kirk","I Talk With The Spirits","Album: I Talk With The Spirits/ Artist: Roland Kirk","1964","","100","0.01%","92.5736778%","Yes","","","","","","","","","","","","","","","","",""
"ROME","Flowers From Exile","Album: Flowers From Exile/ Artist: ROME","2009","","100","0.01%","92.5797252%","Yes","","","","","","","","","","","","","","","","",""
"Rosalia","Motomami","Album: Motomami/ Artist: Rosalia","2022","","100","0.01%","92.5857726%","Yes","","","","","","","","","","","","","","","","",""
"Rosalía","El Mal Querer","Album: El Mal Querer/ Artist: Rosalía","2018","","100","0.01%","92.5918200%","Yes","","","","","","","","","","","","","","","","",""
"Rosalía","Los Ángeles","Album: Los Ángeles/ Artist: Rosalía","2017","","100","0.01%","92.5978674%","Yes","","","","","","","","","","","","","","","","",""
"Rosetta","The Galilean Satellites","Album: The Galilean Satellites/ Artist: Rosetta","2005","","100","0.01%","92.6039149%","Yes","","","","","","","","","","","","","","","","",""
"Rowland S. Howard","Teenage Snuff Film","Album: Teenage Snuff Film/ Artist: Rowland S. Howard","1999","","100","0.01%","92.6099623%","Yes","","","","","","","","","","","","","","","","",""
"Roxy Music","Avalon","Album: Avalon/ Artist: Roxy Music","1982","","100","0.01%","92.6160097%","Yes","","","","","","","","","","","","","","","","",""
"Roxy Music","Greatest Hits ","Album: Greatest Hits / Artist: Roxy Music","1977","","100","0.01%","92.6220571%","Yes","","","","","","","","","","","","","","","","",""
"Roxy Music","Siren","Album: Siren/ Artist: Roxy Music","1975","","100","0.01%","92.6281045%","Yes","","","","","","","","","","","","","","","","",""
"Roxy Music","Country Life","Album: Country Life/ Artist: Roxy Music","1974","","100","0.01%","92.6341519%","Yes","","","","","","","","","","","","","","","","",""
"Roxy Music","For Your Pleasure","Album: For Your Pleasure/ Artist: Roxy Music","1973","","100","0.01%","92.6401993%","Yes","","","","","","","","","","","","","","","","",""
"Roxy Music","Roxy Music","Album: Roxy Music/ Artist: Roxy Music","1972","","100","0.01%","92.6462467%","Yes","","","","","","","","","","","","","","","","",""
"Roy Harper","Stormrock","Album: Stormrock/ Artist: Roy Harper","1971","","100","0.01%","92.6522941%","Yes","","","","","","","","","","","","","","","","",""
"Royal Headache","High","Album: High/ Artist: Royal Headache","2015","","100","0.01%","92.6583416%","Yes","","","","","","","","","","","","","","","","",""
"Röyksopp","Junior","Album: Junior/ Artist: Röyksopp","2009","","100","0.01%","92.6643890%","Yes","","","","","","","","","","","","","","","","",""
"Röyskopp","Late Night Tales (Röyskopp)","Album: Late Night Tales (Röyskopp)/ Artist: Röyskopp","2013","","100","0.01%","92.6704364%","Yes","","","","","","","","","","","","","","","","",""
"Röyskopp","Melody A.M","Album: Melody A.M/ Artist: Röyskopp","2001","","100","0.01%","92.6764838%","Yes","","","","","","","","","","","","","","","","",""
"Run the Jewels","Run the Jewels 4","Album: Run the Jewels 4/ Artist: Run the Jewels","2021","","100","0.01%","92.6825312%","Yes","","","","","","","","","","","","","","","","",""
"Run The Jewels","Run The Jewels 3","Album: Run The Jewels 3/ Artist: Run The Jewels","2016","","100","0.01%","92.6885786%","Yes","","","","","","","","","","","","","","","","",""
"Run The Jewels","Run The Jewels 2","Album: Run The Jewels 2/ Artist: Run The Jewels","2014","","100","0.01%","92.6946260%","Yes","","","","","","","","","","","","","","","","",""
"Run the Jewels","Run the Jewels","Album: Run the Jewels/ Artist: Run the Jewels","2013","","100","0.01%","92.7006734%","Yes","","","","","","","","","","","","","","","","",""
"Run-D.M.C","Raising Hell","Album: Raising Hell/ Artist: Run-D.M.C","1986","","100","0.01%","92.7067209%","Yes","","","","","","","","","","","","","","","","",""
"Rush","Moving Pictures","Album: Moving Pictures/ Artist: Rush","1981","","100","0.01%","92.7127683%","Yes","","","","","","","","","","","","","","","","",""
"Rush","Hemispheres","Album: Hemispheres/ Artist: Rush","1978","","100","0.01%","92.7188157%","Yes","","","","","","","","","","","","","","","","",""
"Rush","A Farewell to Kings","Album: A Farewell to Kings/ Artist: Rush","1977","","100","0.01%","92.7248631%","Yes","","","","","","","","","","","","","","","","",""
"Rush","2112","Album: 2112/ Artist: Rush","1976","","100","0.01%","92.7309105%","Yes","","","","","","","","","","","","","","","","",""
"Russian Circles","Guidance","Album: Guidance/ Artist: Russian Circles","2016","","100","0.01%","92.7369579%","Yes","","","","","","","","","","","","","","","","",""
"Russian Circles","Memorial","Album: Memorial/ Artist: Russian Circles","2013","","100","0.01%","92.7430053%","Yes","","","","","","","","","","","","","","","","",""
"Russian Circles","Empros","Album: Empros/ Artist: Russian Circles","2011","","100","0.01%","92.7490527%","Yes","","","","","","","","","","","","","","","","",""
"Russian Circles","Gwneva","Album: Gwneva/ Artist: Russian Circles","2009","","100","0.01%","92.7551001%","Yes","","","","","","","","","","","","","","","","",""
"Ryan Adams","Heartbreaker","Album: Heartbreaker/ Artist: Ryan Adams","2000","","100","0.01%","92.7611476%","Yes","","","","","","","","","","","","","","","","",""
"Ryo Fukui","Scenery","Album: Scenery/ Artist: Ryo Fukui","1976","","100","0.01%","92.7671950%","Yes","","","","","","","","","","","","","","","","",""
"Ryuichi Sakamoto","async","Album: async/ Artist: Ryuichi Sakamoto","2017","","100","0.01%","92.7732424%","Yes","","","","","","","","","","","","","","","","",""
"Ryuichi Sakamoto","1996","Album: 1996/ Artist: Ryuichi Sakamoto","1996","","100","0.01%","92.7792898%","Yes","","","","","","","","","","","","","","","","",""
"Ryuichi Sakamoto","Thousand Knives Of","Album: Thousand Knives Of/ Artist: Ryuichi Sakamoto","1978","","100","0.01%","92.7853372%","Yes","","","","","","","","","","","","","","","","",""
"S.F. Sorrow","The Pretty Things","Album: The Pretty Things/ Artist: S.F. Sorrow","1968","","100","0.01%","92.7913846%","Yes","","","","","","","","","","","","","","","","",""
"Sad Saturno","Destinados a Fallar","Album: Destinados a Fallar/ Artist: Sad Saturno","2016","","100","0.01%","92.7974320%","Yes","","","","","","","","","","","","","","","","",""
"Sade","Lovers Rock","Album: Lovers Rock/ Artist: Sade","2000","","100","0.01%","92.8034794%","Yes","","","","","","","","","","","","","","","","",""
"Sade","Love Deluxe","Album: Love Deluxe/ Artist: Sade","1992","","100","0.01%","92.8095268%","Yes","","","","","","","","","","","","","","","","",""
"Sade","Promise","Album: Promise/ Artist: Sade","1985","","100","0.01%","92.8155743%","Yes","","","","","","","","","","","","","","","","",""
"Sade","Diamond Life","Album: Diamond Life/ Artist: Sade","1984","","100","0.01%","92.8216217%","Yes","","","","","","","","","","","","","","","","",""
"Sadfields","Homesick","Album: Homesick/ Artist: Sadfields","2017","","100","0.01%","92.8276691%","Yes","","","","","","","","","","","","","","","","",""
"Saint Etienne","Foxbase Alpha","Album: Foxbase Alpha/ Artist: Saint Etienne","1991","","100","0.01%","92.8337165%","Yes","","","","","","","","","","","","","","","","",""
"Sam Cooke","Portrait of a Legend 1951-1964","Album: Portrait of a Legend 1951-1964/ Artist: Sam Cooke","2003","","100","0.01%","92.8397639%","Yes","","","","","","","","","","","","","","","","",""
"Sam Prekop & John McEntrie","Sons Of","Album: Sons Of/ Artist: Sam Prekop & John McEntrie","2022","","100","0.01%","92.8458113%","Yes","","","","","","","","","","","","","","","","",""
"Santana","Supernatural","Album: Supernatural/ Artist: Santana","1999","","100","0.01%","92.8518587%","Yes","","","","","","","","","","","","","","","","",""
"Santana","Caravanserai","Album: Caravanserai/ Artist: Santana","1972","","100","0.01%","92.8579061%","Yes","","","","","","","","","","","","","","","","",""
"Santana","Santana III","Album: Santana III/ Artist: Santana","1971","","100","0.01%","92.8639536%","Yes","","","","","","","","","","","","","","","","",""
"Santana","Abraxas","Album: Abraxas/ Artist: Santana","1970","","100","0.01%","92.8700010%","Yes","","","","","","","","","","","","","","","","",""
"Santana","Santana","Album: Santana/ Artist: Santana","1969","","100","0.01%","92.8760484%","Yes","","","","","","","","","","","","","","","","",""
"Santogold","Santogold","Album: Santogold/ Artist: Santogold","2008","","100","0.01%","92.8820958%","Yes","","","","","","","","","","","","","","","","",""
"Sasha and John Digweed","Northern Exposure","Album: Northern Exposure/ Artist: Sasha and John Digweed","1996","","100","0.01%","92.8881432%","No","","","","","","","","","","","","","","","","",""
"Satan","Court in the Act","Album: Court in the Act/ Artist: Satan","1983","","100","0.01%","92.8941906%","Yes","","","","","","","","","","","","","","","","",""
"Satanicpornocultshop","Arkhaiomelisidonophunikheratos","Album: Arkhaiomelisidonophunikheratos/ Artist: Satanicpornocultshop","2010","","100","0.01%","92.9002380%","Yes","","","","","","","","","","","","","","","","",""
"SAULT","Air","Album: Air/ Artist: SAULT","2022","","100","0.01%","92.9062854%","Yes","","","","","","","","","","","","","","","","",""
"SAULT","Untitled (Rise)","Album: Untitled (Rise)/ Artist: SAULT","2022","","100","0.01%","92.9123328%","Yes","","","","","","","","","","","","","","","","",""
"SAULT","5","Album: 5/ Artist: SAULT","2019","","100","0.01%","92.9183803%","Yes","","","","","","","","","","","","","","","","",""
"Savages","Adore","Album: Adore/ Artist: Savages","2016","","100","0.01%","92.9244277%","Yes","","","","","","","","","","","","","","","","",""
"Savages","Silence Yourself","Album: Silence Yourself/ Artist: Savages","2013","","100","0.01%","92.9304751%","Yes","","","","","","","","","","","","","","","","",""
"Max Tundra","Mastered by the Guy at the Exchange","Album: Mastered by the Guy at the Exchange/ Artist: Max Tundra","2002","","100","0.01%","92.9365225%","","","","","","","","","","","","","","","","","",""
"Savatage","Gutter Ballet","Album: Gutter Ballet/ Artist: Savatage","1989","","100","0.01%","92.9425699%","No","","","","","","","","","","","","","","","","",""
"Savatage","Hail of the Mountain King","Album: Hail of the Mountain King/ Artist: Savatage","1987","","100","0.01%","92.9486173%","No","","","","","","","","","","","","","","","","",""
"Say Anything","…Is A Real Boy","Album: …Is A Real Boy/ Artist: Say Anything","2004","","100","0.01%","92.9546647%","Yes","","","","","","","","","","","","","","","","",""
"Scarface","The Fix","Album: The Fix/ Artist: Scarface","2002","","100","0.01%","92.9607121%","Yes","","","","","","","","","","","","","","","","",""
"Scarface","The Diary","Album: The Diary/ Artist: Scarface","1994","","100","0.01%","92.9667596%","Yes","","","","","","","","","","","","","","","","",""
"schnozz","berdleycore Chapter Zero","Album: berdleycore Chapter Zero/ Artist: schnozz","2022","","100","0.01%","92.9728070%","Yes","","","","","","","","","","","","","","","","",""
"schnozz","berdlycore chapter 1","Album: berdlycore chapter 1/ Artist: schnozz","2021","","100","0.01%","92.9788544%","Yes","","","","","","","","","","","","","","","","",""
"Vitalic","OK Cowboy","Album: OK Cowboy/ Artist: Vitalic","2005","","100","0.01%","92.9849018%","","","","","","","","","","","","","","","","","",""
"schnozz","berdlycore chapter 2","Album: berdlycore chapter 2/ Artist: schnozz","2021","","100","0.01%","92.9909492%","Yes","","","","","","","","","","","","","","","","",""
"Scorpions","Love at First Sting","Album: Love at First Sting/ Artist: Scorpions","1984","","100","0.01%","92.9969966%","Yes","","","","","","","","","","","","","","","","",""
"Scorpions","Taken By Force","Album: Taken By Force/ Artist: Scorpions","1978","","100","0.01%","93.0030440%","Yes","","","","","","","","","","","","","","","","",""
"Scott Walker","Bish Bosch","Album: Bish Bosch/ Artist: Scott Walker","2012","","100","0.01%","93.0090914%","Yes","","","","","","","","","","","","","","","","",""
"Scott Walker","The Drift","Album: The Drift/ Artist: Scott Walker","2006","","100","0.01%","93.0151388%","Yes","","","","","","","","","","","","","","","","",""
"Scott Walker","Tilt","Album: Tilt/ Artist: Scott Walker","1994","","100","0.01%","93.0211863%","Yes","","","","","","","","","","","","","","","","",""
"Scott Walker","Scott 3","Album: Scott 3/ Artist: Scott Walker","1969","","100","0.01%","93.0272337%","Yes","","","","","","","","","","","","","","","","",""
"Scott Walker","Scott 4","Album: Scott 4/ Artist: Scott Walker","1969","","100","0.01%","93.0332811%","Yes","","","","","","","","","","","","","","","","",""
"Scott Walker","Scott 2","Album: Scott 2/ Artist: Scott Walker","1968","","100","0.01%","93.0393285%","Yes","","","","","","","","","","","","","","","","",""
"Scott Walker","Scott","Album: Scott/ Artist: Scott Walker","1967","","100","0.01%","93.0453759%","Yes","","","","","","","","","","","","","","","","",""
"Screaming Females","All At Once","Album: All At Once/ Artist: Screaming Females","2018","","100","0.01%","93.0514233%","Yes","","","","","","","","","","","","","","","","",""
"Seatbelts","Cowboy Bebop Blue","Album: Cowboy Bebop Blue/ Artist: Seatbelts","1999","","100","0.01%","93.0574707%","Yes","","","","","","","","","","","","","","","","",""
"Seatbelts","Cowboy Bebop","Album: Cowboy Bebop/ Artist: Seatbelts","1998","","100","0.01%","93.0635181%","Yes","","","","","","","","","","","","","","","","",""
"Secret Guest","Traumprinz B2B DJ Metatron Live at Planet Uterus","Album: Traumprinz B2B DJ Metatron Live at Planet Uterus/ Artist: Secret Guest","2018","","100","0.01%","93.0695656%","No","","","","","","","","","","","","","","","","",""
"Selena","Amor Prohibido","Album: Amor Prohibido/ Artist: Selena","1994","","100","0.01%","93.0756130%","Yes","","","","","","","","","","","","","","","","",""
"Sematary & Ghost Mountain","HUNDRED ACRE WRIST HOSTED BY DJ SORROW","Album: HUNDRED ACRE WRIST HOSTED BY DJ SORROW/ Artist: Sematary & Ghost Mountain","2020","","100","0.01%","93.0816604%","No","","","","","","","","","","","","","","","","",""
"Sematary & Ghost Mountain","GRAVE HOUSE","Album: GRAVE HOUSE/ Artist: Sematary & Ghost Mountain","2019","","100","0.01%","93.0877078%","No","","","","","","","","","","","","","","","","",""
"Sepultura","Roots","Album: Roots/ Artist: Sepultura","1996","","100","0.01%","93.0937552%","Yes","","","","","","","","","","","","","","","","",""
"Sepultura","Chaos A.D.","Album: Chaos A.D./ Artist: Sepultura","1993","","100","0.01%","93.0998026%","Yes","","","","","","","","","","","","","","","","",""
"Sepultura","Arise","Album: Arise/ Artist: Sepultura","1991","","100","0.01%","93.1058500%","Yes","","","","","","","","","","","","","","","","",""
"Sepultura","Beneath The Remains","Album: Beneath The Remains/ Artist: Sepultura","1989","","100","0.01%","93.1118974%","Yes","","","","","","","","","","","","","","","","",""
"Serge Gainsbourg","Histoire de Melody Nelson","Album: Histoire de Melody Nelson/ Artist: Serge Gainsbourg","1971","","100","0.01%","93.1179448%","Yes","","","","","","","","","","","","","","","","",""
"Set Fire To Flames","Telegraphs in Negative / Mouths Trapped in Static","Album: Telegraphs in Negative / Mouths Trapped in Static/ Artist: Set Fire To Flames","2003","","100","0.01%","93.1239923%","Yes","","","","","","","","","","","","","","","","",""
"Sevdaliza","Shabrang","Album: Shabrang/ Artist: Sevdaliza","2020","","100","0.01%","93.1300397%","Yes","","","","","","","","","","","","","","","","",""
"Sgt. Papers","Me Hiciste Brujería","Album: Me Hiciste Brujería/ Artist: Sgt. Papers","2019","","100","0.01%","93.1360871%","Yes","","","","","","","","","","","","","","","","",""
"Sgt. Papers","Sgt. Papers Lonely Psych Punk Band","Album: Sgt. Papers Lonely Psych Punk Band/ Artist: Sgt. Papers","2018","","100","0.01%","93.1421345%","Yes","","","","","","","","","","","","","","","","",""
"Shabazz Palaces","Black Up","Album: Black Up/ Artist: Shabazz Palaces","2011","","100","0.01%","93.1481819%","Yes","","","","","","","","","","","","","","","","",""
"Shakira","Fijación Oral, Vol. 1","Album: Fijación Oral, Vol. 1/ Artist: Shakira","2005","","100","0.01%","93.1542293%","Yes","","","","","","","","","","","","","","","","",""
"Shakira","¿Dónde Están los Ladrones?","Album: ¿Dónde Están los Ladrones?/ Artist: Shakira","1998","","100","0.01%","93.1602767%","Yes","","","","","","","","","","","","","","","","",""
"Sharon Van Etten","Are We There","Album: Are We There/ Artist: Sharon Van Etten","2014","","100","0.01%","93.1663241%","Yes","","","","","","","","","","","","","","","","",""
"Sharon Van Etten","Tramp","Album: Tramp/ Artist: Sharon Van Etten","2012","","100","0.01%","93.1723716%","Yes","","","","","","","","","","","","","","","","",""
"Sharon Von Etten","Remind Me Tomorrow","Album: Remind Me Tomorrow/ Artist: Sharon Von Etten","2019","","100","0.01%","93.1784190%","Yes","","","","","","","","","","","","","","","","",""
"Shawn Kemp & Nickelus F","Trick Dice","Album: Trick Dice/ Artist: Shawn Kemp & Nickelus F","2015","","100","0.01%","93.1844664%","Yes","","","","","","","","","","","","","","","","",""
"Sheer Mag","Compilation","Album: Compilation/ Artist: Sheer Mag","2017","","100","0.01%","93.1905138%","Yes","","","","","","","","","","","","","","","","",""
"Sheer Mag","Need To Feel your Love","Album: Need To Feel your Love/ Artist: Sheer Mag","2017","","100","0.01%","93.1965612%","Yes","","","","","","","","","","","","","","","","",""
"Shellac","At Action Park","Album: At Action Park/ Artist: Shellac","1994","","100","0.01%","93.2026086%","No","","","","","","","","","","","","","","","","",""
"Shibusashirazu Orchestra","Shibuboshi (渋星)","Album: Shibuboshi (渋星)/ Artist: Shibusashirazu Orchestra","2004","","100","0.01%","93.2086560%","No","","","","","","","","","","","","","","","","",""
"SHINee","1 of 1","Album: 1 of 1/ Artist: SHINee","2016","","100","0.01%","93.2147034%","Yes","","","","","","","","","","","","","","","","",""
"Shinsei Kamattechan","つまんね [Tsumanne]","Album: つまんね [Tsumanne]/ Artist: Shinsei Kamattechan","2010","","100","0.01%","93.2207508%","Yes","","","","","","","","","","","","","","","","",""
"Shiro Sagisu","The End of Evangelion","Album: The End of Evangelion/ Artist: Shiro Sagisu","1997","","100","0.01%","93.2267983%","Yes","","","","","","","","","","","","","","","","",""
"Shiro Sagisu","Neon Genesis Evangelion (Original Series Soundtrack)","Album: Neon Genesis Evangelion (Original Series Soundtrack)/ Artist: Shiro Sagisu","1995","","100","0.01%","93.2328457%","Yes","","","","","","","","","","","","","","","","",""
"Shlohmo","Vacation EP","Album: Vacation EP/ Artist: Shlohmo","2013","","100","0.01%","93.2388931%","Yes","","","","","","","","","","","","","","","","",""
"Shlohmo","Laid Out EP","Album: Laid Out EP/ Artist: Shlohmo","2012","","100","0.01%","93.2449405%","Yes","","","","","","","","","","","","","","","","",""
"Shoji Meguro","Persona 5: Original Soundtrack","Album: Persona 5: Original Soundtrack/ Artist: Shoji Meguro","2017","","100","0.01%","93.2509879%","Yes","","","","","","","","","","","","","","","","",""
"Shoji Meguro 目黒将司","Persona4","Album: Persona4/ Artist: Shoji Meguro 目黒将司","2008","","100","0.01%","93.2570353%","Yes","","","","","","","","","","","","","","","","",""
"Show me the Body","Survive","Album: Survive/ Artist: Show me the Body","2021","","100","0.01%","93.2630827%","Yes","","","","","","","","","","","","","","","","",""
"Show Me The Body","Body War","Album: Body War/ Artist: Show Me The Body","2016","","100","0.01%","93.2691301%","Yes","","","","","","","","","","","","","","","","",""
"Shye Ben Tzur, Jonny Greenwood & The Rajasthan Express","Junun","Album: Junun/ Artist: Shye Ben Tzur, Jonny Greenwood & The Rajasthan Express","2015","","100","0.01%","93.2751776%","Yes","","","","","","","","","","","","","","","","",""
"Shygirl","Club Shy EP","Album: Club Shy EP/ Artist: Shygirl","2024","","100","0.01%","93.2812250%","Yes","","","","","","","","","","","","","","","","",""
"Shygirl","ALIAS","Album: ALIAS/ Artist: Shygirl","2020","","100","0.01%","93.2872724%","Yes","","","","","","","","","","","","","","","","",""
"Shygirl","Cruel Practice","Album: Cruel Practice/ Artist: Shygirl","2018","","100","0.01%","93.2933198%","Yes","","","","","","","","","","","","","","","","",""
"Sibylle Baier","Colour Green","Album: Colour Green/ Artist: Sibylle Baier","2006","","100","0.01%","93.2993672%","Yes","","","","","","","","","","","","","","","","",""
"Sidney Gish","No Dogs Allowed","Album: No Dogs Allowed/ Artist: Sidney Gish","2017","","100","0.01%","93.3054146%","Yes","","","","","","","","","","","","","","","","",""
"Signor Benedick The Moor","El Negro","Album: El Negro/ Artist: Signor Benedick The Moor","2013","","100","0.01%","93.3114620%","No","","","","","","","","","","","","","","","","",""
"Sigur Rós","Kveikur","Album: Kveikur/ Artist: Sigur Rós","2013","","100","0.01%","93.3175094%","Yes","","","","","","","","","","","","","","","","",""
"Sigur Rós","( )","Album: ( )/ Artist: Sigur Rós","2002","","100","0.01%","93.3235568%","Yes","","","","","","","","","","","","","","","","",""
"Sigur Rós","Ágætis Byrjun","Album: Ágætis Byrjun/ Artist: Sigur Rós","1999","","100","0.01%","93.3296043%","Yes","","","","","","","","","","","","","","","","",""
"Silk Sonic","An Evening With Silk Sonic…","Album: An Evening With Silk Sonic…/ Artist: Silk Sonic","2021","","100","0.01%","93.3356517%","Yes","","","","","","","","","","","","","","","","",""
"Silvana Estrada","Marchita","Album: Marchita/ Artist: Silvana Estrada","2022","","100","0.01%","93.3416991%","Yes","","","","","","","","","","","","","","","","",""
"Silver Apples","Silver Apples","Album: Silver Apples/ Artist: Silver Apples","1968","","100","0.01%","93.3477465%","Yes","","","","","","","","","","","","","","","","",""
"Silver Jews","American Water","Album: American Water/ Artist: Silver Jews","1998","","100","0.01%","93.3537939%","Yes","","","","","","","","","","","","","","","","",""
"Silver Jews","The Natural Bridge","Album: The Natural Bridge/ Artist: Silver Jews","1996","","100","0.01%","93.3598413%","Yes","","","","","","","","","","","","","","","","",""
"Silversun Pickups","Carnavas","Album: Carnavas/ Artist: Silversun Pickups","2006","","100","0.01%","93.3658887%","Yes","","","","","","","","","","","","","","","","",""
"Silvio Rodríguez","""Al final de este viaje...""","Album: ""Al final de este viaje...""/ Artist: Silvio Rodríguez","1978","","100","0.01%","93.3719361%","Yes","","","","","","","","","","","","","","","","",""
"Simon & Garfunkel","Simon and Garfunkel's Greatest Hits","Album: Simon and Garfunkel's Greatest Hits/ Artist: Simon & Garfunkel","1972","","100","0.01%","93.3779836%","Yes","","","","","","","","","","","","","","","","",""
"Simon & Garfunkel","Bookends","Album: Bookends/ Artist: Simon & Garfunkel","1968","","100","0.01%","93.3840310%","Yes","","","","","","","","","","","","","","","","",""
"Simon & Garfunkel","Parsley, Sage, Rosemary & Thyme","Album: Parsley, Sage, Rosemary & Thyme/ Artist: Simon & Garfunkel","1966","","100","0.01%","93.3900784%","Yes","","","","","","","","","","","","","","","","",""
"Simon & Garfunkel","Sounds of Silence","Album: Sounds of Silence/ Artist: Simon & Garfunkel","1966","","100","0.01%","93.3961258%","Yes","","","","","","","","","","","","","","","","",""
"Simple Minds","New Gold Dream (81-82-83-84)","Album: New Gold Dream (81-82-83-84)/ Artist: Simple Minds","1982","","100","0.01%","93.4021732%","Yes","","","","","","","","","","","","","","","","",""
"Sinead O'Connor","The Lion and the Cobra","Album: The Lion and the Cobra/ Artist: Sinead O'Connor","1987","","100","0.01%","93.4082206%","Yes","","","","","","","","","","","","","","","","",""
"Sinnéad O'Connor","I Do Not Want What I Haven't Got","Album: I Do Not Want What I Haven't Got/ Artist: Sinnéad O'Connor","1990","","100","0.01%","93.4142680%","Yes","","","","","","","","","","","","","","","","",""
"Siouxsee & The Banshees","Juju","Album: Juju/ Artist: Siouxsee & The Banshees","1981","","100","0.01%","93.4203154%","Yes","","","","","","","","","","","","","","","","",""
"Siouxsee & The Banshees","The Scream","Album: The Scream/ Artist: Siouxsee & The Banshees","1978","","100","0.01%","93.4263628%","Yes","","","","","","","","","","","","","","","","",""
"Siouxsie and the Banshees","Tinderbox","Album: Tinderbox/ Artist: Siouxsie and the Banshees","1986","","100","0.01%","93.4324103%","Yes","","","","","","","","","","","","","","","","",""
"Siouxsie and the Banshees","A Kiss in the Dreamhouse","Album: A Kiss in the Dreamhouse/ Artist: Siouxsie and the Banshees","1982","","100","0.01%","93.4384577%","Yes","","","","","","","","","","","","","","","","",""
"Siouxsie and The Banshees","Once Upon a Time / The Singles","Album: Once Upon a Time / The Singles/ Artist: Siouxsie and The Banshees","1981","","100","0.01%","93.4445051%","Yes","","","","","","","","","","","","","","","","",""
"Siouxsie and the Banshees","Kaleidoscope","Album: Kaleidoscope/ Artist: Siouxsie and the Banshees","1980","","100","0.01%","93.4505525%","Yes","","","","","","","","","","","","","","","","",""
"Sixteen Horsepower","Sackcloth 'n' Ashes","Album: Sackcloth 'n' Ashes/ Artist: Sixteen Horsepower","1996","","100","0.01%","93.4565999%","Yes","","","","","","","","","","","","","","","","",""
"Skee Mask","Compro","Album: Compro/ Artist: Skee Mask","2018","","100","0.01%","93.4626473%","Yes","","","","","","","","","","","","","","","","",""
"Sky Ferreira","Night Time, My Time","Album: Night Time, My Time/ Artist: Sky Ferreira","2013","","100","0.01%","93.4686947%","Yes","","","","","","","","","","","","","","","","",""
"Slayer","Seasons in the Abyss","Album: Seasons in the Abyss/ Artist: Slayer","1990","","100","0.01%","93.4747421%","Yes","","","","","","","","","","","","","","","","",""
"Slayer","South of Heaven","Album: South of Heaven/ Artist: Slayer","1988","","100","0.01%","93.4807895%","Yes","","","","","","","","","","","","","","","","",""
"Slayer","Reign in Blood","Album: Reign in Blood/ Artist: Slayer","1986","","100","0.01%","93.4868370%","Yes","","","","","","","","","","","","","","","","",""
"Slayer","Hell Awaits","Album: Hell Awaits/ Artist: Slayer","1985","","100","0.01%","93.4928844%","Yes","","","","","","","","","","","","","","","","",""
"Slayer","Hunting the Chapel","Album: Hunting the Chapel/ Artist: Slayer","1984","","100","0.01%","93.4989318%","Yes","","","","","","","","","","","","","","","","",""
"No Doubt","Tragic Kingdom","Album: Tragic Kingdom/ Artist: No Doubt","1995","","100","0.01%","93.5049792%","","","","","","","","","","","","","","","","","",""
"Sleaford Mods","T.C.R","Album: T.C.R/ Artist: Sleaford Mods","2016","","100","0.01%","93.5110266%","Yes","","","","","","","","","","","","","","","","",""
"Sleater-Kinney","No Cities To Love","Album: No Cities To Love/ Artist: Sleater-Kinney","2015","","100","0.01%","93.5170740%","Yes","","","","","","","","","","","","","","","","",""
"Sleater-Kinney","The Woods","Album: The Woods/ Artist: Sleater-Kinney","2005","","100","0.01%","93.5231214%","Yes","","","","","","","","","","","","","","","","",""
"Sleater-Kinney","One Beat","Album: One Beat/ Artist: Sleater-Kinney","2002","","100","0.01%","93.5291688%","Yes","","","","","","","","","","","","","","","","",""
"Sleater-Kinney","All Hands on the Bad One","Album: All Hands on the Bad One/ Artist: Sleater-Kinney","2000","","100","0.01%","93.5352163%","Yes","","","","","","","","","","","","","","","","",""
"Sleater-Kinney","The Hot Rock","Album: The Hot Rock/ Artist: Sleater-Kinney","1999","","100","0.01%","93.5412637%","Yes","","","","","","","","","","","","","","","","",""
"Sleater-Kinney","Dig Me Out","Album: Dig Me Out/ Artist: Sleater-Kinney","1997","","100","0.01%","93.5473111%","Yes","","","","","","","","","","","","","","","","",""
"Sleater-Kinney","Call the Doctor","Album: Call the Doctor/ Artist: Sleater-Kinney","1996","","100","0.01%","93.5533585%","Yes","","","","","","","","","","","","","","","","",""
"Agriculture","The Spiritual Sound","Album: The Spiritual Sound/ Artist: Agriculture","2025","","100","0.01%","93.5594059%","Yes","","","","","","","","","","","","","","","","",""
"Sleigh Bells","Texis","Album: Texis/ Artist: Sleigh Bells","2021","","100","0.01%","93.5654533%","Yes","","","","","","","","","","","","","","","","",""
"Sleigh Bells","Treats","Album: Treats/ Artist: Sleigh Bells","2010","","100","0.01%","93.5715007%","Yes","","","","","","","","","","","","","","","","",""
"Slint","[untitled]","Album: [untitled]/ Artist: Slint","1994","","100","0.01%","93.5775481%","Yes","","","","","","","","","","","","","","","","",""
"Slipknot","Vol. 3: The Subliminal Verses","Album: Vol. 3: The Subliminal Verses/ Artist: Slipknot","2004","","100","0.01%","93.5835955%","Yes","","","","","","","","","","","","","","","","",""
"Slipknot","Iowa","Album: Iowa/ Artist: Slipknot","2001","","100","0.01%","93.5896430%","Yes","","","","","","","","","","","","","","","","",""
"Slipknot","Slipknot","Album: Slipknot/ Artist: Slipknot","1999","","100","0.01%","93.5956904%","Yes","","","","","","","","","","","","","","","","",""
"Sloppy Jane","Madison","Album: Madison/ Artist: Sloppy Jane","2021","","100","0.01%","93.6017378%","Yes","","","","","","","","","","","","","","","","",""
"Slowdive","Slowdive","Album: Slowdive/ Artist: Slowdive","2017","","100","0.01%","93.6077852%","Yes","","","","","","","","","","","","","","","","",""
"Slowdive","Pygmalion","Album: Pygmalion/ Artist: Slowdive","1995","","100","0.01%","93.6138326%","Yes","","","","","","","","","","","","","","","","",""
"Slowdive","Outside Your Room EP","Album: Outside Your Room EP/ Artist: Slowdive","1993","","100","0.01%","93.6198800%","Yes","","","","","","","","","","","","","","","","",""
"Slowdive","Souvlaki","Album: Souvlaki/ Artist: Slowdive","1993","","100","0.01%","93.6259274%","Yes","","","","","","","","","","","","","","","","",""
"Slowdive","Just For a Day","Album: Just For a Day/ Artist: Slowdive","1991","","100","0.01%","93.6319748%","Yes","","","","","","","","","","","","","","","","",""
"slowthai","UGLY","Album: UGLY/ Artist: slowthai","2023","","100","0.01%","93.6380223%","Yes","","","","","","","","","","","","","","","","",""
"slowthai","TYRON","Album: TYRON/ Artist: slowthai","2021","","100","0.01%","93.6440697%","Yes","","","","","","","","","","","","","","","","",""
"slowthai","Nothing Great About Britain","Album: Nothing Great About Britain/ Artist: slowthai","2019","","100","0.01%","93.6501171%","Yes","","","","","","","","","","","","","","","","",""
"Sluason Malone","A Quiet Farewell, Twenty Sixteen to Twent Eighteen","Album: A Quiet Farewell, Twenty Sixteen to Twent Eighteen/ Artist: Sluason Malone","2019","","100","0.01%","93.6561645%","Yes","","","","","","","","","","","","","","","","",""
"SLUG BAIT","HALLUCINEAGENEOLOGY","Album: HALLUCINEAGENEOLOGY/ Artist: SLUG BAIT","2021","","100","0.01%","93.6622119%","No","","","","","","","","","","","","","","","","",""
"Slum Village","Fantastic, Vol. 2","Album: Fantastic, Vol. 2/ Artist: Slum Village","2000","","100","0.01%","93.6682593%","Yes","","","","","","","","","","","","","","","","",""
"Sly & The Family Stone","Fresh","Album: Fresh/ Artist: Sly & The Family Stone","1973","","100","0.01%","93.6743067%","Yes","","","","","","","","","","","","","","","","",""
"Sly & The Family Stone","Greatest Hits (Sly & The Family Stone)","Album: Greatest Hits (Sly & The Family Stone)/ Artist: Sly & The Family Stone","1970","","100","0.01%","93.6803541%","Yes","","","","","","","","","","","","","","","","",""
"Sly & The Family Stone","Stand!","Album: Stand!/ Artist: Sly & The Family Stone","1969","","100","0.01%","93.6864015%","Yes","","","","","","","","","","","","","","","","",""
"Sly and The Family Stone","There's a Riot Goin' On","Album: There's a Riot Goin' On/ Artist: Sly and The Family Stone","1971","","100","0.01%","93.6924490%","Yes","","","","","","","","","","","","","","","","",""
"Small Faces","Ogdens' Nut Gone Flake","Album: Ogdens' Nut Gone Flake/ Artist: Small Faces","1968","","100","0.01%","93.6984964%","Yes","","","","","","","","","","","","","","","","",""
"Smino","Luv 4 Rent","Album: Luv 4 Rent/ Artist: Smino","2022","","100","0.01%","93.7045438%","Yes","","","","","","","","","","","","","","","","",""
"Smog","Knock Knock","Album: Knock Knock/ Artist: Smog","1999","","100","0.01%","93.7105912%","Yes","","","","","","","","","","","","","","","","",""
"Snarky Puppy","We Like It Here","Album: We Like It Here/ Artist: Snarky Puppy","2014","","100","0.01%","93.7166386%","Yes","","","","","","","","","","","","","","","","",""
"Sneaker Pimps","Becoming X","Album: Becoming X/ Artist: Sneaker Pimps","1996","","100","0.01%","93.7226860%","Yes","","","","","","","","","","","","","","","","",""
"Snoop Dog","Doggystyle","Album: Doggystyle/ Artist: Snoop Dog","1993","","100","0.01%","93.7287334%","Yes","","","","","","","","","","","","","","","","",""
"Snõõper","Super Snõõper","Album: Super Snõõper/ Artist: Snõõper","2023","","100","0.01%","93.7347808%","Yes","","","","","","","","","","","","","","","","",""
"Snõõper","Worldwide","Album: Worldwide/ Artist: Snõõper","2025","","100","0.01%","93.7408283%","Yes","","","","","","","","","","","","","","","","",""
"Snow Strippers","April Mixtape 3","Album: April Mixtape 3/ Artist: Snow Strippers","2023","","100","0.01%","93.7468757%","Yes","","","","","","","","","","","","","","","","",""
"Soccer Mommy","Clean","Album: Clean/ Artist: Soccer Mommy","2018","","100","0.01%","93.7529231%","Yes","","","","","","","","","","","","","","","","",""
"Soda Stereo","MTV Unplugged: Soñar y Música para volar","Album: MTV Unplugged: Soñar y Música para volar/ Artist: Soda Stereo","1996","","100","0.01%","93.7589705%","Yes","","","","","","","","","","","","","","","","",""
"Soda Stereo","Sueño estéreo","Album: Sueño estéreo/ Artist: Soda Stereo","1995","","100","0.01%","93.7650179%","Yes","","","","","","","","","","","","","","","","",""
"Soda Stereo","Dynamo","Album: Dynamo/ Artist: Soda Stereo","1992","","100","0.01%","93.7710653%","Yes","","","","","","","","","","","","","","","","",""
"Soda Stereo","Canción Animal","Album: Canción Animal/ Artist: Soda Stereo","1990","","100","0.01%","93.7771127%","Yes","","","","","","","","","","","","","","","","",""
"Soda Stereo","Signos","Album: Signos/ Artist: Soda Stereo","1986","","100","0.01%","93.7831601%","Yes","","","","","","","","","","","","","","","","",""
"Sodom","Agent Orange","Album: Agent Orange/ Artist: Sodom","1989","","100","0.01%","93.7892075%","Yes","","","","","","","","","","","","","","","","",""
"Soft Machine","Third","Album: Third/ Artist: Soft Machine","1970","","100","0.01%","93.7952550%","Yes","","","","","","","","","","","","","","","","",""
"SOFT PLAY","Acts of Fear and Love","Album: Acts of Fear and Love/ Artist: SOFT PLAY","2018","","100","0.01%","93.8013024%","Yes","","","","","","","","","","","","","","","","",""
"Solange","A Sea at the Table","Album: A Sea at the Table/ Artist: Solange","2016","","100","0.01%","93.8073498%","Yes","","","","","","","","","","","","","","","","",""
"Solange","True","Album: True/ Artist: Solange","2012","","100","0.01%","93.8133972%","Yes","","","","","","","","","","","","","","","","",""
"Sonic Emerson","Si Tan Solo Supiera por qué estoy aquí","Album: Si Tan Solo Supiera por qué estoy aquí/ Artist: Sonic Emerson","2020","","100","0.01%","93.8194446%","Yes","","","","","","","","","","","","","","","","",""
"Sonic Youth","Rather Ripped","Album: Rather Ripped/ Artist: Sonic Youth","2006","","100","0.01%","93.8254920%","Yes","","","","","","","","","","","","","","","","",""
"Sonic Youth","Sonic Nurse","Album: Sonic Nurse/ Artist: Sonic Youth","2004","","100","0.01%","93.8315394%","Yes","","","","","","","","","","","","","","","","",""
"Sonic Youth","Murray Street","Album: Murray Street/ Artist: Sonic Youth","2002","","100","0.01%","93.8375868%","Yes","","","","","","","","","","","","","","","","",""
"Sonic Youth","A Thousand Leaves","Album: A Thousand Leaves/ Artist: Sonic Youth","1998","","100","0.01%","93.8436343%","Yes","","","","","","","","","","","","","","","","",""
"Sonic Youth","Washing Machine","Album: Washing Machine/ Artist: Sonic Youth","1995","","100","0.01%","93.8496817%","Yes","","","","","","","","","","","","","","","","",""
"Sonic Youth","Experimental Jet Set, Trash and No Star","Album: Experimental Jet Set, Trash and No Star/ Artist: Sonic Youth","1994","","100","0.01%","93.8557291%","Yes","","","","","","","","","","","","","","","","",""
"Sonic Youth","Dirty","Album: Dirty/ Artist: Sonic Youth","1992","","100","0.01%","93.8617765%","Yes","","","","","","","","","","","","","","","","",""
"Sonic Youth","Goo","Album: Goo/ Artist: Sonic Youth","1990","","100","0.01%","93.8678239%","Yes","","","","","","","","","","","","","","","","",""
"Sonic Youth","Daydream Nation","Album: Daydream Nation/ Artist: Sonic Youth","1988","","100","0.01%","93.8738713%","Yes","","","","","","","","","","","","","","","","",""
"Sonic Youth","Sister","Album: Sister/ Artist: Sonic Youth","1987","","100","0.01%","93.8799187%","Yes","","","","","","","","","","","","","","","","",""
"Sonic Youth","Evol","Album: Evol/ Artist: Sonic Youth","1986","","100","0.01%","93.8859661%","Yes","","","","","","","","","","","","","","","","",""
"Sonny Rollins","Saxophone Colossus","Album: Saxophone Colossus/ Artist: Sonny Rollins","1956","","100","0.01%","93.8920135%","Yes","","","","","","","","","","","","","","","","",""
"Sonny Rollins","Tenor Madness","Album: Tenor Madness/ Artist: Sonny Rollins","1956","","100","0.01%","93.8980610%","Yes","","","","","","","","","","","","","","","","",""
"Sons of Kemet","Your Queen is a Reptie","Album: Your Queen is a Reptie/ Artist: Sons of Kemet","2018","","100","0.01%","93.9041084%","Yes","","","","","","","","","","","","","","","","",""
"Soul Glo","Songs to Yeet at the Sun","Album: Songs to Yeet at the Sun/ Artist: Soul Glo","2020","","100","0.01%","93.9101558%","Yes","","","","","","","","","","","","","","","","",""
"Soulglo","Diasphora Problems","Album: Diasphora Problems/ Artist: Soulglo","2022","","100","0.01%","93.9162032%","Yes","","","","","","","","","","","","","","","","",""
"Souls of Mischief","93' til Infinity","Album: 93' til Infinity/ Artist: Souls of Mischief","1993","","100","0.01%","93.9222506%","Yes","","","","","","","","","","","","","","","","",""
"Soulwax","Nite Versions","Album: Nite Versions/ Artist: Soulwax","2005","","100","0.01%","93.9282980%","Yes","","","","","","","","","","","","","","","","",""
"Soundgarden","Superunknown","Album: Superunknown/ Artist: Soundgarden","1994","","100","0.01%","93.9343454%","Yes","","","","","","","","","","","","","","","","",""
"Soundgarden","Badmotorfinger","Album: Badmotorfinger/ Artist: Soundgarden","1991","","100","0.01%","93.9403928%","Yes","","","","","","","","","","","","","","","","",""
"SpaceGhostPurrp","NASA: The Mixtape","Album: NASA: The Mixtape/ Artist: SpaceGhostPurrp","2010","","100","0.01%","93.9464403%","No","","","","","","","","","","","","","","","","",""
"SpaceGhostPurrp AKA Purrple Haze","Blackland Radio 666: Pt. 2 - Episode 1","Album: Blackland Radio 666: Pt. 2 - Episode 1/ Artist: SpaceGhostPurrp AKA Purrple Haze","2016","","100","0.01%","93.9524877%","No","","","","","","","","","","","","","","","","",""
"Spacemen 3","The Perfect Prescription","Album: The Perfect Prescription/ Artist: Spacemen 3","1987","","100","0.01%","93.9585351%","No","","","","","","","","","","","","","","","","",""
"Spacemen 3","Playing With Fire","Album: Playing With Fire/ Artist: Spacemen 3","1989","","100","0.01%","93.9645825%","Yes","","","","","","","","","","","","","","","","",""
"Sparklehorse","It's a Wonderful Life","Album: It's a Wonderful Life/ Artist: Sparklehorse","2001","","100","0.01%","93.9706299%","Yes","","","","","","","","","","","","","","","","",""
"Sparklehorse","Good Morning Spider","Album: Good Morning Spider/ Artist: Sparklehorse","1998","","100","0.01%","93.9766773%","Yes","","","","","","","","","","","","","","","","",""
"Sparklehorse","Vivadixiesubmarinetransmissionplot","Album: Vivadixiesubmarinetransmissionplot/ Artist: Sparklehorse","1995","","100","0.01%","93.9827247%","Yes","","","","","","","","","","","","","","","","",""
"Spear of Cassius","visions of a fragmented world","Album: visions of a fragmented world/ Artist: Spear of Cassius","2022","","100","0.01%","93.9887721%","Yes","","","","","","","","","","","","","","","","",""
"Special Interest","Endure","Album: Endure/ Artist: Special Interest","2022","","100","0.01%","93.9948195%","Yes","","","","","","","","","","","","","","","","",""
"Spellling","The Turning Wheel","Album: The Turning Wheel/ Artist: Spellling","2021","","100","0.01%","94.0008670%","Yes","","","","","","","","","","","","","","","","",""
"Spirit Of the Beehive","im so lucky EP","Album: im so lucky EP/ Artist: Spirit Of the Beehive","2023","","100","0.01%","94.0069144%","Yes","","","","","","","","","","","","","","","","",""
"Spiritbox","Eternal Blue","Album: Eternal Blue/ Artist: Spiritbox","2021","","100","0.01%","94.0129618%","Yes","","","","","","","","","","","","","","","","",""
"Spiritualized","Everything Was Beautifull","Album: Everything Was Beautifull/ Artist: Spiritualized","2022","","100","0.01%","94.0190092%","Yes","","","","","","","","","","","","","","","","",""
"Spiritualized","Sweet Heart, Sweet Light","Album: Sweet Heart, Sweet Light/ Artist: Spiritualized","2012","","100","0.01%","94.0250566%","Yes","","","","","","","","","","","","","","","","",""
"Spiritualized","Let it Come Down","Album: Let it Come Down/ Artist: Spiritualized","2001","","100","0.01%","94.0311040%","Yes","","","","","","","","","","","","","","","","",""
"Spiritualized","Ladies and Gentlemen We Are Floating In Space","Album: Ladies and Gentlemen We Are Floating In Space/ Artist: Spiritualized","1997","","100","0.01%","94.0371514%","Yes","","","","","","","","","","","","","","","","",""
"Spiritualized","Lazer Guided Melodies","Album: Lazer Guided Melodies/ Artist: Spiritualized","1992","","100","0.01%","94.0431988%","Yes","","","","","","","","","","","","","","","","",""
"Spoon","Lucifer on the Sofa","Album: Lucifer on the Sofa/ Artist: Spoon","2022","","100","0.01%","94.0492462%","Yes","","","","","","","","","","","","","","","","",""
"Spoon","Hot Thoughts","Album: Hot Thoughts/ Artist: Spoon","2017","","100","0.01%","94.0552937%","Yes","","","","","","","","","","","","","","","","",""
"Spoon","They Want My Soul","Album: They Want My Soul/ Artist: Spoon","2014","","100","0.01%","94.0613411%","Yes","","","","","","","","","","","","","","","","",""
"Spoon","Ga Ga Ga Ga Ga","Album: Ga Ga Ga Ga Ga/ Artist: Spoon","2007","","100","0.01%","94.0673885%","Yes","","","","","","","","","","","","","","","","",""
"Spoon","Gimme Fiction","Album: Gimme Fiction/ Artist: Spoon","2005","","100","0.01%","94.0734359%","Yes","","","","","","","","","","","","","","","","",""
"Spoon","Kill The Moonlight","Album: Kill The Moonlight/ Artist: Spoon","2002","","100","0.01%","94.0794833%","Yes","","","","","","","","","","","","","","","","",""
"Spoon","Girls Can Tell","Album: Girls Can Tell/ Artist: Spoon","2001","","100","0.01%","94.0855307%","Yes","","","","","","","","","","","","","","","","",""
"Sprain","The Lamb as Effigy","Album: The Lamb as Effigy/ Artist: Sprain","2023","","100","0.01%","94.0915781%","Yes","","","","","","","","","","","","","","","","",""
"SPY","Habitual Offender","Album: Habitual Offender/ Artist: SPY","2021","","100","0.01%","94.0976255%","Yes","","","","","","","","","","","","","","","","",""
"Squarepusher","Hard Normal Daddy","Album: Hard Normal Daddy/ Artist: Squarepusher","1997","","100","0.01%","94.1036730%","Yes","","","","","","","","","","","","","","","","",""
"Squarepusher","Feed Me Weird Things","Album: Feed Me Weird Things/ Artist: Squarepusher","1996","","100","0.01%","94.1097204%","Yes","","","","","","","","","","","","","","","","",""
"Squeeze","Singles: 45's and Under","Album: Singles: 45's and Under/ Artist: Squeeze","1982","","100","0.01%","94.1157678%","Yes","","","","","","","","","","","","","","","","",""
"Squid","|","Album: |/ Artist: Squid","2023","","100","0.01%","94.1218152%","Yes","","","","","","","","","","","","","","","","",""
"Squid","Bright Green Field","Album: Bright Green Field/ Artist: Squid","2021","","100","0.01%","94.1278626%","Yes","","","","","","","","","","","","","","","","",""
"Squid","Town Centre And Later Singles","Album: Town Centre And Later Singles/ Artist: Squid","2019","","100","0.01%","94.1339100%","Yes","","","","","","","","","","","","","","","","",""
"St. Vincent","All Born Screaming","Album: All Born Screaming/ Artist: St. Vincent","2024","","100","0.01%","94.1399574%","Yes","","","","","","","","","","","","","","","","",""
"St. Vincent","Daddy's Home","Album: Daddy's Home/ Artist: St. Vincent","2021","","100","0.01%","94.1460048%","Yes","","","","","","","","","","","","","","","","",""
"St. Vincent","St. Vincent","Album: St. Vincent/ Artist: St. Vincent","2014","","100","0.01%","94.1520522%","Yes","","","","","","","","","","","","","","","","",""
"St. Vincent","Strange Mercy","Album: Strange Mercy/ Artist: St. Vincent","2011","","100","0.01%","94.1580997%","Yes","","","","","","","","","","","","","","","","",""
"St. Vincent","Actor","Album: Actor/ Artist: St. Vincent","2009","","100","0.01%","94.1641471%","Yes","","","","","","","","","","","","","","","","",""
"St. Vincent","Marry Me","Album: Marry Me/ Artist: St. Vincent","2007","","100","0.01%","94.1701945%","Yes","","","","","","","","","","","","","","","","",""
"Staatsorchester Stuttgart / Lithuanian Chamber Orchestra / The 12 Cellists of the Berlin Philharmonic Orchestra / Dennis Russell Davies / Saulius Sondeckis / Gidon Kremer / Keith Jarrett / Tatjana Grindenko / Alfred Schnittke","Tabula rasa","Album: Tabula rasa/ Artist: Staatsorchester Stuttgart / Lithuanian Chamber Orchestra / The 12 Cellists of the Berlin Philharmonic Orchestra / Dennis Russell Davies / Saulius Sondeckis / Gidon Kremer / Keith Jarrett / Tatjana Grindenko / Alfred Schnittke","1984","","100","0.01%","94.1762419%","Yes","","","","","","","","","","","","","","","","",""
"Stand Up","Jethro Tull","Album: Jethro Tull/ Artist: Stand Up","1969","","100","0.01%","94.1822893%","Yes","","","","","","","","","","","","","","","","",""
"Standing On The Corner","Red Burns","Album: Red Burns/ Artist: Standing On The Corner","2017","","100","0.01%","94.1883367%","Yes","","","","","","","","","","","","","","","","",""
"Stars of the Lid","And their Refinement Of the Decline","Album: And their Refinement Of the Decline/ Artist: Stars of the Lid","2007","","100","0.01%","94.1943841%","Yes","","","","","","","","","","","","","","","","",""
"STBRKT","STBRKT","Album: STBRKT/ Artist: STBRKT","2011","","100","0.01%","94.2004315%","Yes","","","","","","","","","","","","","","","","",""
"Steely Dan","Gaucho","Album: Gaucho/ Artist: Steely Dan","1980","","100","0.01%","94.2064790%","Yes","","","","","","","","","","","","","","","","",""
"Steely Dan","Aja","Album: Aja/ Artist: Steely Dan","1977","","100","0.01%","94.2125264%","Yes","","","","","","","","","","","","","","","","",""
"Steely Dan","The Royal Scam","Album: The Royal Scam/ Artist: Steely Dan","1976","","100","0.01%","94.2185738%","Yes","","","","","","","","","","","","","","","","",""
"Steely Dan","Pretzel Logic","Album: Pretzel Logic/ Artist: Steely Dan","1974","","100","0.01%","94.2246212%","Yes","","","","","","","","","","","","","","","","",""
"Steely Dan","Can't Buy a Thrill","Album: Can't Buy a Thrill/ Artist: Steely Dan","1972","","100","0.01%","94.2306686%","Yes","","","","","","","","","","","","","","","","",""
"Stereolab","Cobra and Phases Group Play Voltage in the Milky Night","Album: Cobra and Phases Group Play Voltage in the Milky Night/ Artist: Stereolab","1999","","100","0.01%","94.2367160%","Yes","","","","","","","","","","","","","","","","",""
"Stereolab","Dots and Loops","Album: Dots and Loops/ Artist: Stereolab","1997","","100","0.01%","94.2427634%","Yes","","","","","","","","","","","","","","","","",""
"Stereolab","Emperor Tomato Ketchup","Album: Emperor Tomato Ketchup/ Artist: Stereolab","1996","","100","0.01%","94.2488108%","Yes","","","","","","","","","","","","","","","","",""
"Stereolab","Refried Ectoplasm (Switched On Volume 2)","Album: Refried Ectoplasm (Switched On Volume 2)/ Artist: Stereolab","1995","","100","0.01%","94.2548582%","Yes","","","","","","","","","","","","","","","","",""
"Stereolab","Mars Audiac Quintet","Album: Mars Audiac Quintet/ Artist: Stereolab","1994","","100","0.01%","94.2609057%","Yes","","","","","","","","","","","","","","","","",""
"Jenny Lewis","The Voyager","Album: The Voyager/ Artist: Jenny Lewis","2014","","100","0.01%","94.2669531%","","","","","","","","","","","","","","","","","",""
"Jenny Lewis","On The Line","Album: On The Line/ Artist: Jenny Lewis","2019","","100","0.01%","94.2730005%","","","","","","","","","","","","","","","","","",""
"Pallbearer","Foundations of Burden ","Album: Foundations of Burden / Artist: Pallbearer","2014","","100","0.01%","94.2790479%","","","","","","","","","","","","","","","","","",""
"Stereolab","Transient Random-Noise Bursts With Announcements","Album: Transient Random-Noise Bursts With Announcements/ Artist: Stereolab","1993","","100","0.01%","94.2850953%","Yes","","","","","","","","","","","","","","","","",""
"Mica Levi","Under the Skin OST","Album: Under the Skin OST/ Artist: Mica Levi","2014","","100","0.01%","94.2911427%","","","","","","","","","","","","","","","","","",""
"Steve Coleman and Five Elements","The Tao Mad Phat: Fringe Zones","Album: The Tao Mad Phat: Fringe Zones/ Artist: Steve Coleman and Five Elements","1993","","100","0.01%","94.2971901%","No","","","","","","","","","","","","","","","","",""
"Steve Hiett","Down on the Road by the Beach","Album: Down on the Road by the Beach/ Artist: Steve Hiett","1983","","100","0.01%","94.3032375%","No","","","","","","","","","","","","","","","","",""
"Steve Lacy","Gemini Rights","Album: Gemini Rights/ Artist: Steve Lacy","2022","","100","0.01%","94.3092850%","Yes","","","","","","","","","","","","","","","","",""
"Steve Reich","Music for 18 Musicians","Album: Music for 18 Musicians/ Artist: Steve Reich","1978","","100","0.01%","94.3153324%","Yes","","","","","","","","","","","","","","","","",""
"Steve Roach","Dreamtime Return","Album: Dreamtime Return/ Artist: Steve Roach","1988","","100","0.01%","94.3213798%","Yes","","","","","","","","","","","","","","","","",""
"Steve Roach","Structures From Silence","Album: Structures From Silence/ Artist: Steve Roach","1984","","100","0.01%","94.3274272%","Yes","","","","","","","","","","","","","","","","",""
"Steve Vai","Passion And Warfare","Album: Passion And Warfare/ Artist: Steve Vai","1990","","100","0.01%","94.3334746%","Yes","","","","","","","","","","","","","","","","",""
"Steve Wilson","Insurgentes","Album: Insurgentes/ Artist: Steve Wilson","2008","","100","0.01%","94.3395220%","Yes","","","","","","","","","","","","","","","","",""
"Steven Wilson","The Raven That Refused To Sing (And Other Stories) [Deluxe Edition]","Album: The Raven That Refused To Sing (And Other Stories) [Deluxe Edition]/ Artist: Steven Wilson","2013","","100","0.01%","94.3455694%","Yes","","","","","","","","","","","","","","","","",""
"Steven Wilson","Insurgentes","Album: Insurgentes/ Artist: Steven Wilson","2008","","100","0.01%","94.3516168%","Yes","","","","","","","","","","","","","","","","",""
"Stevie Nicks","Bella Donna","Album: Bella Donna/ Artist: Stevie Nicks","1981","","100","0.01%","94.3576642%","Yes","","","","","","","","","","","","","","","","",""
"Stevie Wonder","Songs in the Key of Life","Album: Songs in the Key of Life/ Artist: Stevie Wonder","1976","","100","0.01%","94.3637117%","Yes","","","","","","","","","","","","","","","","",""
"Stevie Wonder","Innervisions","Album: Innervisions/ Artist: Stevie Wonder","1973","","100","0.01%","94.3697591%","Yes","","","","","","","","","","","","","","","","",""
"Stevie Wonder","Fulfillingness' First Finale","Album: Fulfillingness' First Finale/ Artist: Stevie Wonder","1972","","100","0.01%","94.3758065%","Yes","","","","","","","","","","","","","","","","",""
"Stevie Wonder","Talking Book","Album: Talking Book/ Artist: Stevie Wonder","1972","","100","0.01%","94.3818539%","Yes","","","","","","","","","","","","","","","","",""
"Stevie Wonder","Music of My Mind","Album: Music of My Mind/ Artist: Stevie Wonder","1970","","100","0.01%","94.3879013%","Yes","","","","","","","","","","","","","","","","",""
"Stiff Little Fingers","Inflammable Material","Album: Inflammable Material/ Artist: Stiff Little Fingers","1979","","100","0.01%","94.3939487%","Yes","","","","","","","","","","","","","","","","",""
"Stone Temple Pilots","Purple","Album: Purple/ Artist: Stone Temple Pilots","1994","","100","0.01%","94.3999961%","Yes","","","","","","","","","","","","","","","","",""
"Stone Temple Pilots","Core","Album: Core/ Artist: Stone Temple Pilots","1992","","100","0.01%","94.4060435%","Yes","","","","","","","","","","","","","","","","",""
"Strapping Young Lad","City","Album: City/ Artist: Strapping Young Lad","1997","","100","0.01%","94.4120910%","Yes","","","","","","","","","","","","","","","","",""
"Street Sects","Gentrification III: Death and Displacement","Album: Gentrification III: Death and Displacement/ Artist: Street Sects","2019","","100","0.01%","94.4181384%","Yes","","","","","","","","","","","","","","","","",""
"Street Sects","Gentrification IV: Suspended from Gallery Rails","Album: Gentrification IV: Suspended from Gallery Rails/ Artist: Street Sects","2019","","100","0.01%","94.4241858%","Yes","","","","","","","","","","","","","","","","",""
"Street Sects","Rat Jacket EP","Album: Rat Jacket EP/ Artist: Street Sects","2017","","100","0.01%","94.4302332%","Yes","","","","","","","","","","","","","","","","",""
"Stromae","Racine carrée","Album: Racine carrée/ Artist: Stromae","2013","","100","0.01%","94.4362806%","Yes","","","","","","","","","","","","","","","","",""
"Sturgill Simpson","Metamodern Sounds in Country Music","Album: Metamodern Sounds in Country Music/ Artist: Sturgill Simpson","2014","","100","0.01%","94.4423280%","","","","","","","","","","","","","","","","","",""
"Sturgill Simpson","A Sailor's Guide to the Earth","Album: A Sailor's Guide to the Earth/ Artist: Sturgill Simpson","2016","","100","0.01%","94.4483754%","Yes","","","","","","","","","","","","","","","","",""
"Sublime","Sublime","Album: Sublime/ Artist: Sublime","1996","","100","0.01%","94.4544228%","Yes","","","","","","","","","","","","","","","","",""
"Sudan Archives","Natural Brown Prom Queen","Album: Natural Brown Prom Queen/ Artist: Sudan Archives","2022","","100","0.01%","94.4604702%","Yes","","","","","","","","","","","","","","","","",""
"Suede","Sci-Fi Lullabies CD1","Album: Sci-Fi Lullabies CD1/ Artist: Suede","1997","","100","0.01%","94.4665177%","Yes","","","","","","","","","","","","","","","","",""
"Suede","Sci-Fi Lullabies CD2","Album: Sci-Fi Lullabies CD2/ Artist: Suede","1997","","100","0.01%","94.4725651%","Yes","","","","","","","","","","","","","","","","",""
"Suede","Coming Up","Album: Coming Up/ Artist: Suede","1996","","100","0.01%","94.4786125%","Yes","","","","","","","","","","","","","","","","",""
"Suede","Dog Man Star","Album: Dog Man Star/ Artist: Suede","1994","","100","0.01%","94.4846599%","Yes","","","","","","","","","","","","","","","","",""
"Suede","Suede","Album: Suede/ Artist: Suede","1993","","100","0.01%","94.4907073%","Yes","","","","","","","","","","","","","","","","",""
"Suffocation","Pierced From Within","Album: Pierced From Within/ Artist: Suffocation","1995","","100","0.01%","94.4967547%","Yes","","","","","","","","","","","","","","","","",""
"Suffocation","Effigy of the Forgotten","Album: Effigy of the Forgotten/ Artist: Suffocation","1991","","100","0.01%","94.5028021%","Yes","","","","","","","","","","","","","","","","",""
"The 1975","A Brief Inquiry Into Online Relationships","Album: A Brief Inquiry Into Online Relationships/ Artist: The 1975","2018","","100","0.01%","94.5088495%","","","","","","","","","","","","","","","","","",""
"Sufjan Stevens","Javelin","Album: Javelin/ Artist: Sufjan Stevens","2023","","100","0.01%","94.5148970%","Yes","","","","","","","","","","","","","","","","",""
"Sufjan Stevens","Mystery of Love","Album: Mystery of Love/ Artist: Sufjan Stevens","2018","","100","0.01%","94.5209444%","Yes","","","","","","","","","","","","","","","","",""
"Sufjan Stevens","Carrie & Lowell Live","Album: Carrie & Lowell Live/ Artist: Sufjan Stevens","2017","","100","0.01%","94.5269918%","Yes","","","","","","","","","","","","","","","","",""
"Sufjan Stevens","Carrie & Lowell","Album: Carrie & Lowell/ Artist: Sufjan Stevens","2015","","100","0.01%","94.5330392%","Yes","","","","","","","","","","","","","","","","",""
"Sufjan Stevens","All Delighted People","Album: All Delighted People/ Artist: Sufjan Stevens","2010","","100","0.01%","94.5390866%","Yes","","","","","","","","","","","","","","","","",""
"Sufjan Stevens","The Age of Adz","Album: The Age of Adz/ Artist: Sufjan Stevens","2010","","100","0.01%","94.5451340%","Yes","","","","","","","","","","","","","","","","",""
"Sufjan Stevens","Illinois","Album: Illinois/ Artist: Sufjan Stevens","2005","","100","0.01%","94.5511814%","Yes","","","","","","","","","","","","","","","","",""
"Sufjan Stevens","Seven Swans","Album: Seven Swans/ Artist: Sufjan Stevens","2004","","100","0.01%","94.5572288%","Yes","","","","","","","","","","","","","","","","",""
"Sufjan Stevens","Michigan","Album: Michigan/ Artist: Sufjan Stevens","2003","","100","0.01%","94.5632762%","Yes","","","","","","","","","","","","","","","","",""
"Sufjan Stevens & Angelo De Augustine","A Beginner's Mind","Album: A Beginner's Mind/ Artist: Sufjan Stevens & Angelo De Augustine","2021","","100","0.01%","94.5693237%","Yes","","","","","","","","","","","","","","","","",""
"Sugar","Copper Blue","Album: Copper Blue/ Artist: Sugar","1992","","100","0.01%","94.5753711%","Yes","","","","","","","","","","","","","","","","",""
"Sui Generis","Confesiones de Invierno","Album: Confesiones de Invierno/ Artist: Sui Generis","1973","","100","0.01%","94.5814185%","Yes","","","","","","","","","","","","","","","","",""
"Sui Generis","Vida","Album: Vida/ Artist: Sui Generis","1972","","100","0.01%","94.5874659%","Yes","","","","","","","","","","","","","","","","",""
"Suicidal Tendencies","Suicidal Tendencies","Album: Suicidal Tendencies/ Artist: Suicidal Tendencies","1983","","100","0.01%","94.5935133%","Yes","","","","","","","","","","","","","","","","",""
"Suicide","Suicide","Album: Suicide/ Artist: Suicide","1977","","100","0.01%","94.5995607%","Yes","","","","","","","","","","","","","","","","",""
"Sun Kil Moon","Common As Light And Love Are Red Valleys of Blood","Album: Common As Light And Love Are Red Valleys of Blood/ Artist: Sun Kil Moon","2017","","100","0.01%","94.6056081%","Yes","","","","","","","","","","","","","","","","",""
"Sun Kil Moon","Ghosts of the Great Highway","Album: Ghosts of the Great Highway/ Artist: Sun Kil Moon","2003","","100","0.01%","94.6116555%","Yes","","","","","","","","","","","","","","","","",""
"Sun Ra","Lanquidity","Album: Lanquidity/ Artist: Sun Ra","1978","","100","0.01%","94.6177030%","Yes","","","","","","","","","","","","","","","","",""
"Sun Ra","The Heliocentric World of Sun Ra Volume 1","Album: The Heliocentric World of Sun Ra Volume 1/ Artist: Sun Ra","1965","","100","0.01%","94.6237504%","Yes","","","","","","","","","","","","","","","","",""
"Sun Ra And his Arkestra","Sleeping Beauty","Album: Sleeping Beauty/ Artist: Sun Ra And his Arkestra","1979","","100","0.01%","94.6297978%","Yes","","","","","","","","","","","","","","","","",""
"SUNMI","WARNING","Album: WARNING/ Artist: SUNMI","2018","","100","0.01%","94.6358452%","Yes","","","","","","","","","","","","","","","","",""
"Sunn O)))","Monoliths and Dimensions","Album: Monoliths and Dimensions/ Artist: Sunn O)))","2009","","100","0.01%","94.6418926%","Yes","","","","","","","","","","","","","","","","",""
"Sunn O)))","Black One","Album: Black One/ Artist: Sunn O)))","2005","","100","0.01%","94.6479400%","Yes","","","","","","","","","","","","","","","","",""
"Sunny Day Real Estate","How it Feels to be Something On","Album: How it Feels to be Something On/ Artist: Sunny Day Real Estate","1998","","100","0.01%","94.6539874%","Yes","","","","","","","","","","","","","","","","",""
"Sunny Day Real Estate","LP2","Album: LP2/ Artist: Sunny Day Real Estate","1995","","100","0.01%","94.6600348%","Yes","","","","","","","","","","","","","","","","",""
"Sunny Day Real Estate","Diary","Album: Diary/ Artist: Sunny Day Real Estate","1994","","100","0.01%","94.6660822%","Yes","","","","","","","","","","","","","","","","",""
"Sunset Mission","Bohren & der Club of Gore","Album: Bohren & der Club of Gore/ Artist: Sunset Mission","2000","","100","0.01%","94.6721297%","Yes","","","","","","","","","","","","","","","","",""
"Sunset Rubdown","Dragonslayer","Album: Dragonslayer/ Artist: Sunset Rubdown","2009","","100","0.01%","94.6781771%","Yes","","","","","","","","","","","","","","","","",""
"Super Furry Animals","Dark Days/ Light Years","Album: Dark Days/ Light Years/ Artist: Super Furry Animals","2009","","100","0.01%","94.6842245%","Yes","","","","","","","","","","","","","","","","",""
"Super Furry Animals","Phantom Power","Album: Phantom Power/ Artist: Super Furry Animals","2003","","100","0.01%","94.6902719%","Yes","","","","","","","","","","","","","","","","",""
"Super Furry Animals","Rings Around the World","Album: Rings Around the World/ Artist: Super Furry Animals","2001","","100","0.01%","94.6963193%","Yes","","","","","","","","","","","","","","","","",""
"Super Furry Animals","Mwng","Album: Mwng/ Artist: Super Furry Animals","2000","","100","0.01%","94.7023667%","Yes","","","","","","","","","","","","","","","","",""
"Super Furry Animals","Guerilla","Album: Guerilla/ Artist: Super Furry Animals","1999","","100","0.01%","94.7084141%","Yes","","","","","","","","","","","","","","","","",""
"Super Furry Animals","Radiation","Album: Radiation/ Artist: Super Furry Animals","1997","","100","0.01%","94.7144615%","Yes","","","","","","","","","","","","","","","","",""
"Super Furry Animals","Fuzzy Logic","Album: Fuzzy Logic/ Artist: Super Furry Animals","1996","","100","0.01%","94.7205089%","Yes","","","","","","","","","","","","","","","","",""
"Super Mario 64","Koji Kondo 近藤浩治","Album: Koji Kondo 近藤浩治/ Artist: Super Mario 64","1996","","100","0.01%","94.7265564%","Yes","","","","","","","","","","","","","","","","",""
"Supergrass","I Should Coco","Album: I Should Coco/ Artist: Supergrass","1995","","100","0.01%","94.7326038%","Yes","","","","","","","","","","","","","","","","",""
"Supertramp","Breakfast in America","Album: Breakfast in America/ Artist: Supertramp","1979","","100","0.01%","94.7386512%","Yes","","","","","","","","","","","","","","","","",""
"Supertramp","Crime of the Century","Album: Crime of the Century/ Artist: Supertramp","1974","","100","0.01%","94.7446986%","Yes","","","","","","","","","","","","","","","","",""
"Susanne Sundfør","Music For People in Trouble","Album: Music For People in Trouble/ Artist: Susanne Sundfør","2017","","100","0.01%","94.7507460%","Yes","","","","","","","","","","","","","","","","",""
"Susanne Sundfør","Ten Love Songs","Album: Ten Love Songs/ Artist: Susanne Sundfør","2015","","100","0.01%","94.7567934%","Yes","","","","","","","","","","","","","","","","",""
"Susanne Sundfør","The Brothel","Album: The Brothel/ Artist: Susanne Sundfør","2010","","100","0.01%","94.7628408%","Yes","","","","","","","","","","","","","","","","",""
"Susumu Hirasawa 平沢進","剣風伝奇ベルセルク (Berserk)","Album: 剣風伝奇ベルセルク (Berserk)/ Artist: Susumu Hirasawa 平沢進","1997","","100","0.01%","94.7688882%","Yes","","","","","","","","","","","","","","","","",""
"Swain","Negative Spaces ","Album: Negative Spaces / Artist: Swain","2019","","100","0.01%","94.7749357%","Yes","","","","","","","","","","","","","","","","",""
"Swain","Heavy Dancing","Album: Heavy Dancing/ Artist: Swain","2015","","100","0.01%","94.7809831%","Yes","","","","","","","","","","","","","","","","",""
"Swain","Howl","Album: Howl/ Artist: Swain","2013","","100","0.01%","94.7870305%","Yes","","","","","","","","","","","","","","","","",""
"Swans","The Beggar","Album: The Beggar/ Artist: Swans","2023","","100","0.01%","94.7930779%","Yes","","","","","","","","","","","","","","","","",""
"Swans","The Glowing Man","Album: The Glowing Man/ Artist: Swans","2016","","100","0.01%","94.7991253%","Yes","","","","","","","","","","","","","","","","",""
"Swans","To Be Kind","Album: To Be Kind/ Artist: Swans","2014","","100","0.01%","94.8051727%","Yes","","","","","","","","","","","","","","","","",""
"Swans","The Seer","Album: The Seer/ Artist: Swans","2012","","100","0.01%","94.8112201%","Yes","","","","","","","","","","","","","","","","",""
"Swans","My Father Will Guide Me Up A Rope To The Sky","Album: My Father Will Guide Me Up A Rope To The Sky/ Artist: Swans","2010","","100","0.01%","94.8172675%","Yes","","","","","","","","","","","","","","","","",""
"Swans","Die Tür ist zu EP","Album: Die Tür ist zu EP/ Artist: Swans","1996","","100","0.01%","94.8233149%","Yes","","","","","","","","","","","","","","","","",""
"Swans","Soundtracks For The Blind","Album: Soundtracks For The Blind/ Artist: Swans","1996","","100","0.01%","94.8293624%","Yes","","","","","","","","","","","","","","","","",""
"Swans","The Great Anhilitor","Album: The Great Anhilitor/ Artist: Swans","1995","","100","0.01%","94.8354098%","Yes","","","","","","","","","","","","","","","","",""
"Swans","Love of Life","Album: Love of Life/ Artist: Swans","1992","","100","0.01%","94.8414572%","Yes","","","","","","","","","","","","","","","","",""
"Swans","White Light From the Mouth of Infinity","Album: White Light From the Mouth of Infinity/ Artist: Swans","1991","","100","0.01%","94.8475046%","Yes","","","","","","","","","","","","","","","","",""
"Swans","Children of God","Album: Children of God/ Artist: Swans","1987","","100","0.01%","94.8535520%","Yes","","","","","","","","","","","","","","","","",""
"Swans","Greed","Album: Greed/ Artist: Swans","1986","","100","0.01%","94.8595994%","Yes","","","","","","","","","","","","","","","","",""
"Swans","Filth","Album: Filth/ Artist: Swans","1983","","100","0.01%","94.8656468%","Yes","","","","","","","","","","","","","","","","",""
"Sweet Trip","A Tiny House, In Secret Speeches, Polar Equals","Album: A Tiny House, In Secret Speeches, Polar Equals/ Artist: Sweet Trip","2021","","100","0.01%","94.8716942%","Yes","","","","","","","","","","","","","","","","",""
"Sweet Trip","You Will Never Know Why","Album: You Will Never Know Why/ Artist: Sweet Trip","2009","","100","0.01%","94.8777417%","Yes","","","","","","","","","","","","","","","","",""
"Sweet Trip","Velocity: Design: Comfort","Album: Velocity: Design: Comfort/ Artist: Sweet Trip","2003","","100","0.01%","94.8837891%","Yes","","","","","","","","","","","","","","","","",""
"Swervedriver","Mezcal Head","Album: Mezcal Head/ Artist: Swervedriver","1993","","100","0.01%","94.8898365%","Yes","","","","","","","","","","","","","","","","",""
"Swirlies","They Spent Their Wild Youthful Days In The Glittering World Of The Salons","Album: They Spent Their Wild Youthful Days In The Glittering World Of The Salons/ Artist: Swirlies","1996","","100","0.01%","94.8958839%","Yes","","","","","","","","","","","","","","","","",""
"Syd Barrett","The Madcap Laughs","Album: The Madcap Laughs/ Artist: Syd Barrett","1970","","100","0.01%","94.9019313%","Yes","","","","","","","","","","","","","","","","",""
"System Of A Down","Hypnotize","Album: Hypnotize/ Artist: System Of A Down","2005","","100","0.01%","94.9079787%","Yes","","","","","","","","","","","","","","","","",""
"System of a Down","Mezmerize","Album: Mezmerize/ Artist: System of a Down","2005","","100","0.01%","94.9140261%","Yes","","","","","","","","","","","","","","","","",""
"System of a Down","Toxicity","Album: Toxicity/ Artist: System of a Down","2001","","100","0.01%","94.9200735%","Yes","","","","","","","","","","","","","","","","",""
"System Of A Down","System of A Down","Album: System of A Down/ Artist: System Of A Down","1998","","100","0.01%","94.9261209%","Yes","","","","","","","","","","","","","","","","",""
"SZA","SOS","Album: SOS/ Artist: SZA","2022","","100","0.01%","94.9321684%","Yes","","","","","","","","","","","","","","","","",""
"SZA","Crtl","Album: Crtl/ Artist: SZA","2017","","100","0.01%","94.9382158%","Yes","","","","","","","","","","","","","","","","",""
"T. Rex","The Slider","Album: The Slider/ Artist: T. Rex","1972","","100","0.01%","94.9442632%","Yes","","","","","","","","","","","","","","","","",""
"T. Rex","Electric Warrior","Album: Electric Warrior/ Artist: T. Rex","1971","","100","0.01%","94.9503106%","Yes","","","","","","","","","","","","","","","","",""
"T2","It'll All Work Out in Boomland","Album: It'll All Work Out in Boomland/ Artist: T2","1970","","100","0.01%","94.9563580%","No","","","","","","","","","","","","","","","","",""
"Tabu Ley Rochereau ","Tabu Ley Rochereau: The Voice of Lightness Vol 1 Album 1","Album: Tabu Ley Rochereau: The Voice of Lightness Vol 1 Album 1/ Artist: Tabu Ley Rochereau ","2007","","100","0.01%","94.9624054%","Yes","","","","","","","","","","","","","","","","",""
"Taking Back Sunday","Louder Now","Album: Louder Now/ Artist: Taking Back Sunday","2006","","100","0.01%","94.9684528%","Yes","","","","","","","","","","","","","","","","",""
"Talib Kweli","Quality","Album: Quality/ Artist: Talib Kweli","2002","","100","0.01%","94.9745002%","Yes","","","","","","","","","","","","","","","","",""
"Talk Talk","Laughing Stock","Album: Laughing Stock/ Artist: Talk Talk","1991","","100","0.01%","94.9805477%","Yes","","","","","","","","","","","","","","","","",""
"Talk Talk","Spirit of Eden","Album: Spirit of Eden/ Artist: Talk Talk","1988","","100","0.01%","94.9865951%","Yes","","","","","","","","","","","","","","","","",""
"Talk Talk","The Colour of Spring","Album: The Colour of Spring/ Artist: Talk Talk","1986","","100","0.01%","94.9926425%","Yes","","","","","","","","","","","","","","","","",""
"Talking Heads","Stop Making Sense","Album: Stop Making Sense/ Artist: Talking Heads","1984","","100","0.01%","94.9986899%","Yes","","","","","","","","","","","","","","","","",""
"Talking Heads","The Name of This Band Is Talking Heads","Album: The Name of This Band Is Talking Heads/ Artist: Talking Heads","1982","","100","0.01%","95.0047373%","Yes","","","","","","","","","","","","","","","","",""
"Talking Heads","Remain in Light","Album: Remain in Light/ Artist: Talking Heads","1980","","100","0.01%","95.0107847%","Yes","","","","","","","","","","","","","","","","",""
"Talking Heads","Fear of Music","Album: Fear of Music/ Artist: Talking Heads","1979","","100","0.01%","95.0168321%","Yes","","","","","","","","","","","","","","","","",""
"Talking Heads","More Songs About Buildings and Food","Album: More Songs About Buildings and Food/ Artist: Talking Heads","1978","","100","0.01%","95.0228795%","Yes","","","","","","","","","","","","","","","","",""
"Talking Heads","Talking Heads: 77","Album: Talking Heads: 77/ Artist: Talking Heads","1977","","100","0.01%","95.0289269%","Yes","","","","","","","","","","","","","","","","",""
"Tame Impala","The Slow Rush","Album: The Slow Rush/ Artist: Tame Impala","2020","","100","0.01%","95.0349744%","Yes","","","","","","","","","","","","","","","","",""
"Tame Impala","Currents","Album: Currents/ Artist: Tame Impala","2015","","100","0.01%","95.0410218%","Yes","","","","","","","","","","","","","","","","",""
"Tame Impala","Lonerism","Album: Lonerism/ Artist: Tame Impala","2012","","100","0.01%","95.0470692%","Yes","","","","","","","","","","","","","","","","",""
"Tame Impala","Innerspeaker","Album: Innerspeaker/ Artist: Tame Impala","2010","","100","0.01%","95.0531166%","Yes","","","","","","","","","","","","","","","","",""
"Tangerine Dream","Rubycon","Album: Rubycon/ Artist: Tangerine Dream","1975","","100","0.01%","95.0591640%","Yes","","","","","","","","","","","","","","","","",""
"Tangerine Dream","Phaedra","Album: Phaedra/ Artist: Tangerine Dream","1974","","100","0.01%","95.0652114%","Yes","","","","","","","","","","","","","","","","",""
"Tatsuro Yamashita 山下達郎","Big Wave","Album: Big Wave/ Artist: Tatsuro Yamashita 山下達郎","1984","","100","0.01%","95.0712588%","No","","","","","","","","","","","","","","","","",""
"Tatsuro Yamashita 山下達郎","For You","Album: For You/ Artist: Tatsuro Yamashita 山下達郎","1982","","100","0.01%","95.0773062%","No","","","","","","","","","","","","","","","","",""
"Tatsuro Yamashita 山下達郎","Ride on Time","Album: Ride on Time/ Artist: Tatsuro Yamashita 山下達郎","1980","","100","0.01%","95.0833537%","No","","","","","","","","","","","","","","","","",""
"Taylor Swift","Red","Album: Red/ Artist: Taylor Swift","2021","","100","0.01%","95.0894011%","Yes","","","","","","","","","","","","","","","","",""
"Taylor Swift","Folklore","Album: Folklore/ Artist: Taylor Swift","2020","","100","0.01%","95.0954485%","Yes","","","","","","","","","","","","","","","","",""
"Tears for Fears","Tears Roll Down (Greatest Hits 82-92)","Album: Tears Roll Down (Greatest Hits 82-92)/ Artist: Tears for Fears","1992","","100","0.01%","95.1014959%","Yes","","","","","","","","","","","","","","","","",""
"Tears for Fears","Songs From the Big Chair","Album: Songs From the Big Chair/ Artist: Tears for Fears","1985","","100","0.01%","95.1075433%","Yes","","","","","","","","","","","","","","","","",""
"Tears For Fears","The Hurting","Album: The Hurting/ Artist: Tears For Fears","1983","","100","0.01%","95.1135907%","Yes","","","","","","","","","","","","","","","","",""
"Teen Suicide","waste yrself","Album: waste yrself/ Artist: Teen Suicide","2012","","100","0.01%","95.1196381%","Yes","","","","","","","","","","","","","","","","",""
"Teenage Fanclub","Bandwagonesque","Album: Bandwagonesque/ Artist: Teenage Fanclub","1991","","100","0.01%","95.1256855%","Yes","","","","","","","","","","","","","","","","",""
"Television","Marquee Moon","Album: Marquee Moon/ Artist: Television","1977","","100","0.01%","95.1317329%","Yes","","","","","","","","","","","","","","","","",""
"Temple of the Dog","Temple of the Dog","Album: Temple of the Dog/ Artist: Temple of the Dog","1991","","100","0.01%","95.1377804%","Yes","","","","","","","","","","","","","","","","",""
"Tenacious D","The Pick Of Destiny","Album: The Pick Of Destiny/ Artist: Tenacious D","2006","","100","0.01%","95.1438278%","Yes","","","","","","","","","","","","","","","","",""
"Terrorizer","World Downfall","Album: World Downfall/ Artist: Terrorizer","1989","","100","0.01%","95.1498752%","Yes","","","","","","","","","","","","","","","","",""
"Terry Riley","A Rainbow in Curved Air","Album: A Rainbow in Curved Air/ Artist: Terry Riley","1969","","100","0.01%","95.1559226%","Yes","","","","","","","","","","","","","","","","",""
"TesseracT","Altered State","Album: Altered State/ Artist: TesseracT","2013","","100","0.01%","95.1619700%","Yes","","","","","","","","","","","","","","","","",""
"Testament","The Legacy","Album: The Legacy/ Artist: Testament","1987","","100","0.01%","95.1680174%","Yes","","","","","","","","","","","","","","","","",""
"Texas Flood","Stevie Ray Vaughan and Double Trouble","Album: Stevie Ray Vaughan and Double Trouble/ Artist: Texas Flood","1983","","100","0.01%","95.1740648%","Yes","","","","","","","","","","","","","","","","",""
"Thantifaxath","Sacred White Noise","Album: Sacred White Noise/ Artist: Thantifaxath","2014","","100","0.01%","95.1801122%","Yes","","","","","","","","","","","","","","","","",""
"The Afghan Wigs","Gentlemen","Album: Gentlemen/ Artist: The Afghan Wigs","1993","","100","0.01%","95.1861597%","Yes","","","","","","","","","","","","","","","","",""
"The Alan Parsons Project","Eye in the Sky","Album: Eye in the Sky/ Artist: The Alan Parsons Project","1982","","100","0.01%","95.1922071%","Yes","","","","","","","","","","","","","","","","",""
"The Alan Parsons Project","Turn of a Friendly Cards","Album: Turn of a Friendly Cards/ Artist: The Alan Parsons Project","1980","","100","0.01%","95.1982545%","Yes","","","","","","","","","","","","","","","","",""
"The Alan Parsons Project","I Robot","Album: I Robot/ Artist: The Alan Parsons Project","1977","","100","0.01%","95.2043019%","Yes","","","","","","","","","","","","","","","","",""
"The Allman Brothers","Brothers and Sisters","Album: Brothers and Sisters/ Artist: The Allman Brothers","1973","","100","0.01%","95.2103493%","Yes","","","","","","","","","","","","","","","","",""
"The Allman Brothers","Eat A Peach","Album: Eat A Peach/ Artist: The Allman Brothers","1972","","100","0.01%","95.2163967%","Yes","","","","","","","","","","","","","","","","",""
"The Allman Brothers Band","The Allman Brothers Band","Album: The Allman Brothers Band/ Artist: The Allman Brothers Band","1969","","100","0.01%","95.2224441%","Yes","","","","","","","","","","","","","","","","",""
"The Angelic Process","Weighing Souls with Sand","Album: Weighing Souls with Sand/ Artist: The Angelic Process","2007","","100","0.01%","95.2284915%","Yes","","","","","","","","","","","","","","","","",""
"The Antlers","Green to Gold","Album: Green to Gold/ Artist: The Antlers","2021","","100","0.01%","95.2345389%","Yes","","","","","","","","","","","","","","","","",""
"The Antlers","Burst Apart","Album: Burst Apart/ Artist: The Antlers","2011","","100","0.01%","95.2405864%","Yes","","","","","","","","","","","","","","","","",""
"The Antlers","Hospice","Album: Hospice/ Artist: The Antlers","2008","","100","0.01%","95.2466338%","Yes","","","","","","","","","","","","","","","","",""
"The Antlers","In the Attic of the Universe","Album: In the Attic of the Universe/ Artist: The Antlers","2007","","100","0.01%","95.2526812%","Yes","","","","","","","","","","","","","","","","",""
"The Arrogant Sons Of Bitches","Three Cheers For Disappointment","Album: Three Cheers For Disappointment/ Artist: The Arrogant Sons Of Bitches","2006","","100","0.01%","95.2587286%","Yes","","","","","","","","","","","","","","","","",""
"The Avalanches","Wildflower","Album: Wildflower/ Artist: The Avalanches","2016","","100","0.01%","95.2647760%","Yes","","","","","","","","","","","","","","","","",""
"The Avalanches","GIMIX","Album: GIMIX/ Artist: The Avalanches","2000","","100","0.01%","95.2708234%","Yes","","","","","","","","","","","","","","","","",""
"Nuno Canavarro","Plux Quba","Album: Plux Quba/ Artist: Nuno Canavarro","1988","","100","0.01%","95.2768708%","","","","","","","","","","","","","","","","","",""
"The Avalanches","Since I Left You","Album: Since I Left You/ Artist: The Avalanches","2000","","100","0.01%","95.2829182%","Yes","","","","","","","","","","","","","","","","",""
"The B-52's","Wild Planet","Album: Wild Planet/ Artist: The B-52's","1980","","100","0.01%","95.2889656%","","","","","","","","","","","","","","","","","",""
"The B-52's","The B-52's","Album: The B-52's/ Artist: The B-52's","1979","","100","0.01%","95.2950131%","Yes","","","","","","","","","","","","","","","","",""
"The Backseat Lovers","When We Were Friends","Album: When We Were Friends/ Artist: The Backseat Lovers","2019","","100","0.01%","95.3010605%","Yes","","","","","","","","","","","","","","","","",""
"The Bad Plus","These are the Vistas","Album: These are the Vistas/ Artist: The Bad Plus","2003","","100","0.01%","95.3071079%","Yes","","","","","","","","","","","","","","","","",""
"The Band","The Band","Album: The Band/ Artist: The Band","1969","","100","0.01%","95.3131553%","Yes","","","","","","","","","","","","","","","","",""
"The Band","Music From Big Pink","Album: Music From Big Pink/ Artist: The Band","1968","","100","0.01%","95.3192027%","Yes","","","","","","","","","","","","","","","","",""
"The Beach Boys","Sounds of Sumer","Album: Sounds of Sumer/ Artist: The Beach Boys","2003","","100","0.01%","95.3252501%","Yes","","","","","","","","","","","","","","","","",""
"The Beach Boys","Endless Summer","Album: Endless Summer/ Artist: The Beach Boys","1974","","100","0.01%","95.3312975%","Yes","","","","","","","","","","","","","","","","",""
"The Beach Boys","Surf's up","Album: Surf's up/ Artist: The Beach Boys","1971","","100","0.01%","95.3373449%","Yes","","","","","","","","","","","","","","","","",""
"The Beach Boys","Sunflower","Album: Sunflower/ Artist: The Beach Boys","1970","","100","0.01%","95.3433924%","Yes","","","","","","","","","","","","","","","","",""
"The Beach Boys","Pet Sounds","Album: Pet Sounds/ Artist: The Beach Boys","1966","","100","0.01%","95.3494398%","Yes","","","","","","","","","","","","","","","","",""
"The Beach Boys","The Beach Boys Today!","Album: The Beach Boys Today!/ Artist: The Beach Boys","1965","","100","0.01%","95.3554872%","Yes","","","","","","","","","","","","","","","","",""
"The Beatles","Past Masters, Volume One","Album: Past Masters, Volume One/ Artist: The Beatles","1988","","100","0.01%","95.3615346%","Yes","","","","","","","","","","","","","","","","",""
"The Beatles","Past Masters, Volume Two","Album: Past Masters, Volume Two/ Artist: The Beatles","1988","","100","0.01%","95.3675820%","Yes","","","","","","","","","","","","","","","","",""
"The Beta Band","The Three EPs","Album: The Three EPs/ Artist: The Beta Band","1998","","100","0.01%","95.3736294%","Yes","","","","","","","","","","","","","","","","",""
"The Black Keys","El Camino","Album: El Camino/ Artist: The Black Keys","2011","","100","0.01%","95.3796768%","Yes","","","","","","","","","","","","","","","","",""
"The Black Keys","Borthers","Album: Borthers/ Artist: The Black Keys","2010","","100","0.01%","95.3857242%","Yes","","","","","","","","","","","","","","","","",""
"The Black Keys","Rubber Factory","Album: Rubber Factory/ Artist: The Black Keys","2004","","100","0.01%","95.3917716%","Yes","","","","","","","","","","","","","","","","",""
"The Blue Nile","Hats","Album: Hats/ Artist: The Blue Nile","1989","","100","0.01%","95.3978191%","Yes","","","","","","","","","","","","","","","","",""
"The Books","The Way Out","Album: The Way Out/ Artist: The Books","2010","","100","0.01%","95.4038665%","Yes","","","","","","","","","","","","","","","","",""
"The Books","The Lemon of Pink","Album: The Lemon of Pink/ Artist: The Books","2003","","100","0.01%","95.4099139%","Yes","","","","","","","","","","","","","","","","",""
"The Books","Thought for Food","Album: Thought for Food/ Artist: The Books","2002","","100","0.01%","95.4159613%","Yes","","","","","","","","","","","","","","","","",""
"The Bran Flakes","I Have Hands","Album: I Have Hands/ Artist: The Bran Flakes","2009","","100","0.01%","95.4220087%","Yes","","","","","","","","","","","","","","","","",""
"The Breeders","Last Splash","Album: Last Splash/ Artist: The Breeders","1993","","100","0.01%","95.4280561%","Yes","","","","","","","","","","","","","","","","",""
"The Breeders","Pod","Album: Pod/ Artist: The Breeders","1990","","100","0.01%","95.4341035%","Yes","","","","","","","","","","","","","","","","",""
"The Brobecks","Violent Things","Album: Violent Things/ Artist: The Brobecks","2009","","100","0.01%","95.4401509%","Yes","","","","","","","","","","","","","","","","",""
"The Byrds","The Notorious Byrd Brothers","Album: The Notorious Byrd Brothers/ Artist: The Byrds","1968","","100","0.01%","95.4461984%","Yes","","","","","","","","","","","","","","","","",""
"The Byrds","greatest Hits","Album: greatest Hits/ Artist: The Byrds","1967","","100","0.01%","95.4522458%","Yes","","","","","","","","","","","","","","","","",""
"The Byrds","Younger than Yesterday","Album: Younger than Yesterday/ Artist: The Byrds","1967","","100","0.01%","95.4582932%","Yes","","","","","","","","","","","","","","","","",""
"The Byrds","Fifth Dimension","Album: Fifth Dimension/ Artist: The Byrds","1966","","100","0.01%","95.4643406%","Yes","","","","","","","","","","","","","","","","",""
"The Byrds","Mr. Tambourine Man","Album: Mr. Tambourine Man/ Artist: The Byrds","1965","","100","0.01%","95.4703880%","Yes","","","","","","","","","","","","","","","","",""
"The Cardigans","Life","Album: Life/ Artist: The Cardigans","1996","","100","0.01%","95.4764354%","Yes","","","","","","","","","","","","","","","","",""
"The Caretaker","An Empty Bliss Beyond this World","Album: An Empty Bliss Beyond this World/ Artist: The Caretaker","2011","","100","0.01%","95.4824828%","Yes","","","","","","","","","","","","","","","","",""
"The Cars","Greatest Hits","Album: Greatest Hits/ Artist: The Cars","1985","","100","0.01%","95.4885302%","Yes","","","","","","","","","","","","","","","","",""
"The Cars","The Cars","Album: The Cars/ Artist: The Cars","1978","","100","0.01%","95.4945776%","Yes","","","","","","","","","","","","","","","","",""
"The Chameleons","Strange Times","Album: Strange Times/ Artist: The Chameleons","1986","","100","0.01%","95.5006251%","Yes","","","","","","","","","","","","","","","","",""
"The Chameleons","What Does Anything Mean? Basically","Album: What Does Anything Mean? Basically/ Artist: The Chameleons","1985","","100","0.01%","95.5066725%","Yes","","","","","","","","","","","","","","","","",""
"The Chameleons","Script of the Bridge","Album: Script of the Bridge/ Artist: The Chameleons","1983","","100","0.01%","95.5127199%","Yes","","","","","","","","","","","","","","","","",""
"The Chemical Brothers","For That Beautiful Feeling","Album: For That Beautiful Feeling/ Artist: The Chemical Brothers","2023","","100","0.01%","95.5187673%","Yes","","","","","","","","","","","","","","","","",""
"The Chemical Brothers","No Geography","Album: No Geography/ Artist: The Chemical Brothers","2019","","100","0.01%","95.5248147%","Yes","","","","","","","","","","","","","","","","",""
"The Chemical Brothers","Born in the Echoes","Album: Born in the Echoes/ Artist: The Chemical Brothers","2015","","100","0.01%","95.5308621%","Yes","","","","","","","","","","","","","","","","",""
"The Chemical Brothers","Further","Album: Further/ Artist: The Chemical Brothers","2010","","100","0.01%","95.5369095%","Yes","","","","","","","","","","","","","","","","",""
"The Chemical Brothers","Brotherhood CD2","Album: Brotherhood CD2/ Artist: The Chemical Brothers","2008","","100","0.01%","95.5429569%","Yes","","","","","","","","","","","","","","","","",""
"The Chemical Brothers","Push the Button","Album: Push the Button/ Artist: The Chemical Brothers","2005","","100","0.01%","95.5490044%","Yes","","","","","","","","","","","","","","","","",""
"The Chemical Brothers","Come With Us","Album: Come With Us/ Artist: The Chemical Brothers","2002","","100","0.01%","95.5550518%","Yes","","","","","","","","","","","","","","","","",""
"The Chemical Brothers","Surrender","Album: Surrender/ Artist: The Chemical Brothers","1999","","100","0.01%","95.5610992%","Yes","","","","","","","","","","","","","","","","",""
"The Chemical Brothers","Dig Your Own Hole","Album: Dig Your Own Hole/ Artist: The Chemical Brothers","1997","","100","0.01%","95.5671466%","Yes","","","","","","","","","","","","","","","","",""
"The Chemical Brothers","Exit Planet Dust","Album: Exit Planet Dust/ Artist: The Chemical Brothers","1995","","100","0.01%","95.5731940%","Yes","","","","","","","","","","","","","","","","",""
"The Chisel","What A Fucking Nightmare","Album: What A Fucking Nightmare/ Artist: The Chisel","2024","","100","0.01%","95.5792414%","Yes","","","","","","","","","","","","","","","","",""
"The Clash","The Story of The Clash Volume 1","Album: The Story of The Clash Volume 1/ Artist: The Clash","1988","","100","0.01%","95.5852888%","Yes","","","","","","","","","","","","","","","","",""
"The Clash","Comat Rock","Album: Comat Rock/ Artist: The Clash","1982","","100","0.01%","95.5913362%","Yes","","","","","","","","","","","","","","","","",""
"The Clash","London Calling","Album: London Calling/ Artist: The Clash","1979","","100","0.01%","95.5973836%","Yes","","","","","","","","","","","","","","","","",""
"The Clash","Give 'Em Enough Rope","Album: Give 'Em Enough Rope/ Artist: The Clash","1978","","100","0.01%","95.6034311%","Yes","","","","","","","","","","","","","","","","",""
"The Clash","The Clash","Album: The Clash/ Artist: The Clash","1977","","100","0.01%","95.6094785%","Yes","","","","","","","","","","","","","","","","",""
"The Coasters","50 Coastin' Classics","Album: 50 Coastin' Classics/ Artist: The Coasters","1992","","100","0.01%","95.6155259%","Yes","","","","","","","","","","","","","","","","",""
"The Comet Is Coming","Hyper-Dimensional Expansion Beam","Album: Hyper-Dimensional Expansion Beam/ Artist: The Comet Is Coming","2022","","100","0.01%","95.6215733%","Yes","","","","","","","","","","","","","","","","",""
"The Comet Is Coming","Trust in the Lifeforce of the Deep Mystery","Album: Trust in the Lifeforce of the Deep Mystery/ Artist: The Comet Is Coming","2019","","100","0.01%","95.6276207%","Yes","","","","","","","","","","","","","","","","",""
"The Congos","Heart of The Congos","Album: Heart of The Congos/ Artist: The Congos","1977","","100","0.01%","95.6336681%","Yes","","","","","","","","","","","","","","","","",""
"The Cramps","...Off the Bone","Album: ...Off the Bone/ Artist: The Cramps","1983","","100","0.01%","95.6397155%","Yes","","","","","","","","","","","","","","","","",""
"The Cranberries","No need to Argue","Album: No need to Argue/ Artist: The Cranberries","1994","","100","0.01%","95.6457629%","Yes","","","","","","","","","","","","","","","","",""
"The Cranberries","Everybody else is doing it, So Why Cant We?","Album: Everybody else is doing it, So Why Cant We?/ Artist: The Cranberries","1992","","100","0.01%","95.6518104%","Yes","","","","","","","","","","","","","","","","",""
"The Cure","Greatest Hits (1st Half)","Album: Greatest Hits (1st Half)/ Artist: The Cure","2002","","100","0.01%","95.6578578%","Yes","","","","","","","","","","","","","","","","",""
"The Cure","Greatest Hits (2nd Half)","Album: Greatest Hits (2nd Half)/ Artist: The Cure","2002","","100","0.01%","95.6639052%","Yes","","","","","","","","","","","","","","","","",""
"The Damned","Machine Gun Etiquette","Album: Machine Gun Etiquette/ Artist: The Damned","1979","","100","0.01%","95.6699526%","Yes","","","","","","","","","","","","","","","","",""
"The Damned","Damned Damned Damned","Album: Damned Damned Damned/ Artist: The Damned","1977","","100","0.01%","95.6760000%","Yes","","","","","","","","","","","","","","","","",""
"The Dave Brubeck Quartet","Time Out","Album: Time Out/ Artist: The Dave Brubeck Quartet","1959","","100","0.01%","95.6820474%","Yes","","","","","","","","","","","","","","","","",""
"The Decemberists","The Crane Wife","Album: The Crane Wife/ Artist: The Decemberists","2006","","100","0.01%","95.6880948%","Yes","","","","","","","","","","","","","","","","",""
"The Decemberists","Picaresque","Album: Picaresque/ Artist: The Decemberists","2005","","100","0.01%","95.6941422%","Yes","","","","","","","","","","","","","","","","",""
"The Decemberists","Castaways and Cutouts","Album: Castaways and Cutouts/ Artist: The Decemberists","2002","","100","0.01%","95.7001896%","Yes","","","","","","","","","","","","","","","","",""
"The Devin Townsend Project","Addicted","Album: Addicted/ Artist: The Devin Townsend Project","2009","","100","0.01%","95.7062371%","Yes","","","","","","","","","","","","","","","","",""
"The Dillinger Escape Plan","Dissociation","Album: Dissociation/ Artist: The Dillinger Escape Plan","2016","","100","0.01%","95.7122845%","Yes","","","","","","","","","","","","","","","","",""
"The Dillinger Escape Plan","One of Us is the Killer","Album: One of Us is the Killer/ Artist: The Dillinger Escape Plan","2013","","100","0.01%","95.7183319%","Yes","","","","","","","","","","","","","","","","",""
"The Dillinger Escape Plan","Ire Works","Album: Ire Works/ Artist: The Dillinger Escape Plan","2007","","100","0.01%","95.7243793%","Yes","","","","","","","","","","","","","","","","",""
"The Dillinger Escape Plan","Miss Machine","Album: Miss Machine/ Artist: The Dillinger Escape Plan","2004","","100","0.01%","95.7304267%","Yes","","","","","","","","","","","","","","","","",""
"The Dillinger Escape Plan","Calculating Infinity","Album: Calculating Infinity/ Artist: The Dillinger Escape Plan","1999","","100","0.01%","95.7364741%","Yes","","","","","","","","","","","","","","","","",""
"The Dillinger Escape Plan & Mike Patton","Irony Is a Dead Scene","Album: Irony Is a Dead Scene/ Artist: The Dillinger Escape Plan & Mike Patton","2002","","100","0.01%","95.7425215%","Yes","","","","","","","","","","","","","","","","",""
"The Dismemberment Plan","Emergency & I","Album: Emergency & I/ Artist: The Dismemberment Plan","1999","","100","0.01%","95.7485689%","Yes","","","","","","","","","","","","","","","","",""
"The Doors","The Best of The Doors","Album: The Best of The Doors/ Artist: The Doors","1985","","100","0.01%","95.7546164%","Yes","","","","","","","","","","","","","","","","",""
"The Doors","L.A Woman","Album: L.A Woman/ Artist: The Doors","1971","","100","0.01%","95.7606638%","Yes","","","","","","","","","","","","","","","","",""
"The Doors","Morrison Hotel","Album: Morrison Hotel/ Artist: The Doors","1970","","100","0.01%","95.7667112%","Yes","","","","","","","","","","","","","","","","",""
"The Doors","Strange Days","Album: Strange Days/ Artist: The Doors","1967","","100","0.01%","95.7727586%","Yes","","","","","","","","","","","","","","","","",""
"The Doors","The Doors","Album: The Doors/ Artist: The Doors","1967","","100","0.01%","95.7788060%","Yes","","","","","","","","","","","","","","","","",""
"The Drones","Feelin Kinda Free","Album: Feelin Kinda Free/ Artist: The Drones","2016","","100","0.01%","95.7848534%","Yes","","","","","","","","","","","","","","","","",""
"The Drones","I See Seaweed","Album: I See Seaweed/ Artist: The Drones","2013","","100","0.01%","95.7909008%","Yes","","","","","","","","","","","","","","","","",""
"The Dukes of Stratosphear","25 O'Clock","Album: 25 O'Clock/ Artist: The Dukes of Stratosphear","1985","","100","0.01%","95.7969482%","No","","","","","","","","","","","","","","","","",""
"The Dukes of Stratosphear","Chips From the Chocolate Fireball","Album: Chips From the Chocolate Fireball/ Artist: The Dukes of Stratosphear","1987","","100","0.01%","95.8029956%","Yes","","","","","","","","","","","","","","","","",""
"The Fall","This Nation's Saving Grace","Album: This Nation's Saving Grace/ Artist: The Fall","1985","","100","0.01%","95.8090431%","Yes","","","","","","","","","","","","","","","","",""
"The Fall","The Wonderful and Frightening World of The Fall","Album: The Wonderful and Frightening World of The Fall/ Artist: The Fall","1984","","100","0.01%","95.8150905%","Yes","","","","","","","","","","","","","","","","",""
"The Fall","Perverted by Language","Album: Perverted by Language/ Artist: The Fall","1983","","100","0.01%","95.8211379%","Yes","","","","","","","","","","","","","","","","",""
"The Fall","Hex Enduction Hour","Album: Hex Enduction Hour/ Artist: The Fall","1982","","100","0.01%","95.8271853%","Yes","","","","","","","","","","","","","","","","",""
"The Fall","Grotesque (After the Gramme)","Album: Grotesque (After the Gramme)/ Artist: The Fall","1980","","100","0.01%","95.8332327%","Yes","","","","","","","","","","","","","","","","",""
"The Fall","Live at the Witch Trials","Album: Live at the Witch Trials/ Artist: The Fall","1979","","100","0.01%","95.8392801%","Yes","","","","","","","","","","","","","","","","",""
"The Fall Of Troy","Doppelgänger","Album: Doppelgänger/ Artist: The Fall Of Troy","2005","","100","0.01%","95.8453275%","Yes","","","","","","","","","","","","","","","","",""
"The Feelies","Crazy Rhythms","Album: Crazy Rhythms/ Artist: The Feelies","1980","","100","0.01%","95.8513749%","Yes","","","","","","","","","","","","","","","","",""
"The Field","Cupid's Head","Album: Cupid's Head/ Artist: The Field","2013","","100","0.01%","95.8574224%","Yes","","","","","","","","","","","","","","","","",""
"The Field","Looping State of Mind","Album: Looping State of Mind/ Artist: The Field","2011","","100","0.01%","95.8634698%","Yes","","","","","","","","","","","","","","","","",""
"The Field","Yesterday and Today","Album: Yesterday and Today/ Artist: The Field","2009","","100","0.01%","95.8695172%","Yes","","","","","","","","","","","","","","","","",""
"The Field","From Here We Go Sublime","Album: From Here We Go Sublime/ Artist: The Field","2007","","100","0.01%","95.8755646%","Yes","","","","","","","","","","","","","","","","",""
"The Fiery Furnaces","Blueberry Boat","Album: Blueberry Boat/ Artist: The Fiery Furnaces","2004","","100","0.01%","95.8816120%","Yes","","","","","","","","","","","","","","","","",""
"The Flaming Lips","American Head","Album: American Head/ Artist: The Flaming Lips","2020","","100","0.01%","95.8876594%","Yes","","","","","","","","","","","","","","","","",""
"The Flaming Lips","Peace Swords EP","Album: Peace Swords EP/ Artist: The Flaming Lips","2013","","100","0.01%","95.8937068%","Yes","","","","","","","","","","","","","","","","",""
"The Flaming Lips","The Flaming Lips and Heady Fwends","Album: The Flaming Lips and Heady Fwends/ Artist: The Flaming Lips","2012","","100","0.01%","95.8997542%","Yes","","","","","","","","","","","","","","","","",""
"The Flaming Lips","At War with the Mystics","Album: At War with the Mystics/ Artist: The Flaming Lips","2006","","100","0.01%","95.9058016%","Yes","","","","","","","","","","","","","","","","",""
"The Flaming Lips","Late Night Tales (The Flaming Lips)","Album: Late Night Tales (The Flaming Lips)/ Artist: The Flaming Lips","2005","","100","0.01%","95.9118491%","Yes","","","","","","","","","","","","","","","","",""
"The Flaming Lips","Yoshimi Battles The Pink Robots","Album: Yoshimi Battles The Pink Robots/ Artist: The Flaming Lips","2002","","100","0.01%","95.9178965%","Yes","","","","","","","","","","","","","","","","",""
"The Flaming Lips","The Soft Bulletin","Album: The Soft Bulletin/ Artist: The Flaming Lips","1999","","100","0.01%","95.9239439%","Yes","","","","","","","","","","","","","","","","",""
"The Flaming Lips","Clouds Taste Metallic","Album: Clouds Taste Metallic/ Artist: The Flaming Lips","1995","","100","0.01%","95.9299913%","Yes","","","","","","","","","","","","","","","","",""
"The Game","The Documentary","Album: The Documentary/ Artist: The Game","2005","","100","0.01%","95.9360387%","Yes","","","","","","","","","","","","","","","","",""
"The Gaslight Anthem","The '59 Sound","Album: The '59 Sound/ Artist: The Gaslight Anthem","2008","","100","0.01%","95.9420861%","Yes","","","","","","","","","","","","","","","","",""
"The Gerogerigegege","燃えない灰 [Moenai Hai]","Album: 燃えない灰 [Moenai Hai]/ Artist: The Gerogerigegege","2016","","100","0.01%","95.9481335%","No","","","","","","","","","","","","","","","","",""
"The Go-Betweens","16 Lovers Lane","Album: 16 Lovers Lane/ Artist: The Go-Betweens","1988","","100","0.01%","95.9541809%","Yes","","","","","","","","","","","","","","","","",""
"The Go-Go's","Beauty And the Beat","Album: Beauty And the Beat/ Artist: The Go-Go's","1981","","100","0.01%","95.9602283%","Yes","","","","","","","","","","","","","","","","",""
"The Go! Team","Thunder, Lightning, Strike","Album: Thunder, Lightning, Strike/ Artist: The Go! Team","2004","","100","0.01%","95.9662758%","Yes","","","","","","","","","","","","","","","","",""
"Laurie Spiegel","The Expanding Universe","Album: The Expanding Universe/ Artist: Laurie Spiegel","1980","","100","0.01%","95.9723232%","","","","","","","","","","","","","","","","","",""
"The Goon Sax","We're Not Talking","Album: We're Not Talking/ Artist: The Goon Sax","2018","","100","0.01%","95.9783706%","Yes","","","","","","","","","","","","","","","","",""
"The Gun Club","Fire of Love","Album: Fire of Love/ Artist: The Gun Club","1981","","100","0.01%","95.9844180%","Yes","","","","","","","","","","","","","","","","",""
"The Haxan Cloak","Excavation","Album: Excavation/ Artist: The Haxan Cloak","2013","","100","0.01%","95.9904654%","Yes","","","","","","","","","","","","","","","","",""
"The HIRS Collective","We're Still Here","Album: We're Still Here/ Artist: The HIRS Collective","2023","","100","0.01%","95.9965128%","Yes","","","","","","","","","","","","","","","","",""
"The Hives","The Black and White Album","Album: The Black and White Album/ Artist: The Hives","2007","","100","0.01%","96.0025602%","Yes","","","","","","","","","","","","","","","","",""
"The Hives","Tyrannosaurus Hives","Album: Tyrannosaurus Hives/ Artist: The Hives","2004","","100","0.01%","96.0086076%","Yes","","","","","","","","","","","","","","","","",""
"The Hives","The Hives Forever Forever The Hives","Album: The Hives Forever Forever The Hives/ Artist: The Hives","2025","","100","0.01%","96.0146551%","Yes","","","","","","","","","","","","","","","","",""
"The Hives","Veni Vidi Vicious","Album: Veni Vidi Vicious/ Artist: The Hives","2000","","100","0.01%","96.0207025%","Yes","","","","","","","","","","","","","","","","",""
"The Hold Steady","Separation Sunday ","Album: Separation Sunday / Artist: The Hold Steady","2005","","100","0.01%","96.0267499%","","","","","","","","","","","","","","","","","",""
"The Hold Steady","Boys and Girls in America","Album: Boys and Girls in America/ Artist: The Hold Steady","2006","","100","0.01%","96.0327973%","Yes","","","","","","","","","","","","","","","","",""
"The Horace Silver Quintet","Song for My Father (Cantiga para meu pai)","Album: Song for My Father (Cantiga para meu pai)/ Artist: The Horace Silver Quintet","1965","","100","0.01%","96.0388447%","Yes","","","","","","","","","","","","","","","","",""
"The Horrors","Skying","Album: Skying/ Artist: The Horrors","2011","","100","0.01%","96.0448921%","Yes","","","","","","","","","","","","","","","","",""
"The Horrors","Primary Colours","Album: Primary Colours/ Artist: The Horrors","2009","","100","0.01%","96.0509395%","Yes","","","","","","","","","","","","","","","","",""
"The Hotelier","Home, Like Noplace is There","Album: Home, Like Noplace is There/ Artist: The Hotelier","2014","","100","0.01%","96.0569869%","Yes","","","","","","","","","","","","","","","","",""
"The Human League","Dare!","Album: Dare!/ Artist: The Human League","1981","","100","0.01%","96.0630343%","Yes","","","","","","","","","","","","","","","","",""
"The Isley Brothers","3 + 3","Album: 3 + 3/ Artist: The Isley Brothers","1972","","100","0.01%","96.0690818%","Yes","","","","","","","","","","","","","","","","",""
"The Jam","Snap! (CD 1)","Album: Snap! (CD 1)/ Artist: The Jam","1983","","100","0.01%","96.0751292%","Yes","","","","","","","","","","","","","","","","",""
"The Jam","Snap! (CD 2)","Album: Snap! (CD 2)/ Artist: The Jam","1983","","100","0.01%","96.0811766%","Yes","","","","","","","","","","","","","","","","",""
"The Jam","All Mod Cons","Album: All Mod Cons/ Artist: The Jam","1978","","100","0.01%","96.0872240%","Yes","","","","","","","","","","","","","","","","",""
"The Jesus & Mary Chain","Psychocandy","Album: Psychocandy/ Artist: The Jesus & Mary Chain","1985","","100","0.01%","96.0932714%","Yes","","","","","","","","","","","","","","","","",""
"The Jesus And Mary Chain","Darklands","Album: Darklands/ Artist: The Jesus And Mary Chain","1987","","100","0.01%","96.0993188%","Yes","","","","","","","","","","","","","","","","",""
"The Jesus Lizard","Goat","Album: Goat/ Artist: The Jesus Lizard","1991","","100","0.01%","96.1053662%","Yes","","","","","","","","","","","","","","","","",""
"The Jimi Hendrix Experience","Smash Hits","Album: Smash Hits/ Artist: The Jimi Hendrix Experience","1969","","100","0.01%","96.1114136%","Yes","","","","","","","","","","","","","","","","",""
"The Jimi Hendrix Experience","Electric Ladyland","Album: Electric Ladyland/ Artist: The Jimi Hendrix Experience","1968","","100","0.01%","96.1174611%","Yes","","","","","","","","","","","","","","","","",""
"The Jimi Hendrix Experience","Are You Experienced","Album: Are You Experienced/ Artist: The Jimi Hendrix Experience","1967","","100","0.01%","96.1235085%","Yes","","","","","","","","","","","","","","","","",""
"The Jimi Hendrix Experience","Axis: Bold as Love","Album: Axis: Bold as Love/ Artist: The Jimi Hendrix Experience","1967","","100","0.01%","96.1295559%","Yes","","","","","","","","","","","","","","","","",""
"The Killers","Pressure Machine","Album: Pressure Machine/ Artist: The Killers","2021","","100","0.01%","96.1356033%","Yes","","","","","","","","","","","","","","","","",""
"The Killers","Sam's Town","Album: Sam's Town/ Artist: The Killers","2004","","100","0.01%","96.1416507%","Yes","","","","","","","","","","","","","","","","",""
"The Killers","Hot Fuzz","Album: Hot Fuzz/ Artist: The Killers","2001","","100","0.01%","96.1476981%","Yes","","","","","","","","","","","","","","","","",""
"The Kinks","Lola Versus the Powerground and the Moneyground, Part One","Album: Lola Versus the Powerground and the Moneyground, Part One/ Artist: The Kinks","1970","","100","0.01%","96.1537455%","Yes","","","","","","","","","","","","","","","","",""
"The Kinks","Arthur (Or The Decline and Fall of the British Empire)","Album: Arthur (Or The Decline and Fall of the British Empire)/ Artist: The Kinks","1969","","100","0.01%","96.1597929%","Yes","","","","","","","","","","","","","","","","",""
"The Kinks","The Kinks Are the Viallge Green Preservation Society","Album: The Kinks Are the Viallge Green Preservation Society/ Artist: The Kinks","1968","","100","0.01%","96.1658403%","Yes","","","","","","","","","","","","","","","","",""
"The Kinks","Something Else by the Kinks","Album: Something Else by the Kinks/ Artist: The Kinks","1967","","100","0.01%","96.1718878%","Yes","","","","","","","","","","","","","","","","",""
"The Kinks","Face to Face","Album: Face to Face/ Artist: The Kinks","1966","","100","0.01%","96.1779352%","Yes","","","","","","","","","","","","","","","","",""
"The KLF","Chill Out","Album: Chill Out/ Artist: The KLF","1990","","100","0.01%","96.1839826%","No","","","","","","","","","","","","","","","","",""
"The Knife","Shaking The Habitual","Album: Shaking The Habitual/ Artist: The Knife","2013","","100","0.01%","96.1900300%","Yes","","","","","","","","","","","","","","","","",""
"The Knife","Silent Shout","Album: Silent Shout/ Artist: The Knife","2006","","100","0.01%","96.1960774%","Yes","","","","","","","","","","","","","","","","",""
"The Koreatown Oddity","Little Dominiques Nosebleed","Album: Little Dominiques Nosebleed/ Artist: The Koreatown Oddity","2020","","100","0.01%","96.2021248%","Yes","","","","","","","","","","","","","","","","",""
"The La's","The La's","Album: The La's/ Artist: The La's","1990","","100","0.01%","96.2081722%","Yes","","","","","","","","","","","","","","","","",""
"The Lemon Twigs","A Dream Is All We Know","Album: A Dream Is All We Know/ Artist: The Lemon Twigs","2024","","100","0.01%","96.2142196%","Yes","","","","","","","","","","","","","","","","",""
"The Lemon Twigs","Everything Harmony","Album: Everything Harmony/ Artist: The Lemon Twigs","2023","","100","0.01%","96.2202671%","Yes","","","","","","","","","","","","","","","","",""
"The Lemonheads","It's A Shame About Ray","Album: It's A Shame About Ray/ Artist: The Lemonheads","1992","","100","0.01%","96.2263145%","Yes","","","","","","","","","","","","","","","","",""
"The Libertines","The Libertines","Album: The Libertines/ Artist: The Libertines","2004","","100","0.01%","96.2323619%","Yes","","","","","","","","","","","","","","","","",""
"The Libertines","Up The Bracket","Album: Up The Bracket/ Artist: The Libertines","2002","","100","0.01%","96.2384093%","Yes","","","","","","","","","","","","","","","","",""
"The Lord of the Rings: The Return of the King","The Lord of the Rings: The Return of the King","Album: The Lord of the Rings: The Return of the King/ Artist: The Lord of the Rings: The Return of the King","2003","","100","0.01%","96.2444567%","Yes","","","","","","","","","","","","","","","","",""
"The Lord of the Rings: The Two Towers","The Lord of the Rings: The Two Towers","Album: The Lord of the Rings: The Two Towers/ Artist: The Lord of the Rings: The Two Towers","2002","","100","0.01%","96.2505041%","Yes","","","","","","","","","","","","","","","","",""
"The Magic Numbers","The Magic Numbers","Album: The Magic Numbers/ Artist: The Magic Numbers","2005","","100","0.01%","96.2565515%","Yes","","","","","","","","","","","","","","","","",""
"The Magnetic Fields","50 Song Memoir 1","Album: 50 Song Memoir 1/ Artist: The Magnetic Fields","2017","","100","0.01%","96.2625989%","Yes","","","","","","","","","","","","","","","","",""
"The Magnetic Fields","50 Song Memoir 2","Album: 50 Song Memoir 2/ Artist: The Magnetic Fields","2017","","100","0.01%","96.2686463%","Yes","","","","","","","","","","","","","","","","",""
"The Magnetic Fields","50 Song Memoir 3","Album: 50 Song Memoir 3/ Artist: The Magnetic Fields","2017","","100","0.01%","96.2746938%","Yes","","","","","","","","","","","","","","","","",""
"The Magnetic Fields","50 Song Memoir 4","Album: 50 Song Memoir 4/ Artist: The Magnetic Fields","2017","","100","0.01%","96.2807412%","Yes","","","","","","","","","","","","","","","","",""
"Various Artists","Total 3","Album: Total 3/ Artist: Various Artists","2000","","100","0.01%","96.2867886%","","","","","","","","","","","","","","","","","",""
"The Magnetic Fields","50 Song Memoir 5","Album: 50 Song Memoir 5/ Artist: The Magnetic Fields","2017","","100","0.01%","96.2928360%","Yes","","","","","","","","","","","","","","","","",""
"The Magnetic Fields","69 Love Songs Vol. 1","Album: 69 Love Songs Vol. 1/ Artist: The Magnetic Fields","1999","","100","0.01%","96.2988834%","Yes","","","","","","","","","","","","","","","","",""
"The Magnetic Fields","69 Love Songs Vol. 2","Album: 69 Love Songs Vol. 2/ Artist: The Magnetic Fields","1999","","100","0.01%","96.3049308%","Yes","","","","","","","","","","","","","","","","",""
"The Magnetic Fields","69 Love Songs Vol. 3","Album: 69 Love Songs Vol. 3/ Artist: The Magnetic Fields","1999","","100","0.01%","96.3109782%","Yes","","","","","","","","","","","","","","","","",""
"The Magnetic Fields","Holiday","Album: Holiday/ Artist: The Magnetic Fields","1994","","100","0.01%","96.3170256%","Yes","","","","","","","","","","","","","","","","",""
"The Mahavishnu Orchestra","Birds of Fire","Album: Birds of Fire/ Artist: The Mahavishnu Orchestra","1971","","100","0.01%","96.3230731%","Yes","","","","","","","","","","","","","","","","",""
"The Mahavishnu Orchestra","The Inner Mounting Flame","Album: The Inner Mounting Flame/ Artist: The Mahavishnu Orchestra","1971","","100","0.01%","96.3291205%","Yes","","","","","","","","","","","","","","","","",""
"The Mama's & The Papa's","If You Can Believe Your Eyes and Ears","Album: If You Can Believe Your Eyes and Ears/ Artist: The Mama's & The Papa's","1966","","100","0.01%","96.3351679%","Yes","","","","","","","","","","","","","","","","",""
"The Mars Volta","Frances The Mute","Album: Frances The Mute/ Artist: The Mars Volta","2005","","100","0.01%","96.3412153%","Yes","","","","","","","","","","","","","","","","",""
"The Mars Volta","De-Loused in the Comatorium","Album: De-Loused in the Comatorium/ Artist: The Mars Volta","2003","","100","0.01%","96.3472627%","Yes","","","","","","","","","","","","","","","","",""
"The Millenium","Begin","Album: Begin/ Artist: The Millenium","1968","","100","0.01%","96.3533101%","Yes","","","","","","","","","","","","","","","","",""
"The Modern Lovers","The Modern Lovers","Album: The Modern Lovers/ Artist: The Modern Lovers","1976","","100","0.01%","96.3593575%","Yes","","","","","","","","","","","","","","","","",""
"The Monks","Black Monk Time","Album: Black Monk Time/ Artist: The Monks","1966","","100","0.01%","96.3654049%","Yes","","","","","","","","","","","","","","","","",""
"The Moody Blues","Days of Future Passed","Album: Days of Future Passed/ Artist: The Moody Blues","1967","","100","0.01%","96.3714523%","Yes","","","","","","","","","","","","","","","","",""
"The Mothers of Invention","One Size Fits All","Album: One Size Fits All/ Artist: The Mothers of Invention","1975","","100","0.01%","96.3774998%","Yes","","","","","","","","","","","","","","","","",""
"The Mothers of Invention","Over-nite Sensation","Album: Over-nite Sensation/ Artist: The Mothers of Invention","1973","","100","0.01%","96.3835472%","Yes","","","","","","","","","","","","","","","","",""
"The Mothers of Invention","Uncle Meat","Album: Uncle Meat/ Artist: The Mothers of Invention","1969","","100","0.01%","96.3895946%","Yes","","","","","","","","","","","","","","","","",""
"The Mothers of Invention","We're Only in It for the Money","Album: We're Only in It for the Money/ Artist: The Mothers of Invention","1968","","100","0.01%","96.3956420%","Yes","","","","","","","","","","","","","","","","",""
"The Mothers of Invention","Freak Out!","Album: Freak Out!/ Artist: The Mothers of Invention","1966","","100","0.01%","96.4016894%","Yes","","","","","","","","","","","","","","","","",""
"The Mountain Goats","The Sunset Tree","Album: The Sunset Tree/ Artist: The Mountain Goats","2005","","100","0.01%","96.4077368%","Yes","","","","","","","","","","","","","","","","",""
"The Mountain Goats","All Hail West Texas","Album: All Hail West Texas/ Artist: The Mountain Goats","2002","","100","0.01%","96.4137842%","Yes","","","","","","","","","","","","","","","","",""
"The Mountain Goats","Tallahassee","Album: Tallahassee/ Artist: The Mountain Goats","2002","","100","0.01%","96.4198316%","Yes","","","","","","","","","","","","","","","","",""
"The Murder Capital","When I Hvae Fears","Album: When I Hvae Fears/ Artist: The Murder Capital","2019","","100","0.01%","96.4258791%","Yes","","","","","","","","","","","","","","","","",""
"The National","Sleep Well Beasts","Album: Sleep Well Beasts/ Artist: The National","2017","","100","0.01%","96.4319265%","Yes","","","","","","","","","","","","","","","","",""
"The National","Trouble Will Find Me","Album: Trouble Will Find Me/ Artist: The National","2013","","100","0.01%","96.4379739%","Yes","","","","","","","","","","","","","","","","",""
"The National","High Violet","Album: High Violet/ Artist: The National","2010","","100","0.01%","96.4440213%","Yes","","","","","","","","","","","","","","","","",""
"The National","Boxer","Album: Boxer/ Artist: The National","2007","","100","0.01%","96.4500687%","Yes","","","","","","","","","","","","","","","","",""
"The National","Alligator","Album: Alligator/ Artist: The National","2005","","100","0.01%","96.4561161%","Yes","","","","","","","","","","","","","","","","",""
"The New Pornographers","Twin Cinema","Album: Twin Cinema/ Artist: The New Pornographers","2005","","100","0.01%","96.4621635%","Yes","","","","","","","","","","","","","","","","",""
"The New Pornographers","Electric Version","Album: Electric Version/ Artist: The New Pornographers","2003","","100","0.01%","96.4682109%","Yes","","","","","","","","","","","","","","","","",""
"The New Pornographers","Mass Romantic","Album: Mass Romantic/ Artist: The New Pornographers","2000","","100","0.01%","96.4742583%","Yes","","","","","","","","","","","","","","","","",""
"The Newfound Interest In Connecticut","Tell Me About the Long Dark Path Home","Album: Tell Me About the Long Dark Path Home/ Artist: The Newfound Interest In Connecticut","2005","","100","0.01%","96.4803058%","Yes","","","","","","","","","","","","","","","","",""
"The Notorious B.I.G","Life After Death","Album: Life After Death/ Artist: The Notorious B.I.G","1997","","100","0.01%","96.4863532%","Yes","","","","","","","","","","","","","","","","",""
"The Notorious B.I.G","Ready to Die","Album: Ready to Die/ Artist: The Notorious B.I.G","1994","","100","0.01%","96.4924006%","Yes","","","","","","","","","","","","","","","","",""
"The Notwist","Neon Golden","Album: Neon Golden/ Artist: The Notwist","2002","","100","0.01%","96.4984480%","Yes","","","","","","","","","","","","","","","","",""
"The Olivia Tremor Control","Black Foliage: Animation Music Volume One","Album: Black Foliage: Animation Music Volume One/ Artist: The Olivia Tremor Control","1999","","100","0.01%","96.5044954%","Yes","","","","","","","","","","","","","","","","",""
"The Olivia Tremor Control","Music from the Unrealized Film Script: Dusk at Cubist Castle","Album: Music from the Unrealized Film Script: Dusk at Cubist Castle/ Artist: The Olivia Tremor Control","1996","","100","0.01%","96.5105428%","Yes","","","","","","","","","","","","","","","","",""
"The Orb","The Orb's Adventures Beyond the Ultraworld","Album: The Orb's Adventures Beyond the Ultraworld/ Artist: The Orb","1991","","100","0.01%","96.5165902%","Yes","","","","","","","","","","","","","","","","",""
"The Other People Place","Lifestyles of the Laptop Café","Album: Lifestyles of the Laptop Café/ Artist: The Other People Place","2001","","100","0.01%","96.5226376%","Yes","","","","","","","","","","","","","","","","",""
"The Pains of Being Pure at Heart","The Pains of Being Pure at Heart","Album: The Pains of Being Pure at Heart/ Artist: The Pains of Being Pure at Heart","2009","","100","0.01%","96.5286850%","Yes","","","","","","","","","","","","","","","","",""
"The Pharcyde","Labcabincalifornia","Album: Labcabincalifornia/ Artist: The Pharcyde","1995","","100","0.01%","96.5347325%","Yes","","","","","","","","","","","","","","","","",""
"The Pharcyde","Bizarre Ride II the Pharcyde","Album: Bizarre Ride II the Pharcyde/ Artist: The Pharcyde","1992","","100","0.01%","96.5407799%","Yes","","","","","","","","","","","","","","","","",""
"the pillows","FLCL Original Sound Track No. 3","Album: FLCL Original Sound Track No. 3/ Artist: the pillows","2005","","100","0.01%","96.5468273%","Yes","","","","","","","","","","","","","","","","",""
"The Police","Every Breath You Take: The Singles","Album: Every Breath You Take: The Singles/ Artist: The Police","1986","","100","0.01%","96.5528747%","Yes","","","","","","","","","","","","","","","","",""
"The Police","Synchronicity","Album: Synchronicity/ Artist: The Police","1983","","100","0.01%","96.5589221%","Yes","","","","","","","","","","","","","","","","",""
"The Police","Outlandos d'Amour","Album: Outlandos d'Amour/ Artist: The Police","1978","","100","0.01%","96.5649695%","Yes","","","","","","","","","","","","","","","","",""
"The Pop Group","Citizen Zombie","Album: Citizen Zombie/ Artist: The Pop Group","2015","","100","0.01%","96.5710169%","Yes","","","","","","","","","","","","","","","","",""
"The Pop Group","Y","Album: Y/ Artist: The Pop Group","1979","","100","0.01%","96.5770643%","Yes","","","","","","","","","","","","","","","","",""
"The Postal Service","Give Up","Album: Give Up/ Artist: The Postal Service","2003","","100","0.01%","96.5831118%","Yes","","","","","","","","","","","","","","","","",""
"The Prodigy","The Fat of the Land","Album: The Fat of the Land/ Artist: The Prodigy","1997","","100","0.01%","96.5891592%","Yes","","","","","","","","","","","","","","","","",""
"The Prodigy","Music for a Gilted Generation","Album: Music for a Gilted Generation/ Artist: The Prodigy","1994","","100","0.01%","96.5952066%","Yes","","","","","","","","","","","","","","","","",""
"The Quintet","Jazz at Massey Hall","Album: Jazz at Massey Hall/ Artist: The Quintet","1953","","100","0.01%","96.6012540%","Yes","","","","","","","","","","","","","","","","",""
"The Raconteurs","Consolers Of The Lonely","Album: Consolers Of The Lonely/ Artist: The Raconteurs","2008","","100","0.01%","96.6073014%","Yes","","","","","","","","","","","","","","","","",""
"The Radio Dept.","Passive Aggressive: Singles 2002–2010 (cd 1)","Album: Passive Aggressive: Singles 2002–2010 (cd 1)/ Artist: The Radio Dept.","2011","","100","0.01%","96.6133488%","Yes","","","","","","","","","","","","","","","","",""
"The Radio Dept.","Passive Aggressive: Singles 2002–2010 (cd 2)","Album: Passive Aggressive: Singles 2002–2010 (cd 2)/ Artist: The Radio Dept.","2011","","100","0.01%","96.6193962%","Yes","","","","","","","","","","","","","","","","",""
"The Radio Dept.","Lesser Matters","Album: Lesser Matters/ Artist: The Radio Dept.","2003","","100","0.01%","96.6254436%","Yes","","","","","","","","","","","","","","","","",""
"The Raincoats","Oddly Shaped","Album: Oddly Shaped/ Artist: The Raincoats","1981","","100","0.01%","96.6314910%","","","","","","","","","","","","","","","","","",""
"The Raincoats","The Raincoats","Album: The Raincoats/ Artist: The Raincoats","1979","","100","0.01%","96.6375385%","Yes","","","","","","","","","","","","","","","","",""
"The Red Krayola","The Parable Of Arable Land","Album: The Parable Of Arable Land/ Artist: The Red Krayola","1967","","100","0.01%","96.6435859%","Yes","","","","","","","","","","","","","","","","",""
"The Replacements","Pleased To Meet Me","Album: Pleased To Meet Me/ Artist: The Replacements","1987","","100","0.01%","96.6496333%","Yes","","","","","","","","","","","","","","","","",""
"The Replacements","Tim","Album: Tim/ Artist: The Replacements","1985","","100","0.01%","96.6556807%","Yes","","","","","","","","","","","","","","","","",""
"The Replacements","Let it Be (The Replacements)","Album: Let it Be (The Replacements)/ Artist: The Replacements","1984","","100","0.01%","96.6617281%","Yes","","","","","","","","","","","","","","","","",""
"The Replacements","Sorry Ma, Forgot to Take Out the Trash","Album: Sorry Ma, Forgot to Take Out the Trash/ Artist: The Replacements","1981","","100","0.01%","96.6677755%","Yes","","","","","","","","","","","","","","","","",""
"The Residents","Not Available","Album: Not Available/ Artist: The Residents","1978","","100","0.01%","96.6738229%","Yes","","","","","","","","","","","","","","","","",""
"The Rolling Stones","A Bigger Bang","Album: A Bigger Bang/ Artist: The Rolling Stones","2005","","100","0.01%","96.6798703%","Yes","","","","","","","","","","","","","","","","",""
"The Rolling Stones","Forty Licks CD1","Album: Forty Licks CD1/ Artist: The Rolling Stones","2002","","100","0.01%","96.6859178%","Yes","","","","","","","","","","","","","","","","",""
"The Rolling Stones","Forty Licks CD2","Album: Forty Licks CD2/ Artist: The Rolling Stones","2002","","100","0.01%","96.6919652%","Yes","","","","","","","","","","","","","","","","",""
"The Rolling Stones","Singles Collection: The London Years 1","Album: Singles Collection: The London Years 1/ Artist: The Rolling Stones","1989","","100","0.01%","96.6980126%","Yes","","","","","","","","","","","","","","","","",""
"The Rolling Stones","Singles Collection: The London Years 2","Album: Singles Collection: The London Years 2/ Artist: The Rolling Stones","1989","","100","0.01%","96.7040600%","Yes","","","","","","","","","","","","","","","","",""
"The Rolling Stones","Singles Collection: The London Years 3","Album: Singles Collection: The London Years 3/ Artist: The Rolling Stones","1989","","100","0.01%","96.7101074%","Yes","","","","","","","","","","","","","","","","",""
"The Rolling Stones","Tattoo You","Album: Tattoo You/ Artist: The Rolling Stones","1981","","100","0.01%","96.7161548%","Yes","","","","","","","","","","","","","","","","",""
"The Rolling Stones","Some Girls","Album: Some Girls/ Artist: The Rolling Stones","1978","","100","0.01%","96.7222022%","Yes","","","","","","","","","","","","","","","","",""
"The Rolling Stones","Exile On Main St","Album: Exile On Main St/ Artist: The Rolling Stones","1972","","100","0.01%","96.7282496%","Yes","","","","","","","","","","","","","","","","",""
"The Rolling Stones","More Hot Rocks","Album: More Hot Rocks/ Artist: The Rolling Stones","1972","","100","0.01%","96.7342970%","Yes","","","","","","","","","","","","","","","","",""
"The Rolling Stones","Hot Rocks","Album: Hot Rocks/ Artist: The Rolling Stones","1971","","100","0.01%","96.7403445%","Yes","","","","","","","","","","","","","","","","",""
"The Rolling Stones","Hot Rocks (1964-1971)","Album: Hot Rocks (1964-1971)/ Artist: The Rolling Stones","1971","","100","0.01%","96.7463919%","Yes","","","","","","","","","","","","","","","","",""
"The Rolling Stones","Sticky Fingers","Album: Sticky Fingers/ Artist: The Rolling Stones","1971","","100","0.01%","96.7524393%","Yes","","","","","","","","","","","","","","","","",""
"The Rolling Stones","Let It Bleed","Album: Let It Bleed/ Artist: The Rolling Stones","1969","","100","0.01%","96.7584867%","Yes","","","","","","","","","","","","","","","","",""
"The Rolling Stones","Beggars Banquet (2006, Japan Mini LP)","Album: Beggars Banquet (2006, Japan Mini LP)/ Artist: The Rolling Stones","1968","","100","0.01%","96.7645341%","Yes","","","","","","","","","","","","","","","","",""
"The Rolling Stones","Between The Buttons","Album: Between The Buttons/ Artist: The Rolling Stones","1967","","100","0.01%","96.7705815%","Yes","","","","","","","","","","","","","","","","",""
"The Rolling Stones","Aftermath","Album: Aftermath/ Artist: The Rolling Stones","1966","","100","0.01%","96.7766289%","Yes","","","","","","","","","","","","","","","","",""
"The Rolling Stones","Big Hits (High Tides and Green Grass)","Album: Big Hits (High Tides and Green Grass)/ Artist: The Rolling Stones","1966","","100","0.01%","96.7826763%","Yes","","","","","","","","","","","","","","","","",""
"The Rolling Stones","Out of Our Heads","Album: Out of Our Heads/ Artist: The Rolling Stones","1965","","100","0.01%","96.7887238%","Yes","","","","","","","","","","","","","","","","",""
"The Rolling Stones","12x5","Album: 12x5/ Artist: The Rolling Stones","1964","","100","0.01%","96.7947712%","Yes","","","","","","","","","","","","","","","","",""
"The Ronettes","Presenting the Fabulous Ronettes Featuring Veronica","Album: Presenting the Fabulous Ronettes Featuring Veronica/ Artist: The Ronettes","1964","","100","0.01%","96.8008186%","Yes","","","","","","","","","","","","","","","","",""
"The Roots","Undun","Album: Undun/ Artist: The Roots","2011","","100","0.01%","96.8068660%","Yes","","","","","","","","","","","","","","","","",""
"The Roots","Game Theory","Album: Game Theory/ Artist: The Roots","2006","","100","0.01%","96.8129134%","Yes","","","","","","","","","","","","","","","","",""
"The Roots","Phrenology","Album: Phrenology/ Artist: The Roots","2002","","100","0.01%","96.8189608%","Yes","","","","","","","","","","","","","","","","",""
"The Roots","Things Fall Apart","Album: Things Fall Apart/ Artist: The Roots","1999","","100","0.01%","96.8250082%","Yes","","","","","","","","","","","","","","","","",""
"The Roots","Illadelph Halflife","Album: Illadelph Halflife/ Artist: The Roots","1996","","100","0.01%","96.8310556%","Yes","","","","","","","","","","","","","","","","",""
"The Ruins of Beverast","Rain Upon the Impure","Album: Rain Upon the Impure/ Artist: The Ruins of Beverast","2006","","100","0.01%","96.8371030%","Yes","","","","","","","","","","","","","","","","",""
"The Shins","Wincing the Night Away","Album: Wincing the Night Away/ Artist: The Shins","2007","","100","0.01%","96.8431505%","Yes","","","","","","","","","","","","","","","","",""
"The Shins","Chutes Too Narrow","Album: Chutes Too Narrow/ Artist: The Shins","2003","","100","0.01%","96.8491979%","Yes","","","","","","","","","","","","","","","","",""
"The Shins","Oh, Inverted World","Album: Oh, Inverted World/ Artist: The Shins","2001","","100","0.01%","96.8552453%","Yes","","","","","","","","","","","","","","","","",""
"The Shirelles","The Vert best of the Shirelles","Album: The Vert best of the Shirelles/ Artist: The Shirelles","1994","","100","0.01%","96.8612927%","Yes","","","","","","","","","","","","","","","","",""
"The Sisters of Mercy","Some Girls Wander by Mistake CD1","Album: Some Girls Wander by Mistake CD1/ Artist: The Sisters of Mercy","1992","","100","0.01%","96.8673401%","Yes","","","","","","","","","","","","","","","","",""
"The Sisters of Mercy","Some Girls Wander by Mistake CD2","Album: Some Girls Wander by Mistake CD2/ Artist: The Sisters of Mercy","1992","","100","0.01%","96.8733875%","Yes","","","","","","","","","","","","","","","","",""
"The Sisters of Mercy","Floodland","Album: Floodland/ Artist: The Sisters of Mercy","1987","","100","0.01%","96.8794349%","Yes","","","","","","","","","","","","","","","","",""
"The Smashing Pumpkins","Rotten Apples: The Smashing Pumpkins Greatest Hits CD1","Album: Rotten Apples: The Smashing Pumpkins Greatest Hits CD1/ Artist: The Smashing Pumpkins","2001","","100","0.01%","96.8854823%","Yes","","","","","","","","","","","","","","","","",""
"The Smashing Pumpkins","Adore","Album: Adore/ Artist: The Smashing Pumpkins","1998","","100","0.01%","96.8915298%","Yes","","","","","","","","","","","","","","","","",""
"The Smashing Pumpkins","The Aeroplane Flies High","Album: The Aeroplane Flies High/ Artist: The Smashing Pumpkins","1996","","100","0.01%","96.8975772%","Yes","","","","","","","","","","","","","","","","",""
"The Smashing Pumpkins","Mellon Collie And The Infinite Sadness (CD 1)","Album: Mellon Collie And The Infinite Sadness (CD 1)/ Artist: The Smashing Pumpkins","1995","","100","0.01%","96.9036246%","Yes","","","","","","","","","","","","","","","","",""
"The Smashing Pumpkins","Mellon Collie And The Infinite Sadness (CD 2)","Album: Mellon Collie And The Infinite Sadness (CD 2)/ Artist: The Smashing Pumpkins","1995","","100","0.01%","96.9096720%","Yes","","","","","","","","","","","","","","","","",""
"The Smashing Pumpkins","Siamese Dream","Album: Siamese Dream/ Artist: The Smashing Pumpkins","1993","","100","0.01%","96.9157194%","Yes","","","","","","","","","","","","","","","","",""
"The Smashing Pumpkins","Gish","Album: Gish/ Artist: The Smashing Pumpkins","1991","","100","0.01%","96.9217668%","Yes","","","","","","","","","","","","","","","","",""
"The Smashing Pumpkins ","Rotten Apples: The Smashing Pumpkins Greatest Hits CD2","Album: Rotten Apples: The Smashing Pumpkins Greatest Hits CD2/ Artist: The Smashing Pumpkins ","2001","","100","0.01%","96.9278142%","Yes","","","","","","","","","","","","","","","","",""
"The Smile","A Light for Attracting Attention","Album: A Light for Attracting Attention/ Artist: The Smile","2022","","100","0.01%","96.9338616%","Yes","","","","","","","","","","","","","","","","",""
"The Smiths","The Sound of The Smiths (cd1)","Album: The Sound of The Smiths (cd1)/ Artist: The Smiths","2008","","100","0.01%","96.9399090%","Yes","","","","","","","","","","","","","","","","",""
"The Smiths","The Sound of The Smiths (cd2)","Album: The Sound of The Smiths (cd2)/ Artist: The Smiths","2008","","100","0.01%","96.9459565%","Yes","","","","","","","","","","","","","","","","",""
"The Smiths","Louder Than Bombs","Album: Louder Than Bombs/ Artist: The Smiths","1987","","100","0.01%","96.9520039%","Yes","","","","","","","","","","","","","","","","",""
"The Smiths","Strangeways, Here we Come","Album: Strangeways, Here we Come/ Artist: The Smiths","1987","","100","0.01%","96.9580513%","Yes","","","","","","","","","","","","","","","","",""
"The Smiths","The Queen is Dead","Album: The Queen is Dead/ Artist: The Smiths","1986","","100","0.01%","96.9640987%","Yes","","","","","","","","","","","","","","","","",""
"The Smiths","Meat is Murder","Album: Meat is Murder/ Artist: The Smiths","1985","","100","0.01%","96.9701461%","Yes","","","","","","","","","","","","","","","","",""
"The Smiths","The Smiths","Album: The Smiths/ Artist: The Smiths","1984","","100","0.01%","96.9761935%","Yes","","","","","","","","","","","","","","","","",""
"The Soft Boys","Underwater Moonlight","Album: Underwater Moonlight/ Artist: The Soft Boys","1980","","100","0.01%","96.9822409%","Yes","","","","","","","","","","","","","","","","",""
"The Soft Machine","Volume Two","Album: Volume Two/ Artist: The Soft Machine","1969","","100","0.01%","96.9882883%","No","","","","","","","","","","","","","","","","",""
"The Soft Machine","Third","Album: Third/ Artist: The Soft Machine","1970","","100","0.01%","96.9943358%","Yes","","","","","","","","","","","","","","","","",""
"The Soft Pink Truth","Shall We Go On Sinning So That Grace May Increase?","Album: Shall We Go On Sinning So That Grace May Increase?/ Artist: The Soft Pink Truth","2020","","100","0.01%","97.0003832%","Yes","","","","","","","","","","","","","","","","",""
"The Sonics","Here Are The Sonics!!","Album: Here Are The Sonics!!/ Artist: The Sonics","1965","","100","0.01%","97.0064306%","Yes","","","","","","","","","","","","","","","","",""
"The Sound","From the Lions Mouth","Album: From the Lions Mouth/ Artist: The Sound","1981","","100","0.01%","97.0124780%","Yes","","","","","","","","","","","","","","","","",""
"The Sound","Jeopardy","Album: Jeopardy/ Artist: The Sound","1980","","100","0.01%","97.0185254%","Yes","","","","","","","","","","","","","","","","",""
"The Specials","The Specials","Album: The Specials/ Artist: The Specials","1979","","100","0.01%","97.0245728%","Yes","","","","","","","","","","","","","","","","",""
"The Stone Roses","The Very Best of The Stone Roses","Album: The Very Best of The Stone Roses/ Artist: The Stone Roses","2002","","100","0.01%","97.0306202%","Yes","","","","","","","","","","","","","","","","",""
"The Stone Roses","The Stone Roses","Album: The Stone Roses/ Artist: The Stone Roses","1989","","100","0.01%","97.0366676%","Yes","","","","","","","","","","","","","","","","",""
"The Stooges","Raw Power","Album: Raw Power/ Artist: The Stooges","1973","","100","0.01%","97.0427150%","Yes","","","","","","","","","","","","","","","","",""
"The Stooges","Fun House","Album: Fun House/ Artist: The Stooges","1970","","100","0.01%","97.0487625%","Yes","","","","","","","","","","","","","","","","",""
"The Stooges","The Stooges","Album: The Stooges/ Artist: The Stooges","1969","","100","0.01%","97.0548099%","Yes","","","","","","","","","","","","","","","","",""
"The Streets","A Grand Don't Come For Free","Album: A Grand Don't Come For Free/ Artist: The Streets","2004","","100","0.01%","97.0608573%","Yes","","","","","","","","","","","","","","","","",""
"The Streets","Original Pirate Material","Album: Original Pirate Material/ Artist: The Streets","2002","","100","0.01%","97.0669047%","Yes","","","","","","","","","","","","","","","","",""
"The Strokes","The New Abnormal","Album: The New Abnormal/ Artist: The Strokes","2020","","100","0.01%","97.0729521%","Yes","","","","","","","","","","","","","","","","",""
"The Strokes","Comedown Machine","Album: Comedown Machine/ Artist: The Strokes","2013","","100","0.01%","97.0789995%","Yes","","","","","","","","","","","","","","","","",""
"The Strokes","Angles","Album: Angles/ Artist: The Strokes","2011","","100","0.01%","97.0850469%","Yes","","","","","","","","","","","","","","","","",""
"The Strokes","First Impressions of Earth","Album: First Impressions of Earth/ Artist: The Strokes","2005","","100","0.01%","97.0910943%","Yes","","","","","","","","","","","","","","","","",""
"The Strokes","Room on Fire","Album: Room on Fire/ Artist: The Strokes","2003","","100","0.01%","97.0971418%","Yes","","","","","","","","","","","","","","","","",""
"The Strokes","Is This It","Album: Is This It/ Artist: The Strokes","2001","","100","0.01%","97.1031892%","Yes","","","","","","","","","","","","","","","","",""
"The Sugarcubes","Life's Too Good","Album: Life's Too Good/ Artist: The Sugarcubes","1998","","100","0.01%","97.1092366%","Yes","","","","","","","","","","","","","","","","",""
"The Sundays","Reading, Writing, and Arithmetic","Album: Reading, Writing, and Arithmetic/ Artist: The Sundays","1990","","100","0.01%","97.1152840%","Yes","","","","","","","","","","","","","","","","",""
"The Supremes","Where Did Our Love Go","Album: Where Did Our Love Go/ Artist: The Supremes","1961","","100","0.01%","97.1213314%","Yes","","","","","","","","","","","","","","","","",""
"The Tallest Man on Earth","The Wild Hunt","Album: The Wild Hunt/ Artist: The Tallest Man on Earth","2010","","100","0.01%","97.1273788%","Yes","","","","","","","","","","","","","","","","",""
"The Tallest Man On Earth","Shallow Grave","Album: Shallow Grave/ Artist: The Tallest Man On Earth","2008","","100","0.01%","97.1334262%","Yes","","","","","","","","","","","","","","","","",""
"The The","Infected","Album: Infected/ Artist: The The","1986","","100","0.01%","97.1394736%","Yes","","","","","","","","","","","","","","","","",""
"The The","Soul Mining","Album: Soul Mining/ Artist: The The","1983","","100","0.01%","97.1455210%","Yes","","","","","","","","","","","","","","","","",""
"The Tired Sounds of Stars of the Lid","Stars of the Lid","Album: Stars of the Lid/ Artist: The Tired Sounds of Stars of the Lid","2001","","100","0.01%","97.1515685%","Yes","","","","","","","","","","","","","","","","",""
"The Tuss","Rushup Edge","Album: Rushup Edge/ Artist: The Tuss","2007","","100","0.01%","97.1576159%","No","","","","","","","","","","","","","","","","",""
"The Underachievers","Evermore: The Art of Duality","Album: Evermore: The Art of Duality/ Artist: The Underachievers","2015","","100","0.01%","97.1636633%","Yes","","","","","","","","","","","","","","","","",""
"The Underachievers","Indigoism","Album: Indigoism/ Artist: The Underachievers","2013","","100","0.01%","97.1697107%","Yes","","","","","","","","","","","","","","","","",""
"The Undertones","The Undertones","Album: The Undertones/ Artist: The Undertones","1979","","100","0.01%","97.1757581%","Yes","","","","","","","","","","","","","","","","",""
"The Tough Alliance","A New Chance","Album: A New Chance/ Artist: The Tough Alliance","1979","","100","0.01%","97.1818055%","","","","","","","","","","","","","","","","","",""
"The Unicorns","Who Will Cut Our Hair When We're Gone?","Album: Who Will Cut Our Hair When We're Gone?/ Artist: The Unicorns","2003","","100","0.01%","97.1878529%","Yes","","","","","","","","","","","","","","","","",""
"Erlend Øye","DJ Kicks","Album: DJ Kicks/ Artist: Erlend Øye","2004","","100","0.01%","97.1939003%","","","","","","","","","","","","","","","","","",""
"The United States of America","The United States of America","Album: The United States of America/ Artist: The United States of America","1968","","100","0.01%","97.1999477%","Yes","","","","","","","","","","","","","","","","",""
"The Upsetters","Super Ape","Album: Super Ape/ Artist: The Upsetters","1976","","100","0.01%","97.2059952%","Yes","","","","","","","","","","","","","","","","",""
"The Vaccines","What Did You Expect from The Vaccines?","Album: What Did You Expect from The Vaccines?/ Artist: The Vaccines","2011","","100","0.01%","97.2120426%","Yes","","","","","","","","","","","","","","","","",""
"The Velvet Underground","Peel Slowly and See CD2","Album: Peel Slowly and See CD2/ Artist: The Velvet Underground","1995","","100","0.01%","97.2180900%","Yes","","","","","","","","","","","","","","","","",""
"The Velvet Underground","Peel Slowly and See CD3","Album: Peel Slowly and See CD3/ Artist: The Velvet Underground","1995","","100","0.01%","97.2241374%","Yes","","","","","","","","","","","","","","","","",""
"The Velvet Underground","Peel Slowly and See CD4","Album: Peel Slowly and See CD4/ Artist: The Velvet Underground","1995","","100","0.01%","97.2301848%","Yes","","","","","","","","","","","","","","","","",""
"The Velvet Underground","Loaded","Album: Loaded/ Artist: The Velvet Underground","1970","","100","0.01%","97.2362322%","Yes","","","","","","","","","","","","","","","","",""
"The Velvet Underground","The Velvet Underground","Album: The Velvet Underground/ Artist: The Velvet Underground","1969","","100","0.01%","97.2422796%","Yes","","","","","","","","","","","","","","","","",""
"The Velvet Underground","White Light/White Heat","Album: White Light/White Heat/ Artist: The Velvet Underground","1968","","100","0.01%","97.2483270%","Yes","","","","","","","","","","","","","","","","",""
"The Velvet Underground","The Velvet Underground & Nico","Album: The Velvet Underground & Nico/ Artist: The Velvet Underground","1967","","100","0.01%","97.2543745%","Yes","","","","","","","","","","","","","","","","",""
"The Verve","Urban Hymns","Album: Urban Hymns/ Artist: The Verve","1997","","100","0.01%","97.2604219%","Yes","","","","","","","","","","","","","","","","",""
"The Wailers","Burnin","Album: Burnin/ Artist: The Wailers","1973","","100","0.01%","97.2664693%","Yes","","","","","","","","","","","","","","","","",""
"The Walkmen","Heaven","Album: Heaven/ Artist: The Walkmen","2012","","100","0.01%","97.2725167%","Yes","","","","","","","","","","","","","","","","",""
"The Walkmen","Bows + Arrows","Album: Bows + Arrows/ Artist: The Walkmen","2004","","100","0.01%","97.2785641%","Yes","","","","","","","","","","","","","","","","",""
"the War on Drugs","I Don't Live Here Anymore","Album: I Don't Live Here Anymore/ Artist: the War on Drugs","2021","","100","0.01%","97.2846115%","Yes","","","","","","","","","","","","","","","","","Album: / Artist: "
"The War On Drugs","A Deeper Understanding","Album: A Deeper Understanding/ Artist: The War On Drugs","2017","","100","0.01%","97.2906589%","Yes","","","","","","","","","","","","","","","","",""
"The War On Drugs","Lost In The Dream","Album: Lost In The Dream/ Artist: The War On Drugs","2014","","100","0.01%","97.2967063%","Yes","","","","","","","","","","","","","","","","",""
"The Waterboys","Fisherman's Blues","Album: Fisherman's Blues/ Artist: The Waterboys","1988","","100","0.01%","97.3027537%","Yes","","","","","","","","","","","","","","","","",""
"The Weeknd","Hurry Up Tomorrow","Album: Hurry Up Tomorrow/ Artist: The Weeknd","2025","","100","0.01%","97.3088012%","Yes","","","","","","","","","","","","","","","","",""
"The Weeknd","Dawn FM","Album: Dawn FM/ Artist: The Weeknd","2022","","100","0.01%","97.3148486%","Yes","","","","","","","","","","","","","","","","",""
"The Weeknd","The Highlights","Album: The Highlights/ Artist: The Weeknd","2021","","100","0.01%","97.3208960%","Yes","","","","","","","","","","","","","","","","",""
"The Weeknd","After Hours","Album: After Hours/ Artist: The Weeknd","2020","","100","0.01%","97.3269434%","Yes","","","","","","","","","","","","","","","","",""
"The Weeknd","Echoes of Silence","Album: Echoes of Silence/ Artist: The Weeknd","2011","","100","0.01%","97.3329908%","Yes","","","","","","","","","","","","","","","","",""
"The Weeknd","House of Balloons","Album: House of Balloons/ Artist: The Weeknd","2011","","100","0.01%","97.3390382%","Yes","","","","","","","","","","","","","","","","",""
"The Weeknd","Thursday","Album: Thursday/ Artist: The Weeknd","2011","","100","0.01%","97.3450856%","Yes","","","","","","","","","","","","","","","","",""
"The White Stripes","The White Stripes","Album: The White Stripes/ Artist: The White Stripes","1999","","100","0.01%","97.3511330%","Yes","","","","","","","","","","","","","","","","",""
"The White Stripes","De Stijl","Album: De Stijl/ Artist: The White Stripes","2000","","100","0.01%","97.3571805%","Yes","","","","","","","","","","","","","","","","",""
"The White Stripes","White Blood Cells","Album: White Blood Cells/ Artist: The White Stripes","2001","","100","0.01%","97.3632279%","Yes","","","","","","","","","","","","","","","","",""
"The White Stripes","Elephant","Album: Elephant/ Artist: The White Stripes","2003","","100","0.01%","97.3692753%","Yes","","","","","","","","","","","","","","","","",""
"The White Stripes","Get Behind Me Satan","Album: Get Behind Me Satan/ Artist: The White Stripes","2005","","100","0.01%","97.3753227%","Yes","","","","","","","","","","","","","","","","",""
"The White Stripes","Icky Thump","Album: Icky Thump/ Artist: The White Stripes","2007","","100","0.01%","97.3813701%","Yes","","","","","","","","","","","","","","","","",""
"The White Stripes","Greatest Hits","Album: Greatest Hits/ Artist: The White Stripes","2021","","100","0.01%","97.3874175%","Yes","","","","","","","","","","","","","","","","",""
"The Who","Quadrophenia","Album: Quadrophenia/ Artist: The Who","1973","","100","0.01%","97.3934649%","Yes","","","","","","","","","","","","","","","","",""
"The Who","Meaty Beaty Big & Bouncy","Album: Meaty Beaty Big & Bouncy/ Artist: The Who","1971","","100","0.01%","97.3995123%","Yes","","","","","","","","","","","","","","","","",""
"The Who","Who's Next","Album: Who's Next/ Artist: The Who","1971","","100","0.01%","97.4055597%","Yes","","","","","","","","","","","","","","","","",""
"The Who","Live at Leeds","Album: Live at Leeds/ Artist: The Who","1970","","100","0.01%","97.4116072%","Yes","","","","","","","","","","","","","","","","",""
"The Who","Tommy","Album: Tommy/ Artist: The Who","1969","","100","0.01%","97.4176546%","Yes","","","","","","","","","","","","","","","","",""
"The Who","The Who Sell Out","Album: The Who Sell Out/ Artist: The Who","1967","","100","0.01%","97.4237020%","Yes","","","","","","","","","","","","","","","","",""
"The Who","My Generation","Album: My Generation/ Artist: The Who","1965","","100","0.01%","97.4297494%","Yes","","","","","","","","","","","","","","","","",""
"The Wonder Years","The Greatest Generation","Album: The Greatest Generation/ Artist: The Wonder Years","2013","","100","0.01%","97.4357968%","Yes","","","","","","","","","","","","","","","","",""
"The World Is a Beautiful Place and I Am No Longer Afraid to Die","Harmlessness","Album: Harmlessness/ Artist: The World Is a Beautiful Place and I Am No Longer Afraid to Die","2015","","100","0.01%","97.4418442%","Yes","","","","","","","","","","","","","","","","",""
"The World Is a Beautiful Place and I Am No Longer Afraid to Die","Whenever, If Ever","Album: Whenever, If Ever/ Artist: The World Is a Beautiful Place and I Am No Longer Afraid to Die","2013","","100","0.01%","97.4478916%","Yes","","","","","","","","","","","","","","","","",""
"The Wrens","The Meadowlands","Album: The Meadowlands/ Artist: The Wrens","2003","","100","0.01%","97.4539390%","Yes","","","","","","","","","","","","","","","","",""
"The xx","Coexist","Album: Coexist/ Artist: The xx","2012","","100","0.01%","97.4599865%","Yes","","","","","","","","","","","","","","","","",""
"The xx","XX","Album: XX/ Artist: The xx","2009","","100","0.01%","97.4660339%","Yes","","","","","","","","","","","","","","","","",""
"The Yardbirds","Roger the Engineer","Album: Roger the Engineer/ Artist: The Yardbirds","1966","","100","0.01%","97.4720813%","Yes","","","","","","","","","","","","","","","","",""
"The Zombies","Odessey & Oracle","Album: Odessey & Oracle/ Artist: The Zombies","1968","","100","0.01%","97.4781287%","Yes","","","","","","","","","","","","","","","","",""
"Thee Oh Sees","A Weird Exists","Album: A Weird Exists/ Artist: Thee Oh Sees","2016","","100","0.01%","97.4841761%","Yes","","","","","","","","","","","","","","","","",""
"Yellowman","Miser Yellowman","Album: Miser Yellowman/ Artist: Yellowman","1982","","100","0.01%","97.4902235%","","","","","","","","","","","","","","","","","",""
"Thee Oh Sees","Mutilator Defeated At Last","Album: Mutilator Defeated At Last/ Artist: Thee Oh Sees","2015","","100","0.01%","97.4962709%","Yes","","","","","","","","","","","","","","","","",""
"Thee Oh Sees","Carrion Crawler / The Dream","Album: Carrion Crawler / The Dream/ Artist: Thee Oh Sees","2011","","100","0.01%","97.5023183%","Yes","","","","","","","","","","","","","","","","",""
"Thelonious Monk","Brilliant Corners","Album: Brilliant Corners/ Artist: Thelonious Monk","1956","","100","0.01%","97.5083657%","Yes","","","","","","","","","","","","","","","","",""
"Them Crooked Vultures","Them Crooked Vultures","Album: Them Crooked Vultures/ Artist: Them Crooked Vultures","2014","","100","0.01%","97.5144132%","Yes","","","","","","","","","","","","","","","","",""
"These New Puritans","Field of Reeds","Album: Field of Reeds/ Artist: These New Puritans","2013","","100","0.01%","97.5204606%","Yes","","","","","","","","","","","","","","","","",""
"These New Puritans","Hidden","Album: Hidden/ Artist: These New Puritans","2010","","100","0.01%","97.5265080%","Yes","","","","","","","","","","","","","","","","",""
"They Might Be Giants","Flood","Album: Flood/ Artist: They Might Be Giants","1991","","100","0.01%","97.5325554%","Yes","","","","","","","","","","","","","","","","",""
"They Might Be Giants","Lincoln","Album: Lincoln/ Artist: They Might Be Giants","1988","","100","0.01%","97.5386028%","Yes","","","","","","","","","","","","","","","","",""
"Thin Lizzy","Black Rose: A Rock Legend","Album: Black Rose: A Rock Legend/ Artist: Thin Lizzy","1979","","100","0.01%","97.5446502%","No","","","","","","","","","","","","","","","","",""
"Thin Lizzy","Bad Reputation","Album: Bad Reputation/ Artist: Thin Lizzy","1977","","100","0.01%","97.5506976%","Yes","","","","","","","","","","","","","","","","",""
"Thin Lizzy","Jailbreak","Album: Jailbreak/ Artist: Thin Lizzy","1976","","100","0.01%","97.5567450%","Yes","","","","","","","","","","","","","","","","",""
"Thinking Fellers Union Local 282","Admonishing the Bishops","Album: Admonishing the Bishops/ Artist: Thinking Fellers Union Local 282","1993","","100","0.01%","97.5627925%","Yes","","","","","","","","","","","","","","","","",""
"Third eye Blind","Third eye Blind","Album: Third eye Blind/ Artist: Third eye Blind","1997","","100","0.01%","97.5688399%","Yes","","","","","","","","","","","","","","","","",""
"This Heat","Deceit","Album: Deceit/ Artist: This Heat","1981","","100","0.01%","97.5748873%","Yes","","","","","","","","","","","","","","","","",""
"This Heat","Health and Efficiency","Album: Health and Efficiency/ Artist: This Heat","1980","","100","0.01%","97.5809347%","Yes","","","","","","","","","","","","","","","","",""
"This Heat","This Heat","Album: This Heat/ Artist: This Heat","1979","","100","0.01%","97.5869821%","Yes","","","","","","","","","","","","","","","","",""
"This Mortal Coil","It'll End In Tears","Album: It'll End In Tears/ Artist: This Mortal Coil","1984","","100","0.01%","97.5930295%","Yes","","","","","","","","","","","","","","","","",""
"This Town Needs Guns","Animals","Album: Animals/ Artist: This Town Needs Guns","2008","","100","0.01%","97.5990769%","Yes","","","","","","","","","","","","","","","","",""
"This Will Destroy You","This Will Destroy You","Album: This Will Destroy You/ Artist: This Will Destroy You","2008","","100","0.01%","97.6051243%","Yes","","","","","","","","","","","","","","","","",""
"Thom Yorke","ANIMA","Album: ANIMA/ Artist: Thom Yorke","2019","","100","0.01%","97.6111717%","Yes","","","","","","","","","","","","","","","","",""
"Thom Yorke","Suspiria (Music for the Luca Guadagnino Film)","Album: Suspiria (Music for the Luca Guadagnino Film)/ Artist: Thom Yorke","2019","","100","0.01%","97.6172192%","Yes","","","","","","","","","","","","","","","","",""
"Three 6 Mafia","Mystic Stylez","Album: Mystic Stylez/ Artist: Three 6 Mafia","1995","","100","0.01%","97.6232666%","Yes","","","","","","","","","","","","","","","","",""
"Three Six Mafia","Underground Vol. 1: 1991-1994","Album: Underground Vol. 1: 1991-1994/ Artist: Three Six Mafia","1999","","100","0.01%","97.6293140%","Yes","","","","","","","","","","","","","","","","",""
"Throbbing Gristles","20 Jazz Funk Greats","Album: 20 Jazz Funk Greats/ Artist: Throbbing Gristles","1979","","100","0.01%","97.6353614%","Yes","","","","","","","","","","","","","","","","",""
"Thundercat","Drunk","Album: Drunk/ Artist: Thundercat","2017","","100","0.01%","97.6414088%","Yes","","","","","","","","","","","","","","","","",""
"Thundercat","The Beyond/ Where the Giants Roam","Album: The Beyond/ Where the Giants Roam/ Artist: Thundercat","2015","","100","0.01%","97.6474562%","Yes","","","","","","","","","","","","","","","","",""
"Tiamat","Wildhoney","Album: Wildhoney/ Artist: Tiamat","1994","","100","0.01%","97.6535036%","Yes","","","","","","","","","","","","","","","","",""
"Tierra Whack","Whack World","Album: Whack World/ Artist: Tierra Whack","2018","","100","0.01%","97.6595510%","Yes","","","","","","","","","","","","","","","","",""
"Tigers Jaw","Tigers Jaw","Album: Tigers Jaw/ Artist: Tigers Jaw","2008","","100","0.01%","97.6655985%","Yes","","","","","","","","","","","","","","","","",""
"Tim Buckley","Lorca","Album: Lorca/ Artist: Tim Buckley","1970","","100","0.01%","97.6716459%","Yes","","","","","","","","","","","","","","","","",""
"Tim Buckley","Starsailor","Album: Starsailor/ Artist: Tim Buckley","1970","","100","0.01%","97.6776933%","Yes","","","","","","","","","","","","","","","","",""
"Tim Buckley","Happy Sad","Album: Happy Sad/ Artist: Tim Buckley","1969","","100","0.01%","97.6837407%","Yes","","","","","","","","","","","","","","","","",""
"Tim Buckley","Goodbye and Hello","Album: Goodbye and Hello/ Artist: Tim Buckley","1967","","100","0.01%","97.6897881%","Yes","","","","","","","","","","","","","","","","",""
"Tim Hecker","Virgins","Album: Virgins/ Artist: Tim Hecker","2013","","100","0.01%","97.6958355%","Yes","","","","","","","","","","","","","","","","",""
"Tim Hecker","Ravedeath,1972","Album: Ravedeath,1972/ Artist: Tim Hecker","2011","","100","0.01%","97.7018829%","Yes","","","","","","","","","","","","","","","","",""
"Tim Hecker","Harmony in Ultraviolet","Album: Harmony in Ultraviolet/ Artist: Tim Hecker","2006","","100","0.01%","97.7079303%","Yes","","","","","","","","","","","","","","","","",""
"Tim Hecker","Radio Amor","Album: Radio Amor/ Artist: Tim Hecker","2003","","100","0.01%","97.7139777%","Yes","","","","","","","","","","","","","","","","",""
"Tim Hecker","Haunt me, Do It Again","Album: Haunt me, Do It Again/ Artist: Tim Hecker","2001","","100","0.01%","97.7200252%","Yes","","","","","","","","","","","","","","","","",""
"Timbre Timbre","Hot Dreams","Album: Hot Dreams/ Artist: Timbre Timbre","2014","","100","0.01%","97.7260726%","Yes","","","","","","","","","","","","","","","","",""
"Time Hecker","No Highs","Album: No Highs/ Artist: Time Hecker","2023","","100","0.01%","97.7321200%","Yes","","","","","","","","","","","","","","","","",""
"Tina Turner","Private Dancer","Album: Private Dancer/ Artist: Tina Turner","1984","","100","0.01%","97.7381674%","Yes","","","","","","","","","","","","","","","","",""
"Tinashe","BB/Ang3l","Album: BB/Ang3l/ Artist: Tinashe","2023","","100","0.01%","97.7442148%","Yes","","","","","","","","","","","","","","","","",""
"Tinashe","Aquarius","Album: Aquarius/ Artist: Tinashe","2014","","100","0.01%","97.7502622%","Yes","","","","","","","","","","","","","","","","",""
"Tindersticks","Tindersticks II","Album: Tindersticks II/ Artist: Tindersticks","1995","","100","0.01%","97.7563096%","Yes","","","","","","","","","","","","","","","","",""
"Tindersticks","Tindersticks","Album: Tindersticks/ Artist: Tindersticks","1993","","100","0.01%","97.7623570%","Yes","","","","","","","","","","","","","","","","",""
"Tiro de Gracia","Ser hümano!!","Album: Ser hümano!!/ Artist: Tiro de Gracia","1997","","100","0.01%","97.7684044%","Yes","","","","","","","","","","","","","","","","",""
"Title Fight","Spring Songs EP","Album: Spring Songs EP/ Artist: Title Fight","2013","","100","0.01%","97.7744519%","Yes","","","","","","","","","","","","","","","","",""
"Title Fight","Floral Green","Album: Floral Green/ Artist: Title Fight","2012","","100","0.01%","97.7804993%","Yes","","","","","","","","","","","","","","","","",""
"Titus Andronicus","The Monitor","Album: The Monitor/ Artist: Titus Andronicus","2010","","100","0.01%","97.7865467%","Yes","","","","","","","","","","","","","","","","",""
"Tkay Maidza","Last Year Was Weird, Vol. 3","Album: Last Year Was Weird, Vol. 3/ Artist: Tkay Maidza","2021","","100","0.01%","97.7925941%","Yes","","","","","","","","","","","","","","","","",""
"Tkay Maidza","Last Year Was Weird, Vol. 2","Album: Last Year Was Weird, Vol. 2/ Artist: Tkay Maidza","2020","","100","0.01%","97.7986415%","Yes","","","","","","","","","","","","","","","","",""
"TLC","Crazysexycool","Album: Crazysexycool/ Artist: TLC","1994","","100","0.01%","97.8046889%","Yes","","","","","","","","","","","","","","","","",""
"TNGHT","II","Album: II/ Artist: TNGHT","2019","","100","0.01%","97.8107363%","Yes","","","","","","","","","","","","","","","","",""
"TNGHT","TNGHT","Album: TNGHT/ Artist: TNGHT","2012","","100","0.01%","97.8167837%","Yes","","","","","","","","","","","","","","","","",""
"Toby Fox","UNDERTALE Soundtrack","Album: UNDERTALE Soundtrack/ Artist: Toby Fox","2015","","100","0.01%","97.8228312%","Yes","","","","","","","","","","","","","","","","",""
"Todd Rundgren","A Wizard, A True Star","Album: A Wizard, A True Star/ Artist: Todd Rundgren","1973","","100","0.01%","97.8288786%","Yes","","","","","","","","","","","","","","","","",""
"Todd Rundgren","Something/Anything?","Album: Something/Anything?/ Artist: Todd Rundgren","1972","","100","0.01%","97.8349260%","Yes","","","","","","","","","","","","","","","","",""
"Todd Terje","It's Album Time","Album: It's Album Time/ Artist: Todd Terje","2014","","100","0.01%","97.8409734%","Yes","","","","","","","","","","","","","","","","",""
"Toe","For Long Tomorrow","Album: For Long Tomorrow/ Artist: Toe","2009","","100","0.01%","97.8470208%","Yes","","","","","","","","","","","","","","","","",""
"Toe","The Book About My Idle Plot on a Vague Anxiety","Album: The Book About My Idle Plot on a Vague Anxiety/ Artist: Toe","2005","","100","0.01%","97.8530682%","Yes","","","","","","","","","","","","","","","","",""
"Tom Petty","Wildflowers","Album: Wildflowers/ Artist: Tom Petty","1994","","100","0.01%","97.8591156%","Yes","","","","","","","","","","","","","","","","",""
"Tom Petty and The Heartbreakers","Greatest Hits","Album: Greatest Hits/ Artist: Tom Petty and The Heartbreakers","1993","","100","0.01%","97.8651630%","Yes","","","","","","","","","","","","","","","","",""
"Tom Waits","Orphans: Brawlers, Bawlers & Bastards","Album: Orphans: Brawlers, Bawlers & Bastards/ Artist: Tom Waits","2006","","100","0.01%","97.8712104%","Yes","","","","","","","","","","","","","","","","",""
"Tom Waits","Real Gone","Album: Real Gone/ Artist: Tom Waits","2004","","100","0.01%","97.8772579%","Yes","","","","","","","","","","","","","","","","",""
"Tom Waits","Alice","Album: Alice/ Artist: Tom Waits","2002","","100","0.01%","97.8833053%","Yes","","","","","","","","","","","","","","","","",""
"Tom Waits","Blood Money","Album: Blood Money/ Artist: Tom Waits","2002","","100","0.01%","97.8893527%","Yes","","","","","","","","","","","","","","","","",""
"Tom Waits","Mule Variations","Album: Mule Variations/ Artist: Tom Waits","1999","","100","0.01%","97.8954001%","Yes","","","","","","","","","","","","","","","","",""
"Tom Waits","Bone Machine","Album: Bone Machine/ Artist: Tom Waits","1992","","100","0.01%","97.9014475%","Yes","","","","","","","","","","","","","","","","",""
"Tom Waits","Frank's Wild Years","Album: Frank's Wild Years/ Artist: Tom Waits","1987","","100","0.01%","97.9074949%","Yes","","","","","","","","","","","","","","","","",""
"Tom Waits","Rain Dogs","Album: Rain Dogs/ Artist: Tom Waits","1985","","100","0.01%","97.9135423%","Yes","","","","","","","","","","","","","","","","",""
"Tom Waits","swordfishtrombones","Album: swordfishtrombones/ Artist: Tom Waits","1983","","100","0.01%","97.9195897%","Yes","","","","","","","","","","","","","","","","",""
"Tom Waits","Blue Valentine","Album: Blue Valentine/ Artist: Tom Waits","1978","","100","0.01%","97.9256372%","Yes","","","","","","","","","","","","","","","","",""
"Tom Waits","Small Change","Album: Small Change/ Artist: Tom Waits","1976","","100","0.01%","97.9316846%","Yes","","","","","","","","","","","","","","","","",""
"Tom Waits","The Heart of Saturday Night","Album: The Heart of Saturday Night/ Artist: Tom Waits","1974","","100","0.01%","97.9377320%","Yes","","","","","","","","","","","","","","","","",""
"Tom Waits","Closing Time","Album: Closing Time/ Artist: Tom Waits","1973","","100","0.01%","97.9437794%","Yes","","","","","","","","","","","","","","","","",""
"Tom Zé","Brazil Classics 4: The Best of Tom Zé","Album: Brazil Classics 4: The Best of Tom Zé/ Artist: Tom Zé","1990","","100","0.01%","97.9498268%","Yes","","","","","","","","","","","","","","","","",""
"Tom Zé, Os Mutantes, Nara Leão, Caetano Veloso, Gilberto Gil & Gal Costa","Tropicália ou Panis et Circencis","Album: Tropicália ou Panis et Circencis/ Artist: Tom Zé, Os Mutantes, Nara Leão, Caetano Veloso, Gilberto Gil & Gal Costa","1968","","100","0.01%","97.9558742%","Yes","","","","","","","","","","","","","","","","",""
"Tomasz Stanko","Soul of Things","Album: Soul of Things/ Artist: Tomasz Stanko","2001","","100","0.01%","97.9619216%","Yes","","","","","","","","","","","","","","","","",""
"Tomb Mold","The Enduring Spirit","Album: The Enduring Spirit/ Artist: Tomb Mold","2023","","100","0.01%","97.9679690%","Yes","","","","","","","","","","","","","","","","",""
"Tommy Wright III","Ashes 2 Ashes, Dust 2 Dust","Album: Ashes 2 Ashes, Dust 2 Dust/ Artist: Tommy Wright III","1994","","100","0.01%","97.9740164%","No","","","","","","","","","","","","","","","","",""
"Tomoko Aran","Fuyuu Kuukan","Album: Fuyuu Kuukan/ Artist: Tomoko Aran","1983","","100","0.01%","97.9800639%","Yes","","","","","","","","","","","","","","","","",""
"Tony Allen","A Tribute to Art Blakey and the Messengers","Album: A Tribute to Art Blakey and the Messengers/ Artist: Tony Allen","2017","","100","0.01%","97.9861113%","Yes","","","","","","","","","","","","","","","","",""
"Tony Molina","Confront the Truth","Album: Confront the Truth/ Artist: Tony Molina","2016","","100","0.01%","97.9921587%","Yes","","","","","","","","","","","","","","","","",""
"Tool","10,000 Days","Album: 10,000 Days/ Artist: Tool","2006","","100","0.01%","97.9982061%","Yes","","","","","","","","","","","","","","","","",""
"Tool","Lateralus","Album: Lateralus/ Artist: Tool","2001","","100","0.01%","98.0042535%","Yes","","","","","","","","","","","","","","","","",""
"Tool","Aenima","Album: Aenima/ Artist: Tool","1996","","100","0.01%","98.0103009%","Yes","","","","","","","","","","","","","","","","",""
"Tool","Undertow","Album: Undertow/ Artist: Tool","1993","","100","0.01%","98.0163483%","Yes","","","","","","","","","","","","","","","","",""
"Toots & The Maytals","Funky Kingston","Album: Funky Kingston/ Artist: Toots & The Maytals","1975","","100","0.01%","98.0223957%","Yes","","","","","","","","","","","","","","","","",""
"Tori Amos","To Venus and Back","Album: To Venus and Back/ Artist: Tori Amos","1999","","100","0.01%","98.0284432%","Yes","","","","","","","","","","","","","","","","",""
"Tori Amos","From The Choirgil Hotel","Album: From The Choirgil Hotel/ Artist: Tori Amos","1998","","100","0.01%","98.0344906%","Yes","","","","","","","","","","","","","","","","",""
"Tori Amos","Boys for Pele","Album: Boys for Pele/ Artist: Tori Amos","1996","","100","0.01%","98.0405380%","Yes","","","","","","","","","","","","","","","","",""
"Tori Amos","Under the Pink","Album: Under the Pink/ Artist: Tori Amos","1993","","100","0.01%","98.0465854%","Yes","","","","","","","","","","","","","","","","",""
"Tori Amos","Little Earthquakes","Album: Little Earthquakes/ Artist: Tori Amos","1992","","100","0.01%","98.0526328%","Yes","","","","","","","","","","","","","","","","",""
"Toro y Moi","Mahal","Album: Mahal/ Artist: Toro y Moi","2022","","100","0.01%","98.0586802%","Yes","","","","","","","","","","","","","","","","",""
"TORRES","Torres","Album: Torres/ Artist: TORRES","2013","","100","0.01%","98.0647276%","Yes","","","","","","","","","","","","","","","","",""
"Tortoise","Standards","Album: Standards/ Artist: Tortoise","2001","","100","0.01%","98.0707750%","Yes","","","","","","","","","","","","","","","","",""
"Tortoise","TNT","Album: TNT/ Artist: Tortoise","1998","","100","0.01%","98.0768224%","Yes","","","","","","","","","","","","","","","","",""
"Tortoise","Millions Now Living Will Never Die","Album: Millions Now Living Will Never Die/ Artist: Tortoise","1996","","100","0.01%","98.0828699%","Yes","","","","","","","","","","","","","","","","",""
"Touché Amoré","Is Survived By","Album: Is Survived By/ Artist: Touché Amoré","2013","","100","0.01%","98.0889173%","Yes","","","","","","","","","","","","","","","","",""
"Touché Amoré ","Stage Four","Album: Stage Four/ Artist: Touché Amoré ","2016","","100","0.01%","98.0949647%","Yes","","","","","","","","","","","","","","","","",""
"Townes Van Zandt","Townes Van Zandt","Album: Townes Van Zandt/ Artist: Townes Van Zandt","1969","","100","0.01%","98.1010121%","Yes","","","","","","","","","","","","","","","","",""
"Tracy Chapman","Tracy Chapman","Album: Tracy Chapman/ Artist: Tracy Chapman","1988","","100","0.01%","98.1070595%","Yes","","","","","","","","","","","","","","","","",""
"Traffic","John Barleycorn Must Die","Album: John Barleycorn Must Die/ Artist: Traffic","1970","","100","0.01%","98.1131069%","Yes","","","","","","","","","","","","","","","","",""
"Travis Scott","UTOPIA","Album: UTOPIA/ Artist: Travis Scott","2023","","100","0.01%","98.1191543%","Yes","","","","","","","","","","","","","","","","",""
"Travis Scott","AstroWorld","Album: AstroWorld/ Artist: Travis Scott","2018","","100","0.01%","98.1252017%","Yes","","","","","","","","","","","","","","","","",""
"Travis Scott","Rodeo","Album: Rodeo/ Artist: Travis Scott","2015","","100","0.01%","98.1312492%","Yes","","","","","","","","","","","","","","","","",""
"Traxman","Da Mind of Traxman","Album: Da Mind of Traxman/ Artist: Traxman","2012","","100","0.01%","98.1372966%","Yes","","","","","","","","","","","","","","","","",""
"Trent Reznor & Atticus Ross","Gone Girl","Album: Gone Girl/ Artist: Trent Reznor & Atticus Ross","2014","","100","0.01%","98.1433440%","Yes","","","","","","","","","","","","","","","","",""
"Trent Reznor & Atticus Ross","The Social Network","Album: The Social Network/ Artist: Trent Reznor & Atticus Ross","2010","","100","0.01%","98.1493914%","Yes","","","","","","","","","","","","","","","","",""
"Trentemøller","The Last Resort","Album: The Last Resort/ Artist: Trentemøller","2006","","100","0.01%","98.1554388%","Yes","","","","","","","","","","","","","","","","",""
"Triana","El Patio","Album: El Patio/ Artist: Triana","1975","","100","0.01%","98.1614862%","Yes","","","","","","","","","","","","","","","","",""
"Tricky","Maxinquaye","Album: Maxinquaye/ Artist: Tricky","1995","","100","0.01%","98.1675336%","Yes","","","","","","","","","","","","","","","","",""
"Tricot","リピート (repeat)","Album: リピート (repeat)/ Artist: Tricot","2019","","100","0.01%","98.1735810%","Yes","","","","","","","","","","","","","","","","",""
"Tricot","T H E","Album: T H E/ Artist: Tricot","2013","","100","0.01%","98.1796284%","Yes","","","","","","","","","","","","","","","","",""
"Tyler Childers","Sniper Hunter","Album: Sniper Hunter/ Artist: Tyler Childers","2025","","100","0.01%","98.1856759%","Yes","","","","","","","","","","","","","","","","",""
"Trivium","Shogun","Album: Shogun/ Artist: Trivium","2008","","100","0.01%","98.1917233%","Yes","","","","","","","","","","","","","","","","",""
"Trivium","Ascendancy","Album: Ascendancy/ Artist: Trivium","2005","","100","0.01%","98.1977707%","Yes","","","","","","","","","","","","","","","","",""
"Tropical Fuck Storm","Braindrops","Album: Braindrops/ Artist: Tropical Fuck Storm","2019","","100","0.01%","98.2038181%","Yes","","","","","","","","","","","","","","","","",""
"Tropical Fuck Storm","A Laughing Death in Meatspace","Album: A Laughing Death in Meatspace/ Artist: Tropical Fuck Storm","2018","","100","0.01%","98.2098655%","Yes","","","","","","","","","","","","","","","","",""
"Tropical Fuck Storm","Fairyland Codex","Album: Fairyland Codex/ Artist: Tropical Fuck Storm","2025","","100","0.01%","98.2159129%","","","","","","","","","","","","","","","","","",""
"tUnE-yArDs","sketchy.","Album: sketchy./ Artist: tUnE-yArDs","2021","","100","0.01%","98.2219603%","Yes","","","","","","","","","","","","","","","","",""
"tUnE-yArDs","Nikki Nack","Album: Nikki Nack/ Artist: tUnE-yArDs","2014","","100","0.01%","98.2280077%","Yes","","","","","","","","","","","","","","","","",""
"tUnE-yArDs","W H O K I L L","Album: W H O K I L L/ Artist: tUnE-yArDs","2011","","100","0.01%","98.2340552%","Yes","","","","","","","","","","","","","","","","",""
"Turnover","Peripheral Vision","Album: Peripheral Vision/ Artist: Turnover","2015","","100","0.01%","98.2401026%","Yes","","","","","","","","","","","","","","","","",""
"Turnstile","GLOW ON","Album: GLOW ON/ Artist: Turnstile","2021","","100","0.01%","98.2461500%","Yes","","","","","","","","","","","","","","","","",""
"Turnstile","Move Thru Me","Album: Move Thru Me/ Artist: Turnstile","2016","","100","0.01%","98.2521974%","Yes","","","","","","","","","","","","","","","","",""
"Turnstile","NEVER ENOUGH","Album: NEVER ENOUGH/ Artist: Turnstile","2003","","100","0.01%","98.2582448%","","","","","","","","","","","","","","","","","",""
"TURQUOISEDEATH","Guardian","Album: Guardian/ Artist: TURQUOISEDEATH","2025","","100","0.01%","98.2642922%","","","","","","","","","","","","","","","","","",""
"TV On The Radio","Dear Science","Album: Dear Science/ Artist: TV On The Radio","2008","","100","0.01%","98.2703396%","Yes","","","","","","","","","","","","","","","","",""
"TV On The Radio","Return to Cookie Mountain","Album: Return to Cookie Mountain/ Artist: TV On The Radio","2006","","100","0.01%","98.2763870%","Yes","","","","","","","","","","","","","","","","",""
"TV on the Radio","Desperate Youth, Blood Thirsty Babes","Album: Desperate Youth, Blood Thirsty Babes/ Artist: TV on the Radio","2004","","100","0.01%","98.2824344%","Yes","","","","","","","","","","","","","","","","",""
"TV on the Radio","Young Liars","Album: Young Liars/ Artist: TV on the Radio","2003","","100","0.01%","98.2884819%","Yes","","","","","","","","","","","","","","","","",""
"Twenty One Pilots","Trench","Album: Trench/ Artist: Twenty One Pilots","2018","","100","0.01%","98.2945293%","Yes","","","","","","","","","","","","","","","","",""
"TWICE","Feel Special","Album: Feel Special/ Artist: TWICE","2019","","100","0.01%","98.3005767%","Yes","","","","","","","","","","","","","","","","",""
"twikipedia","chronic","Album: chronic/ Artist: twikipedia","2022","","100","0.01%","98.3066241%","Yes","","","","","","","","","","","","","","","","",""
"Twin Shadow","Self-Titled","Album: Self-Titled/ Artist: Twin Shadow","2021","","100","0.01%","98.3126715%","Yes","","","","","","","","","","","","","","","","",""
"Two Shell","Icons EP","Album: Icons EP/ Artist: Two Shell","2022","","100","0.01%","98.3187189%","Yes","","","","","","","","","","","","","","","","",""
"Nicki Minaj","The Pinkprint","Album: The Pinkprint/ Artist: Nicki Minaj","2014","","100","0.01%","98.3247663%","","","","","","","","","","","","","","","","","",""
"Ty Segal","Freedom's Goblin","Album: Freedom's Goblin/ Artist: Ty Segal","2018","","100","0.01%","98.3308137%","Yes","","","","","","","","","","","","","","","","",""
"Ty Segal","Ty Segall","Album: Ty Segall/ Artist: Ty Segal","2017","","100","0.01%","98.3368612%","Yes","","","","","","","","","","","","","","","","",""
"Ty Segal","Manipulator","Album: Manipulator/ Artist: Ty Segal","2014","","100","0.01%","98.3429086%","Yes","","","","","","","","","","","","","","","","",""
"Ty Segall Band","Slaughterhouse","Album: Slaughterhouse/ Artist: Ty Segall Band","2012","","100","0.01%","98.3489560%","Yes","","","","","","","","","","","","","","","","",""
"Tyler, The Creator","DON'T TAP THE GLASS","Album: DON'T TAP THE GLASS/ Artist: Tyler, The Creator","2025","","100","0.01%","98.3550034%","","","","","","","","","","","","","","","","","",""
"Type O Negative","October Rust","Album: October Rust/ Artist: Type O Negative","1996","","100","0.01%","98.3610508%","Yes","","","","","","","","","","","","","","","","",""
"U.S Girls","A Poem Unlimited","Album: A Poem Unlimited/ Artist: U.S Girls","2018","","100","0.01%","98.3670982%","Yes","","","","","","","","","","","","","","","","",""
"u2","The Best of 1980-1990","Album: The Best of 1980-1990/ Artist: u2","1998","","100","0.01%","98.3731456%","Yes","","","","","","","","","","","","","","","","",""
"U2","The Joshua Tree","Album: The Joshua Tree/ Artist: U2","1987","","100","0.01%","98.3791930%","Yes","","","","","","","","","","","","","","","","",""
"U2","The Unforgettable Fire","Album: The Unforgettable Fire/ Artist: U2","1984","","100","0.01%","98.3852404%","Yes","","","","","","","","","","","","","","","","",""
"U2","War","Album: War/ Artist: U2","1983","","100","0.01%","98.3912879%","Yes","","","","","","","","","","","","","","","","",""
"U2","Boy","Album: Boy/ Artist: U2","1980","","100","0.01%","98.3973353%","Yes","","","","","","","","","","","","","","","","",""
"Uboa","The Flesh of the World","Album: The Flesh of the World/ Artist: Uboa","2020","","100","0.01%","98.4033827%","Yes","","","","","","","","","","","","","","","","",""
"Uboa","The Origin of My Depression","Album: The Origin of My Depression/ Artist: Uboa","2019","","100","0.01%","98.4094301%","Yes","","","","","","","","","","","","","","","","",""
"UGK","Ridin Dirty","Album: Ridin Dirty/ Artist: UGK","1996","","100","0.01%","98.4154775%","Yes","","","","","","","","","","","","","","","","",""
"Ulcerate","Cutting the Throat of God","Album: Cutting the Throat of God/ Artist: Ulcerate","2024","","100","0.01%","98.4215249%","Yes","","","","","","","","","","","","","","","","",""
"Hailu Mergia","Lala Belu","Album: Lala Belu/ Artist: Hailu Mergia","2018","","100","0.01%","98.4275723%","","","","","","","","","","","","","","","","","",""
"Ulcerate","Everything Is Fire","Album: Everything Is Fire/ Artist: Ulcerate","2009","","100","0.01%","98.4336197%","Yes","","","","","","","","","","","","","","","","",""
"Ultramagnetic MCs","Critical Beatdown","Album: Critical Beatdown/ Artist: Ultramagnetic MCs","1988","","100","0.01%","98.4396671%","Yes","","","","","","","","","","","","","","","","",""
"Ulver","Shadows of the Sun","Album: Shadows of the Sun/ Artist: Ulver","2007","","100","0.01%","98.4457146%","Yes","","","","","","","","","","","","","","","","",""
"Ulver","Perdition City","Album: Perdition City/ Artist: Ulver","2000","","100","0.01%","98.4517620%","Yes","","","","","","","","","","","","","","","","",""
"Uncommon NASA","New York Telephone","Album: New York Telephone/ Artist: Uncommon NASA","2014","","100","0.01%","98.4578094%","Yes","","","","","","","","","","","","","","","","",""
"Undeath","It's Time​...​To Rise From the Grave","Album: It's Time​...​To Rise From the Grave/ Artist: Undeath","2022","","100","0.01%","98.4638568%","Yes","","","","","","","","","","","","","","","","",""
"Undeath","Sentient Autolysis","Album: Sentient Autolysis/ Artist: Undeath","2019","","100","0.01%","98.4699042%","Yes","","","","","","","","","","","","","","","","",""
"Underøath","Define the Great Line","Album: Define the Great Line/ Artist: Underøath","2006","","100","0.01%","98.4759516%","Yes","","","","","","","","","","","","","","","","",""
"underscores","Wallsocket","Album: Wallsocket/ Artist: underscores","2023","","100","0.01%","98.4819990%","Yes","","","","","","","","","","","","","","","","",""
"Universe Nekoko","Kimi No Youni Ikiretara","Album: Kimi No Youni Ikiretara/ Artist: Universe Nekoko","2019","","100","0.01%","98.4880464%","Yes","","","","","","","","","","","","","","","","",""
"UNKLE","Psyence Fiction","Album: Psyence Fiction/ Artist: UNKLE","1998","","100","0.01%","98.4940939%","Yes","","","","","","","","","","","","","","","","",""
"Stevie Wonder","Hotter Than July ","Album: Hotter Than July / Artist: Stevie Wonder","1980","","100","0.01%","98.5001413%","","","","","","","","","","","","","","","","","",""
"Unwound","Leaves Turn Inside You","Album: Leaves Turn Inside You/ Artist: Unwound","2001","","100","0.01%","98.5061887%","Yes","","","","","","","","","","","","","","","","",""
"Unwound","Repetition","Album: Repetition/ Artist: Unwound","1996","","100","0.01%","98.5122361%","Yes","","","","","","","","","","","","","","","","",""
"Unwound","New Plastic Ideas","Album: New Plastic Ideas/ Artist: Unwound","1994","","100","0.01%","98.5182835%","Yes","","","","","","","","","","","","","","","","",""
"Unwound","Fake Train","Album: Fake Train/ Artist: Unwound","1993","","100","0.01%","98.5243309%","Yes","","","","","","","","","","","","","","","","",""
"Utada Hikaru","Deep River","Album: Deep River/ Artist: Utada Hikaru","2002","","100","0.01%","98.5303783%","Yes","","","","","","","","","","","","","","","","",""
"Vampire Weekend","Only God Above Us","Album: Only God Above Us/ Artist: Vampire Weekend","2024","","100","0.01%","98.5364257%","Yes","","","","","","","","","","","","","","","","",""
"Vampire Weekend","Modern Vampires of the City","Album: Modern Vampires of the City/ Artist: Vampire Weekend","2013","","100","0.01%","98.5424731%","Yes","","","","","","","","","","","","","","","","",""
"Vampire Weekend","Contra","Album: Contra/ Artist: Vampire Weekend","2010","","100","0.01%","98.5485206%","Yes","","","","","","","","","","","","","","","","",""
"Vampire Weekend","Vampire Weekend","Album: Vampire Weekend/ Artist: Vampire Weekend","2008","","100","0.01%","98.5545680%","Yes","","","","","","","","","","","","","","","","",""
"Van der Graaf Generator","Still Life","Album: Still Life/ Artist: Van der Graaf Generator","1976","","100","0.01%","98.5606154%","Yes","","","","","","","","","","","","","","","","",""
"Van der Graaf Generator","Godbluff","Album: Godbluff/ Artist: Van der Graaf Generator","1975","","100","0.01%","98.5666628%","Yes","","","","","","","","","","","","","","","","",""
"Van der Graaf Generator","Pawn Hearts","Album: Pawn Hearts/ Artist: Van der Graaf Generator","1971","","100","0.01%","98.5727102%","Yes","","","","","","","","","","","","","","","","",""
"Van Morrison","Veedon Fleece","Album: Veedon Fleece/ Artist: Van Morrison","1974","","100","0.01%","98.5787576%","Yes","","","","","","","","","","","","","","","","",""
"Van Morrison","Saint Dominic's Preview","Album: Saint Dominic's Preview/ Artist: Van Morrison","1972","","100","0.01%","98.5848050%","Yes","","","","","","","","","","","","","","","","",""
"Van Morrison","Moondance","Album: Moondance/ Artist: Van Morrison","1970","","100","0.01%","98.5908524%","Yes","","","","","","","","","","","","","","","","",""
"Van Morrison","Astral Weeks","Album: Astral Weeks/ Artist: Van Morrison","1968","","100","0.01%","98.5968999%","Yes","","","","","","","","","","","","","","","","",""
"Vangelis","Blade Runner","Album: Blade Runner/ Artist: Vangelis","1994","","100","0.01%","98.6029473%","Yes","","","","","","","","","","","","","","","","",""
"Varios Artistas","Brainfeeder X","Album: Brainfeeder X/ Artist: Varios Artistas","2018","","100","0.01%","98.6089947%","Yes","","","","","","","","","","","","","","","","",""
"Various Artists","Hotline Miami","Album: Hotline Miami/ Artist: Various Artists","2022","","100","0.01%","98.6150421%","Yes","","","","","","","","","","","","","","","","",""
"Various Artists","Hotline Miami 2: Wrong Number","Album: Hotline Miami 2: Wrong Number/ Artist: Various Artists","2022","","100","0.01%","98.6210895%","Yes","","","","","","","","","","","","","","","","",""
"Various Artists","Kankyo Ongaku: Japanese Ambient","Album: Kankyo Ongaku: Japanese Ambient/ Artist: Various Artists","2019","","100","0.01%","98.6271369%","Yes","","","","","","","","","","","","","","","","",""
"Various Artists","Mono No Aware","Album: Mono No Aware/ Artist: Various Artists","2017","","100","0.01%","98.6331843%","Yes","","","","","","","","","","","","","","","","",""
"Various Artists","Outro Tempo","Album: Outro Tempo/ Artist: Various Artists","2017","","100","0.01%","98.6392317%","Yes","","","","","","","","","","","","","","","","",""
"Various Artists","Singles (Original Motion Picture Soundtrack)","Album: Singles (Original Motion Picture Soundtrack)/ Artist: Various Artists","2017","","100","0.01%","98.6452791%","Yes","","","","","","","","","","","","","","","","",""
"Various Artists","La La Land (Original Motion Picture Soundtrack)","Album: La La Land (Original Motion Picture Soundtrack)/ Artist: Various Artists","2016","","100","0.01%","98.6513266%","Yes","","","","","","","","","","","","","","","","",""
"Various Artists","Whiplash (Original Motion Picture Soundtack)","Album: Whiplash (Original Motion Picture Soundtack)/ Artist: Various Artists","2014","","100","0.01%","98.6573740%","Yes","","","","","","","","","","","","","","","","",""
"Various Artists","After Dark 2","Album: After Dark 2/ Artist: Various Artists","2013","","100","0.01%","98.6634214%","Yes","","","","","","","","","","","","","","","","",""
"Various Artists","Scott Pilgrim vs. the World: Original Motion Picture Soundtrack","Album: Scott Pilgrim vs. the World: Original Motion Picture Soundtrack/ Artist: Various Artists","2010","","100","0.01%","98.6694688%","Yes","","","","","","","","","","","","","","","","",""
"Various Artists","Dark Was The Night: That Disc","Album: Dark Was The Night: That Disc/ Artist: Various Artists","2009","","100","0.01%","98.6755162%","Yes","","","","","","","","","","","","","","","","",""
"Various Artists","Dark Was The Night: This Disc","Album: Dark Was The Night: This Disc/ Artist: Various Artists","2009","","100","0.01%","98.6815636%","Yes","","","","","","","","","","","","","","","","",""
"Various Artists","African Scream Contest: Raw & Psychedelic Afro Sounds from Benin & Togo 70s","Album: African Scream Contest: Raw & Psychedelic Afro Sounds from Benin & Togo 70s/ Artist: Various Artists","2008","","100","0.01%","98.6876110%","Yes","","","","","","","","","","","","","","","","",""
"Various Artists","Hydeout Productions 2nd Collection","Album: Hydeout Productions 2nd Collection/ Artist: Various Artists","2007","","100","0.01%","98.6936584%","Yes","","","","","","","","","","","","","","","","",""
"Various Artists","Motown Classics Gold CD1","Album: Motown Classics Gold CD1/ Artist: Various Artists","2005","","100","0.01%","98.6997059%","Yes","","","","","","","","","","","","","","","","",""
"Various Artists","Motown Classics Gold CD2","Album: Motown Classics Gold CD2/ Artist: Various Artists","2005","","100","0.01%","98.7057533%","Yes","","","","","","","","","","","","","","","","",""
"Various Artists","Lost in Translation","Album: Lost in Translation/ Artist: Various Artists","2003","","100","0.01%","98.7118007%","Yes","","","","","","","","","","","","","","","","",""
"Various Artists","Starmix vol.2","Album: Starmix vol.2/ Artist: Various Artists","2001","","100","0.01%","98.7178481%","Yes","","","","","","","","","","","","","","","","",""
"Various Artists","Girl Group Greats","Album: Girl Group Greats/ Artist: Various Artists","2001","","100","0.01%","98.7238955%","Yes","","","","","","","","","","","","","","","","",""
"Various Artists","O Brother, Where Art Thou?","Album: O Brother, Where Art Thou?/ Artist: Various Artists","2000","","100","0.01%","98.7299429%","Yes","","","","","","","","","","","","","","","","",""
"Various Artists","Starmix vol.1","Album: Starmix vol.1/ Artist: Various Artists","1999","","100","0.01%","98.7359903%","Yes","","","","","","","","","","","","","","","","",""
"Various Artists","The Music on My Head (African CD)","Album: The Music on My Head (African CD)/ Artist: Various Artists","1998","","100","0.01%","98.7420377%","Yes","","","","","","","","","","","","","","","","",""
"Various Artists","Trainspotting","Album: Trainspotting/ Artist: Various Artists","1996","","100","0.01%","98.7480851%","Yes","","","","","","","","","","","","","","","","",""
"Various Artists","Forrest Gump","Album: Forrest Gump/ Artist: Various Artists","1994","","100","0.01%","98.7541326%","Yes","","","","","","","","","","","","","","","","",""
"Various Artists","Pulp Fiction","Album: Pulp Fiction/ Artist: Various Artists","1994","","100","0.01%","98.7601800%","Yes","","","","","","","","","","","","","","","","",""
"Various Artists","Singles","Album: Singles/ Artist: Various Artists","1992","","100","0.01%","98.7662274%","Yes","","","","","","","","","","","","","","","","",""
"Various Artists","Guitar Paradise of East Africa","Album: Guitar Paradise of East Africa/ Artist: Various Artists","1991","","100","0.01%","98.7722748%","Yes","","","","","","","","","","","","","","","","",""
"Various Artists","African Connection, Vol. 1: Zaire Choc!","Album: African Connection, Vol. 1: Zaire Choc!/ Artist: Various Artists","1988","","100","0.01%","98.7783222%","Yes","","","","","","","","","","","","","","","","",""
"Various Artists","The Indestructible Sound of Soweto","Album: The Indestructible Sound of Soweto/ Artist: Various Artists","1986","","100","0.01%","98.7843696%","Yes","","","","","","","","","","","","","","","","",""
"Various Artists","Repo Man","Album: Repo Man/ Artist: Various Artists","1984","","100","0.01%","98.7904170%","Yes","","","","","","","","","","","","","","","","",""
"Various Artists","Saturday Night Fever","Album: Saturday Night Fever/ Artist: Various Artists","1977","","100","0.01%","98.7964644%","Yes","","","","","","","","","","","","","","","","",""
"Various Artists","Nuggets: Original Artyfacts From the First Psychedelic Era 1965–1968","Album: Nuggets: Original Artyfacts From the First Psychedelic Era 1965–1968/ Artist: Various Artists","1972","","100","0.01%","98.8025119%","Yes","","","","","","","","","","","","","","","","",""
"Vashti Bunyan","Just Aother Diamond Day","Album: Just Aother Diamond Day/ Artist: Vashti Bunyan","1970","","100","0.01%","98.8085593%","Yes","","","","","","","","","","","","","","","","",""
"Vektor","Terminal Redux","Album: Terminal Redux/ Artist: Vektor","2016","","100","0.01%","98.8146067%","Yes","","","","","","","","","","","","","","","","",""
"Vektor","Black Future","Album: Black Future/ Artist: Vektor","2009","","100","0.01%","98.8206541%","Yes","","","","","","","","","","","","","","","","",""
"Venetian Snares","Rossz csillag alatt szuletett","Album: Rossz csillag alatt szuletett/ Artist: Venetian Snares","2005","","100","0.01%","98.8267015%","Yes","","","","","","","","","","","","","","","","",""
"Viagra Boys","Cave World (Deluxe)","Album: Cave World (Deluxe)/ Artist: Viagra Boys","2022","","100","0.01%","98.8327489%","Yes","","","","","","","","","","","","","","","","",""
"Viagra Boys","Jazz Welfare","Album: Jazz Welfare/ Artist: Viagra Boys","2021","","100","0.01%","98.8387963%","Yes","","","","","","","","","","","","","","","","",""
"Viagra Boys","Street Worms","Album: Street Worms/ Artist: Viagra Boys","2018","","100","0.01%","98.8448437%","Yes","","","","","","","","","","","","","","","","",""
"Vic Mensa","I Tape","Album: I Tape/ Artist: Vic Mensa","2021","","100","0.01%","98.8508911%","Yes","","","","","","","","","","","","","","","","",""
"Viktor Vaughn","Vaudeville Villain","Album: Vaudeville Villain/ Artist: Viktor Vaughn","2003","","100","0.01%","98.8569386%","Yes","","","","","","","","","","","","","","","","",""
"Vince Guaraldi Trio","A Charlie Brown Christmas","Album: A Charlie Brown Christmas/ Artist: Vince Guaraldi Trio","1965","","100","0.01%","98.8629860%","Yes","","","","","","","","","","","","","","","","",""
"Vince Staples","The Big Fish Theory","Album: The Big Fish Theory/ Artist: Vince Staples","2017","","100","0.01%","98.8690334%","Yes","","","","","","","","","","","","","","","","",""
"Vince Staples","Prima Donna","Album: Prima Donna/ Artist: Vince Staples","2016","","100","0.01%","98.8750808%","Yes","","","","","","","","","","","","","","","","",""
"Vince Staples","Summertime '06","Album: Summertime '06/ Artist: Vince Staples","2015","","100","0.01%","98.8811282%","Yes","","","","","","","","","","","","","","","","",""
"Vince Staples","Hell Can Wait","Album: Hell Can Wait/ Artist: Vince Staples","2014","","100","0.01%","98.8871756%","Yes","","","","","","","","","","","","","","","","",""
"Violent Femmes","Violent Femmes","Album: Violent Femmes/ Artist: Violent Femmes","1983","","100","0.01%","98.8932230%","Yes","","","","","","","","","","","","","","","","",""
"Viper","One Day You'll See Me Again (1997-2009)","Album: One Day You'll See Me Again (1997-2009)/ Artist: Viper","2022","","100","0.01%","98.8992704%","Yes","","","","","","","","","","","","","","","","",""
"Virus","Locura","Album: Locura/ Artist: Virus","1985","","100","0.01%","98.9053179%","Yes","","","","","","","","","","","","","","","","",""
"Voivod","Nothingface","Album: Nothingface/ Artist: Voivod","1989","","100","0.01%","98.9113653%","Yes","","","","","","","","","","","","","","","","",""
"Voivod","Killing Technology","Album: Killing Technology/ Artist: Voivod","1987","","100","0.01%","98.9174127%","Yes","","","","","","","","","","","","","","","","",""
"Vylet Pony","Monarch of Monsters","Album: Monarch of Monsters/ Artist: Vylet Pony","2024","","100","0.01%","98.9234601%","Yes","","","","","","","","","","","","","","","","",""
"Vylet Pony","Love & Ponystep","Album: Love & Ponystep/ Artist: Vylet Pony","2025","","100","0.01%","98.9295075%","","","","","","","","","","","","","","","","","",""
"W.A.S.P","The Headless Children","Album: The Headless Children/ Artist: W.A.S.P","1989","","100","0.01%","98.9355549%","Yes","","","","","","","","","","","","","","","","",""
"Waka Flocka Flame","Flockaveli","Album: Flockaveli/ Artist: Waka Flocka Flame","2010","","100","0.01%","98.9416023%","Yes","","","","","","","","","","","","","","","","",""
"War","The World is a Ghetto","Album: The World is a Ghetto/ Artist: War","1972","","100","0.01%","98.9476497%","Yes","","","","","","","","","","","","","","","","",""
"Warning","Watching From a Distance","Album: Watching From a Distance/ Artist: Warning","2006","","100","0.01%","98.9536971%","Yes","","","","","","","","","","","","","","","","",""
"Warpaint","Exquisite Corpse","Album: Exquisite Corpse/ Artist: Warpaint","2009","","100","0.01%","98.9597446%","Yes","","","","","","","","","","","","","","","","",""
"Warren G","Regulate... G Funk Era","Album: Regulate... G Funk Era/ Artist: Warren G","1994","","100","0.01%","98.9657920%","Yes","","","","","","","","","","","","","","","","",""
"Warren Zevon","Excitable Boy","Album: Excitable Boy/ Artist: Warren Zevon","1978","","100","0.01%","98.9718394%","Yes","","","","","","","","","","","","","","","","",""
"Water From Your Eyes","Everyone's Crushed","Album: Everyone's Crushed/ Artist: Water From Your Eyes","2023","","100","0.01%","98.9778868%","Yes","","","","","","","","","","","","","","","","",""
"Wayne Shorter","Speak No Evil","Album: Speak No Evil/ Artist: Wayne Shorter","1966","","100","0.01%","98.9839342%","Yes","","","","","","","","","","","","","","","","",""
"We Lost The Sea","Departure Songs","Album: Departure Songs/ Artist: We Lost The Sea","2015","","100","0.01%","98.9899816%","Yes","","","","","","","","","","","","","","","","",""
"Weakling","Dead as Dreams","Album: Dead as Dreams/ Artist: Weakling","2000","","100","0.01%","98.9960290%","No","","","","","","","","","","","","","","","","",""
"Weatherday","Come In","Album: Come In/ Artist: Weatherday","2019","","100","0.01%","99.0020764%","Yes","","","","","","","","","","","","","","","","",""
"Wednesday","Rat Saw God","Album: Rat Saw God/ Artist: Wednesday","2023","","100","0.01%","99.0081238%","Yes","","","","","","","","","","","","","","","","",""
"Ween","Quebec","Album: Quebec/ Artist: Ween","2001","","100","0.01%","99.0141713%","Yes","","","","","","","","","","","","","","","","",""
"Ween","White Pepper","Album: White Pepper/ Artist: Ween","2000","","100","0.01%","99.0202187%","Yes","","","","","","","","","","","","","","","","",""
"Ween","The Mollusk","Album: The Mollusk/ Artist: Ween","1997","","100","0.01%","99.0262661%","Yes","","","","","","","","","","","","","","","","",""
"Ween","Chocolate and Cheese","Album: Chocolate and Cheese/ Artist: Ween","1994","","100","0.01%","99.0323135%","Yes","","","","","","","","","","","","","","","","",""
"Weezer","OK Human","Album: OK Human/ Artist: Weezer","2021","","100","0.01%","99.0383609%","Yes","","","","","","","","","","","","","","","","",""
"Weezer","The White Album (Weezer)","Album: The White Album (Weezer)/ Artist: Weezer","2016","","100","0.01%","99.0444083%","Yes","","","","","","","","","","","","","","","","",""
"Weezer","Everything Will Be Alright In The End","Album: Everything Will Be Alright In The End/ Artist: Weezer","2014","","100","0.01%","99.0504557%","Yes","","","","","","","","","","","","","","","","",""
"Weezer","Pinkerton","Album: Pinkerton/ Artist: Weezer","1996","","100","0.01%","99.0565031%","Yes","","","","","","","","","","","","","","","","",""
"Weezer","Weezer (The Blue Album)","Album: Weezer (The Blue Album)/ Artist: Weezer","1994","","100","0.01%","99.0625506%","Yes","","","","","","","","","","","","","","","","",""
"Westside Gunn","10","Album: 10/ Artist: Westside Gunn","2022","","100","0.01%","99.0685980%","Yes","","","","","","","","","","","","","","","","",""
"Westside Gunn","Hitler Wears Hermes 8: Side B","Album: Hitler Wears Hermes 8: Side B/ Artist: Westside Gunn","2021","","100","0.01%","99.0746454%","Yes","","","","","","","","","","","","","","","","",""
"Westside Gunn","FLYGOD","Album: FLYGOD/ Artist: Westside Gunn","2016","","100","0.01%","99.0806928%","Yes","","","","","","","","","","","","","","","","",""
"Westside Gunn & Conway the Machine","Griselda Ghost","Album: Griselda Ghost/ Artist: Westside Gunn & Conway the Machine","2015","","100","0.01%","99.0867402%","Yes","","","","","","","","","","","","","","","","",""
"Wet Leg","Wet Leg","Album: Wet Leg/ Artist: Wet Leg","2022","","100","0.01%","99.0927876%","Yes","","","","","","","","","","","","","","","","",""
"Weyes Blood","And in The Darkness, Hearts Aglow","Album: And in The Darkness, Hearts Aglow/ Artist: Weyes Blood","2022","","100","0.01%","99.0988350%","Yes","","","","","","","","","","","","","","","","",""
"Weyes Blood","Rough Trade Session","Album: Rough Trade Session/ Artist: Weyes Blood","2019","","100","0.01%","99.1048824%","Yes","","","","","","","","","","","","","","","","",""
"Weyes Blood","Titanic Rising","Album: Titanic Rising/ Artist: Weyes Blood","2019","","100","0.01%","99.1109298%","Yes","","","","","","","","","","","","","","","","",""
"Weyes Blood","Front Row Seat to Earth","Album: Front Row Seat to Earth/ Artist: Weyes Blood","2016","","100","0.01%","99.1169773%","Yes","","","","","","","","","","","","","","","","",""
"Whitney","Light Upon the Lake","Album: Light Upon the Lake/ Artist: Whitney","2016","","100","0.01%","99.1230247%","Yes","","","","","","","","","","","","","","","","",""
"Whitney Houston","My Love Is Your Love","Album: My Love Is Your Love/ Artist: Whitney Houston","1998","","100","0.01%","99.1290721%","Yes","","","","","","","","","","","","","","","","",""
"Why?","Alopecia","Album: Alopecia/ Artist: Why?","2008","","100","0.01%","99.1351195%","Yes","","","","","","","","","","","","","","","","",""
"Wiki & Tony Seltzer","14K Figaro","Album: 14K Figaro/ Artist: Wiki & Tony Seltzer","2023","","100","0.01%","99.1411669%","Yes","","","","","","","","","","","","","","","","",""
"Wilco","Ode to Joy","Album: Ode to Joy/ Artist: Wilco","2019","","100","0.01%","99.1472143%","Yes","","","","","","","","","","","","","","","","",""
"Wilco","Schmilco","Album: Schmilco/ Artist: Wilco","2016","","100","0.01%","99.1532617%","Yes","","","","","","","","","","","","","","","","",""
"Wilco","Star Wars","Album: Star Wars/ Artist: Wilco","2015","","100","0.01%","99.1593091%","Yes","","","","","","","","","","","","","","","","",""
"Wilco","Whole Lotta Love","Album: Whole Lotta Love/ Artist: Wilco","2011","","100","0.01%","99.1653566%","Yes","","","","","","","","","","","","","","","","",""
"Wilco","Sky Blue Sky","Album: Sky Blue Sky/ Artist: Wilco","2007","","100","0.01%","99.1714040%","Yes","","","","","","","","","","","","","","","","",""
"Wilco","A Ghost Is Born","Album: A Ghost Is Born/ Artist: Wilco","2004","","100","0.01%","99.1774514%","Yes","","","","","","","","","","","","","","","","",""
"Wilco","Yankee Hotel Foxtrot","Album: Yankee Hotel Foxtrot/ Artist: Wilco","2001","","100","0.01%","99.1834988%","Yes","","","","","","","","","","","","","","","","",""
"Wilco","Summerteeth","Album: Summerteeth/ Artist: Wilco","1999","","100","0.01%","99.1895462%","Yes","","","","","","","","","","","","","","","","",""
"Wilco","Being There","Album: Being There/ Artist: Wilco","1996","","100","0.01%","99.1955936%","Yes","","","","","","","","","","","","","","","","",""
"Wild Beasts","Smother","Album: Smother/ Artist: Wild Beasts","2011","","100","0.01%","99.2016410%","Yes","","","","","","","","","","","","","","","","",""
"Wild Beasts","Two Dancers","Album: Two Dancers/ Artist: Wild Beasts","2009","","100","0.01%","99.2076884%","Yes","","","","","","","","","","","","","","","","",""
"Wild Nothing","Nocturne","Album: Nocturne/ Artist: Wild Nothing","2012","","100","0.01%","99.2137358%","Yes","","","","","","","","","","","","","","","","",""
"Wild Nothing","Gemini","Album: Gemini/ Artist: Wild Nothing","2010","","100","0.01%","99.2197833%","Yes","","","","","","","","","","","","","","","","",""
"William Basinski","The Disintegration Loops I","Album: The Disintegration Loops I/ Artist: William Basinski","2002","","100","0.01%","99.2258307%","Yes","","","","","","","","","","","","","","","","",""
"William Basinski","The Disintegration Loops II","Album: The Disintegration Loops II/ Artist: William Basinski","2002","","100","0.01%","99.2318781%","Yes","","","","","","","","","","","","","","","","",""
"William Basinski","The Disintegration Loops III","Album: The Disintegration Loops III/ Artist: William Basinski","2002","","100","0.01%","99.2379255%","Yes","","","","","","","","","","","","","","","","",""
"William Basinski","The Disintegration Loops IV","Album: The Disintegration Loops IV/ Artist: William Basinski","2002","","100","0.01%","99.2439729%","Yes","","","","","","","","","","","","","","","","",""
"William Onyeabor","World Psychedelic Classics 5: Who Is William Onyeabor?","Album: World Psychedelic Classics 5: Who Is William Onyeabor?/ Artist: William Onyeabor","2013","","100","0.01%","99.2500203%","Yes","","","","","","","","","","","","","","","","",""
"Willie Nelson","Red Headed Stranger","Album: Red Headed Stranger/ Artist: Willie Nelson","1975","","100","0.01%","99.2560677%","Yes","","","","","","","","","","","","","","","","",""
"WILLOW","empathogen","Album: empathogen/ Artist: WILLOW","2024","","100","0.01%","99.2621151%","Yes","","","","","","","","","","","","","","","","",""
"Willson Picket","A Man And A Half: The Best of Wilson Picket CD1","Album: A Man And A Half: The Best of Wilson Picket CD1/ Artist: Willson Picket","1993","","100","0.01%","99.2681626%","Yes","","","","","","","","","","","","","","","","",""
"Willson Picket","A Man And A Half: The Best of Wilson Picket CD2","Album: A Man And A Half: The Best of Wilson Picket CD2/ Artist: Willson Picket","1993","","100","0.01%","99.2742100%","Yes","","","","","","","","","","","","","","","","",""
"Wipers","Over the Edge","Album: Over the Edge/ Artist: Wipers","1983","","100","0.01%","99.2802574%","Yes","","","","","","","","","","","","","","","","",""
"Wipers","Youth of America","Album: Youth of America/ Artist: Wipers","1981","","100","0.01%","99.2863048%","Yes","","","","","","","","","","","","","","","","",""
"Wipers","Is This Real?","Album: Is This Real?/ Artist: Wipers","1980","","100","0.01%","99.2923522%","Yes","","","","","","","","","","","","","","","","",""
"Wire","154","Album: 154/ Artist: Wire","1979","","100","0.01%","99.2983996%","Yes","","","","","","","","","","","","","","","","",""
"Wire","Chairs Missing","Album: Chairs Missing/ Artist: Wire","1978","","100","0.01%","99.3044470%","Yes","","","","","","","","","","","","","","","","",""
"Wire","Pink Flag","Album: Pink Flag/ Artist: Wire","1977","","100","0.01%","99.3104944%","Yes","","","","","","","","","","","","","","","","",""
"Wishbone Ash","Argus","Album: Argus/ Artist: Wishbone Ash","1972","","100","0.01%","99.3165418%","Yes","","","","","","","","","","","","","","","","",""
"Wolf Alice","Blue Weekend","Album: Blue Weekend/ Artist: Wolf Alice","2021","","100","0.01%","99.3225893%","Yes","","","","","","","","","","","","","","","","",""
"Wolf Alice","Visions of Life","Album: Visions of Life/ Artist: Wolf Alice","2017","","100","0.01%","99.3286367%","Yes","","","","","","","","","","","","","","","","",""
"Wolf Alice","My Life is Cool","Album: My Life is Cool/ Artist: Wolf Alice","2015","","100","0.01%","99.3346841%","Yes","","","","","","","","","","","","","","","","",""
"Wolf Parade","Apologies to the Queen Mary","Album: Apologies to the Queen Mary/ Artist: Wolf Parade","2005","","100","0.01%","99.3407315%","Yes","","","","","","","","","","","","","","","","",""
"Wolves in the Throne Room","Two Hunters","Album: Two Hunters/ Artist: Wolves in the Throne Room","2007","","100","0.01%","99.3467789%","Yes","","","","","","","","","","","","","","","","",""
"Women","Public Strain","Album: Public Strain/ Artist: Women","2010","","100","0.01%","99.3528263%","Yes","","","","","","","","","","","","","","","","",""
"Wonder Girls","Reboot","Album: Reboot/ Artist: Wonder Girls","2015","","100","0.01%","99.3588737%","Yes","","","","","","","","","","","","","","","","",""
"Wormrot ","Hiss","Album: Hiss/ Artist: Wormrot ","2022","","100","0.01%","99.3649211%","Yes","","","","","","","","","","","","","","","","",""
"WU LYF","Go Tell Fire to the Mountain","Album: Go Tell Fire to the Mountain/ Artist: WU LYF","2011","","100","0.01%","99.3709686%","Yes","","","","","","","","","","","","","","","","",""
"Wu-Tang Clan","Wu-Tang Forever","Album: Wu-Tang Forever/ Artist: Wu-Tang Clan","1997","","100","0.01%","99.3770160%","Yes","","","","","","","","","","","","","","","","",""
"Wu-Tang Clan","Enter the Wu-Tang (36 Chambers)","Album: Enter the Wu-Tang (36 Chambers)/ Artist: Wu-Tang Clan","1993","","100","0.01%","99.3830634%","Yes","","","","","","","","","","","","","","","","",""
"X","Wild Gift","Album: Wild Gift/ Artist: X","1981","","100","0.01%","99.3891108%","Yes","","","","","","","","","","","","","","","","",""
"X","Los Angeles","Album: Los Angeles/ Artist: X","1980","","100","0.01%","99.3951582%","Yes","","","","","","","","","","","","","","","","",""
"X-Ray Spex","Germ Free Adolescents","Album: Germ Free Adolescents/ Artist: X-Ray Spex","1978","","100","0.01%","99.4012056%","Yes","","","","","","","","","","","","","","","","",""
"xaev","berdlycore chapter 3","Album: berdlycore chapter 3/ Artist: xaev","2023","","100","0.01%","99.4072530%","Yes","","","","","","","","","","","","","","","","",""
"Xiu Xiu","13"" Frank Beltrame Italian Stiletto with Bison Horn Grips","Album: 13"" Frank Beltrame Italian Stiletto with Bison Horn Grips/ Artist: Xiu Xiu","2024","","100","0.01%","99.4133004%","Yes","","","","","","","","","","","","","","","","",""
"Xiu Xiu","Girl With Basket of Fruit","Album: Girl With Basket of Fruit/ Artist: Xiu Xiu","2018","","100","0.01%","99.4193478%","Yes","","","","","","","","","","","","","","","","",""
"Xiu Xiu","Forget","Album: Forget/ Artist: Xiu Xiu","2017","","100","0.01%","99.4253953%","Yes","","","","","","","","","","","","","","","","",""
"Xiu Xiu","Plays The Music of Twin Peaks","Album: Plays The Music of Twin Peaks/ Artist: Xiu Xiu","2016","","100","0.01%","99.4314427%","Yes","","","","","","","","","","","","","","","","",""
"Xiu Xiu","The Air Force","Album: The Air Force/ Artist: Xiu Xiu","2006","","100","0.01%","99.4374901%","Yes","","","","","","","","","","","","","","","","",""
"Xiu Xiu","Fabulous Muscles","Album: Fabulous Muscles/ Artist: Xiu Xiu","2004","","100","0.01%","99.4435375%","Yes","","","","","","","","","","","","","","","","",""
"Xiu Xiu","A Promise","Album: A Promise/ Artist: Xiu Xiu","2003","","100","0.01%","99.4495849%","Yes","","","","","","","","","","","","","","","","",""
"Xiu Xiu","Knife Play","Album: Knife Play/ Artist: Xiu Xiu","2002","","100","0.01%","99.4556323%","Yes","","","","","","","","","","","","","","","","",""
"XTC","Apple Venus, Volume One","Album: Apple Venus, Volume One/ Artist: XTC","1999","","100","0.01%","99.4616797%","No","","","","","","","","","","","","","","","","",""
"XTC","Skylarking","Album: Skylarking/ Artist: XTC","1986","","100","0.01%","99.4677271%","Yes","","","","","","","","","","","","","","","","",""
"XTC","English Settlement","Album: English Settlement/ Artist: XTC","1982","","100","0.01%","99.4737746%","Yes","","","","","","","","","","","","","","","","",""
"XTC","Black Sea","Album: Black Sea/ Artist: XTC","1980","","100","0.01%","99.4798220%","Yes","","","","","","","","","","","","","","","","",""
"XTC","Drums and Wires","Album: Drums and Wires/ Artist: XTC","1979","","100","0.01%","99.4858694%","Yes","","","","","","","","","","","","","","","","",""
"Yaeji","With A Hammer","Album: With A Hammer/ Artist: Yaeji","2023","","100","0.01%","99.4919168%","Yes","","","","","","","","","","","","","","","","",""
"Yann Tiersen","Amélie","Album: Amélie/ Artist: Yann Tiersen","2001","","100","0.01%","99.4979642%","Yes","","","","","","","","","","","","","","","","",""
"Yard Act","The Overload","Album: The Overload/ Artist: Yard Act","2022","","100","0.01%","99.5040116%","Yes","","","","","","","","","","","","","","","","",""
"Yasunori Mitsuda","Chrono Trigger","Album: Chrono Trigger/ Artist: Yasunori Mitsuda","1995","","100","0.01%","99.5100590%","Yes","","","","","","","","","","","","","","","","",""
"Yeah Yeah Yeahs","Cool it Down","Album: Cool it Down/ Artist: Yeah Yeah Yeahs","2022","","100","0.01%","99.5161064%","Yes","","","","","","","","","","","","","","","","",""
"Yeah Yeah Yeahs","Mosquito","Album: Mosquito/ Artist: Yeah Yeah Yeahs","2014","","100","0.01%","99.5221538%","Yes","","","","","","","","","","","","","","","","",""
"Yeah Yeah Yeahs","It's Blitz","Album: It's Blitz/ Artist: Yeah Yeah Yeahs","2009","","100","0.01%","99.5282013%","Yes","","","","","","","","","","","","","","","","",""
"Yeah Yeah Yeahs","Show Your Bones","Album: Show Your Bones/ Artist: Yeah Yeah Yeahs","2006","","100","0.01%","99.5342487%","Yes","","","","","","","","","","","","","","","","",""
"Yeah Yeah Yeahs","Fever to Tell","Album: Fever to Tell/ Artist: Yeah Yeah Yeahs","2003","","100","0.01%","99.5402961%","Yes","","","","","","","","","","","","","","","","",""
"YELLOW MAGIC ORCHESTRA","Solid State Survivor","Album: Solid State Survivor/ Artist: YELLOW MAGIC ORCHESTRA","1979","","100","0.01%","99.5463435%","Yes","","","","","","","","","","","","","","","","",""
"Yellow Magic Orchestra","Yellow Magic Orchestra","Album: Yellow Magic Orchestra/ Artist: Yellow Magic Orchestra","1979","","100","0.01%","99.5523909%","Yes","","","","","","","","","","","","","","","","",""
"Yellow Magic Orchestra","Yellow Magic Orchestra","Album: Yellow Magic Orchestra/ Artist: Yellow Magic Orchestra","1978","","100","0.01%","99.5584383%","Yes","","","","","","","","","","","","","","","","",""
"Yerin Baek","Every letter i sent you.","Album: Every letter i sent you./ Artist: Yerin Baek","2019","","100","0.01%","99.5644857%","Yes","","","","","","","","","","","","","","","","",""
"Yes","Relayer","Album: Relayer/ Artist: Yes","1974","","100","0.01%","99.5705331%","Yes","","","","","","","","","","","","","","","","",""
"Yes","Close To The Edge","Album: Close To The Edge/ Artist: Yes","1972","","100","0.01%","99.5765806%","Yes","","","","","","","","","","","","","","","","",""
"Yes","Fragile","Album: Fragile/ Artist: Yes","1971","","100","0.01%","99.5826280%","Yes","","","","","","","","","","","","","","","","",""
"Yes","The Yes Album","Album: The Yes Album/ Artist: Yes","1971","","100","0.01%","99.5886754%","Yes","","","","","","","","","","","","","","","","",""
"Yeule","softscars","Album: softscars/ Artist: Yeule","2023","","100","0.01%","99.5947228%","Yes","","","","","","","","","","","","","","","","",""
"Yeule","Serotonin II","Album: Serotonin II/ Artist: Yeule","2019","","100","0.01%","99.6007702%","Yes","","","","","","","","","","","","","","","","",""
"YG","Still Brazy","Album: Still Brazy/ Artist: YG","2016","","100","0.01%","99.6068176%","Yes","","","","","","","","","","","","","","","","",""
"Yo La Tengo","This Stupid World","Album: This Stupid World/ Artist: Yo La Tengo","2023","","100","0.01%","99.6128650%","Yes","","","","","","","","","","","","","","","","",""
"Yo La Tengo","Stuff Like That There","Album: Stuff Like That There/ Artist: Yo La Tengo","2015","","100","0.01%","99.6189124%","Yes","","","","","","","","","","","","","","","","",""
"Yo La Tengo","Fade","Album: Fade/ Artist: Yo La Tengo","2013","","100","0.01%","99.6249598%","Yes","","","","","","","","","","","","","","","","",""
"Yo La Tengo","Popular Songs","Album: Popular Songs/ Artist: Yo La Tengo","2009","","100","0.01%","99.6310073%","Yes","","","","","","","","","","","","","","","","",""
"Yo La Tengo","I Am Not Afraid Of You And I Will Beat Your Ass","Album: I Am Not Afraid Of You And I Will Beat Your Ass/ Artist: Yo La Tengo","2006","","100","0.01%","99.6370547%","Yes","","","","","","","","","","","","","","","","",""
"Yo La Tengo","And Then Nothing Turned Itself Inside-Out","Album: And Then Nothing Turned Itself Inside-Out/ Artist: Yo La Tengo","2000","","100","0.01%","99.6431021%","Yes","","","","","","","","","","","","","","","","",""
"Yo La Tengo","I Can Hear The Heart Beating As One","Album: I Can Hear The Heart Beating As One/ Artist: Yo La Tengo","1997","","100","0.01%","99.6491495%","Yes","","","","","","","","","","","","","","","","",""
"Yo La Tengo","Electr-O-Pura","Album: Electr-O-Pura/ Artist: Yo La Tengo","1995","","100","0.01%","99.6551969%","Yes","","","","","","","","","","","","","","","","",""
"Yo La Tengo","Painful","Album: Painful/ Artist: Yo La Tengo","1993","","100","0.01%","99.6612443%","Yes","","","","","","","","","","","","","","","","",""
"Yo Maté a Tu Perro","El Último Disco de Yo Maté a Tu Perro ","Album: El Último Disco de Yo Maté a Tu Perro / Artist: Yo Maté a Tu Perro","2017","","100","0.01%","99.6672917%","Yes","","","","","","","","","","","","","","","","",""
"Yola","Stand For Myself","Album: Stand For Myself/ Artist: Yola","2021","","100","0.01%","99.6733391%","Yes","","","","","","","","","","","","","","","","",""
"Young Fathers","Heavy Heavy","Album: Heavy Heavy/ Artist: Young Fathers","2023","","100","0.01%","99.6793865%","Yes","","","","","","","","","","","","","","","","",""
"Young Marble Giants","Colossal Youth","Album: Colossal Youth/ Artist: Young Marble Giants","1980","","100","0.01%","99.6854340%","Yes","","","","","","","","","","","","","","","","",""
"Young Thug","Barter 6","Album: Barter 6/ Artist: Young Thug","2015","","100","0.01%","99.6914814%","","","","","","","","","","","","","","","","","",""
"Young Thug","Jeffery","Album: Jeffery/ Artist: Young Thug","2016","","100","0.01%","99.6975288%","Yes","","","","","","","","","","","","","","","","",""
"Young Thug & Carnage","Young Martha","Album: Young Martha/ Artist: Young Thug & Carnage","2017","","100","0.01%","99.7035762%","Yes","","","","","","","","","","","","","","","","",""
"Your Old Droog","Kinison EP","Album: Kinison EP/ Artist: Your Old Droog","2015","","100","0.01%","99.7096236%","Yes","","","","","","","","","","","","","","","","",""
"Youssou N'Dour & Étoile de Dakar","The Rough Guide to Youssou N'Dour & Étoile de Dakar","Album: The Rough Guide to Youssou N'Dour & Étoile de Dakar/ Artist: Youssou N'Dour & Étoile de Dakar","2002","","100","0.01%","99.7156710%","No","","","","","","","","","","","","","","","","",""
"Youth Lagoon","Wondrous Bughouse","Album: Wondrous Bughouse/ Artist: Youth Lagoon","2013","","100","0.01%","99.7217184%","Yes","","","","","","","","","","","","","","","","",""
"Yu Su","Roll With the Punches","Album: Roll With the Punches/ Artist: Yu Su","2019","","100","0.01%","99.7277658%","Yes","","","","","","","","","","","","","","","","",""
"Yuck","Yuck","Album: Yuck/ Artist: Yuck","2011","","100","0.01%","99.7338133%","Yes","","","","","","","","","","","","","","","","",""
"Yucky Duster","Duster's Lament","Album: Duster's Lament/ Artist: Yucky Duster","2017","","100","0.01%","99.7398607%","Yes","","","","","","","","","","","","","","","","",""
"YUKIKA","timeabout,","Album: timeabout,/ Artist: YUKIKA","2021","","100","0.01%","99.7459081%","Yes","","","","","","","","","","","","","","","","",""
"Yung Lean, Bladee","Psykos","Album: Psykos/ Artist: Yung Lean, Bladee","2024","","100","0.01%","99.7519555%","Yes","","","","","","","","","","","","","","","","",""
"Yung Schmoobin","YouTube Money: Resurrection","Album: YouTube Money: Resurrection/ Artist: Yung Schmoobin","2021","","100","0.01%","99.7580029%","No","","","","","","","","","","","","","","","","",""
"YURAGI","Nightlife","Album: Nightlife/ Artist: YURAGI","2017","","100","0.01%","99.7640503%","Yes","","","","","","","","","","","","","","","","",""
"Yusef Lateef","Eastern Sounds","Album: Eastern Sounds/ Artist: Yusef Lateef","1964","","100","0.01%","99.7700977%","Yes","","","","","","","","","","","","","","","","",""
"Yuu Miyake 三宅優","塊魂サウンドトラック「塊フォルテッシモ魂」 (Katamari Damacy Soundtrack: Katamari Fortissimo Damacy)","Album: 塊魂サウンドトラック「塊フォルテッシモ魂」 (Katamari Damacy Soundtrack: Katamari Fortissimo Damacy)/ Artist: Yuu Miyake 三宅優","2004","","100","0.01%","99.7761451%","Yes","","","","","","","","","","","","","","","","",""
"Yves Tumor","Praise A Lord Who Chews But Which Does Not Consume; (Or Simply, Hot Between Worlds)","Album: Praise A Lord Who Chews But Which Does Not Consume; (Or Simply, Hot Between Worlds)/ Artist: Yves Tumor","2023","","100","0.01%","99.7821925%","Yes","","","","","","","","","","","","","","","","",""
"Yves Tumor","The Asymptotical World","Album: The Asymptotical World/ Artist: Yves Tumor","2021","","100","0.01%","99.7882400%","Yes","","","","","","","","","","","","","","","","",""
"Yves Tumor","Kersone!","Album: Kersone!/ Artist: Yves Tumor","2024","","100","0.01%","99.7942874%","","","","","","","","","","","","","","","","","",""
"Yves Tumor","Heaven To A Tortured Mind","Album: Heaven To A Tortured Mind/ Artist: Yves Tumor","2020","","100","0.01%","99.8003348%","Yes","","","","","","","","","","","","","","","","",""
"Yves Tumor","Safe In The Hands Of Love","Album: Safe In The Hands Of Love/ Artist: Yves Tumor","2018","","100","0.01%","99.8063822%","Yes","","","","","","","","","","","","","","","","",""
"Zach Bryan","Self-Titled","Album: Self-Titled/ Artist: Zach Bryan","2023","","100","0.01%","99.8124296%","Yes","","","","","","","","","","","","","","","","",""
"Zappa","Joe's Garage CD1","Album: Joe's Garage CD1/ Artist: Zappa","1987","","100","0.01%","99.8184770%","Yes","","","","","","","","","","","","","","","","",""
"Zappa","Joe's Garage CD2","Album: Joe's Garage CD2/ Artist: Zappa","1987","","100","0.01%","99.8245244%","Yes","","","","","","","","","","","","","","","","",""
"Zeal & Ardor","Stranger Fruit","Album: Stranger Fruit/ Artist: Zeal & Ardor","2018","","100","0.01%","99.8305718%","Yes","","","","","","","","","","","","","","","","",""
"Zoe","MTV Unplugged","Album: MTV Unplugged/ Artist: Zoe","2002","","100","0.01%","99.8366193%","Yes","","","","","","","","","","","","","","","","",""
"Zurdok","Hombre Sintetizador","Album: Hombre Sintetizador/ Artist: Zurdok","1999","","100","0.01%","99.8426667%","Yes","","","","","","","","","","","","","","","","",""
"ZZ Top","Tres Hombres","Album: Tres Hombres/ Artist: ZZ Top","1973","","100","0.01%","99.8487141%","Yes","","","","","","","","","","","","","","","","",""
"µ-Ziq","Lunatic Harness","Album: Lunatic Harness/ Artist: µ-Ziq","1997","","100","0.01%","99.8547615%","Yes","","","","","","","","","","","","","","","","",""
"가장 보통의 존재","Sister's Barbershop 언니네이발관","Album: Sister's Barbershop 언니네이발관/ Artist: 가장 보통의 존재","2008","","100","0.01%","99.8608089%","Yes","","","","","","","","","","","","","","","","",""
"공중도둑 (Mid-Air Thief)","Crumbling","Album: Crumbling/ Artist: 공중도둑 (Mid-Air Thief)","2015","","100","0.01%","99.8668563%","Yes","","","","","","","","","","","","","","","","",""
"공중도둑 (Mid-Air Thief)","공중도덕 (Gongjoong Doduk)","Album: 공중도덕 (Gongjoong Doduk)/ Artist: 공중도둑 (Mid-Air Thief)","2015","","100","0.01%","99.8729037%","Yes","","","","","","","","","","","","","","","","",""
"아버지 [father]","흰색 죽음","Album: 흰색 죽음/ Artist: 아버지 [father]","2015","","100","0.01%","99.8789511%","Yes","","","","","","","","","","","","","","","","",""
"파란노을 [Parannoul]","After The Magic","Album: After The Magic/ Artist: 파란노을 [Parannoul]","2024","","100","0.01%","99.8849985%","Yes","","","","","","","","","","","","","","","","",""
"파란노을 [Parannoul]","After The Night","Album: After The Night/ Artist: 파란노을 [Parannoul]","2023","","100","0.01%","99.8910460%","Yes","","","","","","","","","","","","","","","","",""
"파란노을 [Parannoul]","Sky Hundred","Album: Sky Hundred/ Artist: 파란노을 [Parannoul]","2024","","100","0.01%","99.8970934%","Yes","","","","","","","","","","","","","","","","",""
"ミドリ [Midori]","Hello Everyone. Nice to Meet you. We are Midori","Album: Hello Everyone. Nice to Meet you. We are Midori/ Artist: ミドリ [Midori]","2008","","100","0.01%","99.9031408%","Yes","","","","","","","","","","","","","","","","",""
"平沢進 [Susumu Hirasawa]","救済の技法 [Technique Of Relief]","Album: 救済の技法 [Technique Of Relief]/ Artist: 平沢進 [Susumu Hirasawa]","1998","","100","0.01%","99.9091882%","Yes","","","","","","","","","","","","","","","","",""
"椎名林檎 [Sheena Ringo]","加爾基 精液 栗ノ花 (Kalk Samen Kuri no Hana)","Album: 加爾基 精液 栗ノ花 (Kalk Samen Kuri no Hana)/ Artist: 椎名林檎 [Sheena Ringo]","2003","","100","0.01%","99.9152356%","Yes","","","","","","","","","","","","","","","","",""
"椎名林檎 [Sheena Ringo]","Shoso Strip","Album: Shoso Strip/ Artist: 椎名林檎 [Sheena Ringo]","2000","","100","0.01%","99.9212830%","Yes","","","","","","","","","","","","","","","","",""
"椎名林檎 [Sheena Ringo]","Muzai Moratorium","Album: Muzai Moratorium/ Artist: 椎名林檎 [Sheena Ringo]","1999","","100","0.01%","99.9273304%","Yes","","","","","","","","","","","","","","","","",""
"椎名林檎 × 斎藤ネコ","平成風俗 (Heisei fūzoku)","Album: 平成風俗 (Heisei fūzoku)/ Artist: 椎名林檎 × 斎藤ネコ","2007","","100","0.01%","99.9333778%","Yes","","","","","","","","","","","","","","","","",""
"王若琳 [Joanna Wang]","破爛酒店 [Hotel La Rut]","Album: 破爛酒店 [Hotel La Rut]/ Artist: 王若琳 [Joanna Wang]","2024","","100","0.01%","99.9394253%","Yes","","","","","","","","","","","","","","","","",""
"芸能山城組 [Geinoh Yamashirogumi]","Symphonic Suite AKIRA","Album: Symphonic Suite AKIRA/ Artist: 芸能山城組 [Geinoh Yamashirogumi]","1988","","100","0.01%","99.9454727%","Yes","","","","","","","","","","","","","","","","",""
"青葉市子 [Ichiko Aoba]","Windswept Adan","Album: Windswept Adan/ Artist: 青葉市子 [Ichiko Aoba]","2022","","100","0.01%","99.9515201%","Yes","","","","","","","","","","","","","","","","",""
"青葉市子 [Ichiko Aoba]","マホロボシヤ (Mahoroboshiya)","Album: マホロボシヤ (Mahoroboshiya)/ Artist: 青葉市子 [Ichiko Aoba]","2020","","100","0.01%","99.9575675%","Yes","","","","","","","","","","","","","","","","",""
"青葉市子 [Ichiko Aoba]","qp","Album: qp/ Artist: 青葉市子 [Ichiko Aoba]","2018","","100","0.01%","99.9636149%","Yes","","","","","","","","","","","","","","","","",""
"青葉市子 [Ichiko Aoba]","0","Album: 0/ Artist: 青葉市子 [Ichiko Aoba]","2013","","100","0.01%","99.9696623%","Yes","","","","","","","","","","","","","","","","",""
"青葉市子 [Ichiko Aoba]","うたびこ (Utabiko)","Album: うたびこ (Utabiko)/ Artist: 青葉市子 [Ichiko Aoba]","2012","","100","0.01%","99.9757097%","Yes","","","","","","","","","","","","","","","","",""
"青葉市子 [Ichiko Aoba]","檻髪 (Origami)","Album: 檻髪 (Origami)/ Artist: 青葉市子 [Ichiko Aoba]","2011","","100","0.01%","99.9817571%","Yes","","","","","","","","","","","","","","","","",""
"青葉市子 [Ichiko Aoba]","剃刀乙女 (Kamisori Otome)","Album: 剃刀乙女 (Kamisori Otome)/ Artist: 青葉市子 [Ichiko Aoba]","2010","","100","0.01%","99.9878045%","Yes","","","","","","","","","","","","","","","","",""
"","冀西南林路行 (Inside The Cable Temple)","Album: 冀西南林路行 (Inside The Cable Temple)/ Artist: ","2020","","100","0.01%","99.9938520%","Yes","","","","","","","","","","","","","","","","",""
"","The Year of Hibernation","Album: The Year of Hibernation/ Artist: ","2011","","100","0.01%","99.9998994%","Yes","","","","","","","","","","","","","","","","",""